Top queries,Clicks,Impressions,CTR,Position
johnson law group,231,6078,3.8%,5.98
johnson law group colorado,75,233,32.19%,1.32
johnson law group denver,70,341,20.53%,3.25
johnson law group colorado springs,38,160,23.75%,1.04
"johnson law group, llc",32,489,6.54%,2.65
johnson law group llc,30,132,22.73%,2.28
johnson o'keefe,26,119,21.85%,1.87
johnson law group commerce city,21,118,17.8%,4.56
heidi whitaker,21,106,19.81%,2.02
said sharbini,19,61,31.15%,1.9
johnson family law,14,243,5.76%,21.13
divorce lawyer,13,58096,0.02%,7.23
johnson law group careers,13,127,10.24%,4.44
johnson law firm,12,350,3.43%,9.41
family lawyer,11,59068,0.02%,10.13
johnson law group chicago,10,370,2.7%,4.34
civil union colorado,9,233,3.86%,6.99
kristina contreras,9,81,11.11%,3.28
johnson legal group,7,108,6.48%,12.74
colorado civil union,7,90,7.78%,4.76
jason thacher,7,44,15.91%,2.57
immigration lawyer,6,30859,0.02%,10.26
johnson law,6,719,0.83%,7.03
johnsonlawgroup,6,406,1.48%,4.39
parental alienation colorado,6,158,3.8%,11.96
civil union in colorado,6,94,6.38%,3.9
heidi whitaker attorney,6,15,40%,1
who is the petitioner in a divorce,5,968,0.52%,3.58
johnson law group reviews,5,393,1.27%,7.14
post nuptial agreement colorado,5,169,2.96%,5.12
johnson law group phone number,5,123,4.07%,4.8
guardian ad litem,4,1201,0.33%,8.15
colorado child custody laws,4,588,0.68%,20.3
johnson law group englewood,4,33,12.12%,1.03
jessica lasky attorney,4,11,36.36%,2.09
is colorado a community property state,3,4181,0.07%,9.93
colorado custody laws,3,797,0.38%,18.6
petitioner vs respondent in divorce,3,492,0.61%,3.83
taylor brice,3,293,1.02%,6.08
child support lawyers chicago,3,202,1.49%,9.84
what is a civil union in colorado,3,167,1.8%,3.49
emergency guardianship colorado,3,153,1.96%,8.74
petitioner meaning in divorce,3,133,2.26%,3.14
how long does a father have to be absent to lose his rights in colorado,3,96,3.12%,5.9
things to do in colorado springs,3,66,4.55%,2.26
colorado civil unions,3,32,9.38%,7.16
johnson law llc,3,31,9.68%,4.35
johnson okeefe,3,14,21.43%,1.57
family support registry,2,5857,0.03%,8.49
divorce lawyers near me,2,1534,0.13%,33.69
community property states,2,427,0.47%,21.55
johnson law group cleveland,2,406,0.49%,6.1
divorce lawyers cheyenne wy,2,278,0.72%,11.16
family law attorney fort collins,2,278,0.72%,14.13
guardian ad litem colorado,2,267,0.75%,8.59
custodial parent,2,263,0.76%,16.47
child custody lawyers denver,2,216,0.93%,12.22
family law firms near me,2,171,1.17%,23.49
family law attorneys colorado springs free consultation,2,139,1.44%,12.73
colorado alimony calculator,2,130,1.54%,12.02
johnson lawgroup,2,116,1.72%,50.22
50/50 custody,2,91,2.2%,16.66
johnson law office,2,86,2.33%,14.19
who is the petitioner in a divorce case,2,77,2.6%,3.18
johnsons law group,2,74,2.7%,5.14
divorce lawyers cheyenne,2,72,2.78%,5.76
family law cheyenne wy,2,69,2.9%,6.25
what is a petitioner in a divorce,2,67,2.99%,3.19
petitioner in divorce meaning,2,55,3.64%,2.98
colorado abandonment laws,2,49,4.08%,5.18
anne hinds,2,46,4.35%,1.57
colorado coercive control law,2,45,4.44%,7.62
wyoming alimony laws,2,40,5%,5
johnson law group llc reviews,2,37,5.41%,2.89
nick johnson attorney,2,28,7.14%,17.71
johnson o keefe,2,20,10%,13.5
is it better to be petitioner or respondent in divorce,2,18,11.11%,2.06
alienation parental,2,9,22.22%,2.11
aliénation parentale exemple,2,8,25%,2.25
law office,2,6,33.33%,8
family law attorney,1,9611,0.01%,50.81
divorce attorney,1,4981,0.02%,52.04
divorce attorney near me,1,3917,0.03%,28.45
divorce lawyer near me,1,2831,0.04%,31.82
child support lawyer,1,2318,0.04%,20.06
family law attorney near me,1,2241,0.04%,25.46
denver divorce lawyer,1,2004,0.05%,30.8
englewood divorce lawyer,1,1788,0.06%,4.66
divorce attorney denver,1,1474,0.07%,33.68
child custody lawyer colorado springs,1,1029,0.1%,20.28
child custody lawyers near me,1,948,0.11%,17.49
divorce lawyers,1,786,0.13%,47.57
johnson llc,1,755,0.13%,1.14
child custody lawyer colorado,1,694,0.14%,25
lawyer near me,1,644,0.16%,10.35
petitioner vs respondent meaning,1,625,0.16%,8.27
divorce lawyer fort collins,1,607,0.16%,15.19
common law marriage colorado,1,599,0.17%,31.42
fathers rights illinois,1,462,0.22%,10.28
divorce lawyers denver,1,458,0.22%,27.38
what is civil union,1,429,0.23%,9.68
divorce attorney fort collins,1,403,0.25%,22.2
dissolution vs divorce,1,382,0.26%,14.81
child support calculator colorado,1,360,0.28%,26.46
separation agreement colorado,1,352,0.28%,15.01
chicago family law attorney,1,342,0.29%,22.1
how to avoid alimony in colorado,1,318,0.31%,17.82
colorado alimony,1,315,0.32%,30.54
family law attorney chicago free consultation,1,297,0.34%,9.26
what age can a child choose which parent to live with in colorado,1,292,0.34%,17.22
how much is a divorce in colorado,1,289,0.35%,10.36
child custody laws in colorado,1,288,0.35%,14.75
dissolution of marriage vs divorce,1,286,0.35%,14.34
cheyenne divorce attorney,1,274,0.36%,17.89
colorado guardianship,1,271,0.37%,16.42
custody in colorado,1,265,0.38%,48.34
fsr colorado login,1,250,0.4%,8.05
protection order attorney colorado springs,1,240,0.42%,24.7
how to establish paternity in colorado,1,234,0.43%,6.28
colorado springs,1,233,0.43%,3.73
fort collins family attorney,1,221,0.45%,15.24
parental rights in colorado,1,220,0.45%,29.39
who is the respondent in a divorce,1,216,0.46%,3.59
is a dissolution of marriage the same as a divorce,1,214,0.47%,13.14
family law attorney cheyenne wy,1,213,0.47%,10.23
how to prove common law marriage in colorado,1,199,0.5%,40.01
custody lawyers denver,1,196,0.51%,17.83
how long does a divorce take in colorado,1,189,0.53%,20.72
fathers rights in illinois,1,179,0.56%,13.02
colorado domestic partnership,1,179,0.56%,13.19
divorce lawyer commerce city,1,170,0.59%,11.84
family law firms denver,1,166,0.6%,33.25
dissolution of marriage,1,163,0.61%,9.04
family support registry login,1,154,0.65%,7.53
myles johnson,1,139,0.72%,8.24
how much does it cost to get a divorce if both parties agree,1,128,0.78%,19.09
in a divorce who is the petitioner,1,127,0.79%,3.11
non custodial parent,1,125,0.8%,7.12
paternity attorneys denver,1,118,0.85%,12.81
what is a civil protection order,1,112,0.89%,43.62
legal separation vs divorce colorado,1,110,0.91%,34.24
colorado divorce,1,109,0.92%,23.29
petitioner of divorce,1,93,1.08%,3.45
child abandonment colorado,1,88,1.14%,9.58
child support enforcement,1,88,1.14%,10.52
which makes protection orders enforceable across state lines,1,83,1.2%,4.4
what is a petitioner in a court case,1,82,1.22%,14.49
how long does an uncontested divorce take,1,80,1.25%,25.05
divorce petitioner vs respondent,1,79,1.27%,2.87
unfit mother examples,1,79,1.27%,9.08
domestic partnership vs common law marriage in colorado,1,79,1.27%,12.11
divorce attorneys in colorado,1,75,1.33%,28.19
the johnson law firm,1,74,1.35%,14.61
what does custodial parent mean,1,73,1.37%,6.11
who gets custody in a divorce,1,73,1.37%,12.26
who is petitioner in divorce,1,70,1.43%,3.1
intestate,1,70,1.43%,10.64
johnson law group photos,1,69,1.45%,4.28
divorce lawyers free consultation,1,69,1.45%,14.84
temporary guardianship colorado,1,61,1.64%,7.1
moving out of state with child no custody agreement colorado,1,60,1.67%,4.53
fathers rights chicago,1,59,1.69%,7.17
immigration lawyer colorado,1,57,1.75%,49.75
can you get divorced without a lawyer,1,56,1.79%,8.59
colorado grandparents rights,1,56,1.79%,27.07
johnson's law group,1,52,1.92%,5.19
skilled family attorney in usa,1,52,1.92%,42.54
is it better to be the petitioner or the respondent in a divorce,1,51,1.96%,2.94
does colorado recognize domestic partnerships,1,50,2%,7.7
colorado child laws,1,49,2.04%,9.16
johnson law group nicaragua,1,49,2.04%,9.67
colorado guardianship of minor,1,48,2.08%,9.58
how much is child support,1,45,2.22%,10.76
johnson criminal law group,1,45,2.22%,15.53
modification of child support colorado,1,43,2.33%,13.91
johnson and johnson law,1,41,2.44%,4.39
motion to modify child support colorado,1,40,2.5%,10.12
defendant in divorce,1,40,2.5%,11.1
emergency motion to restrict parenting time colorado,1,38,2.63%,8.87
signs of reconciliation after separation,1,38,2.63%,11.5
custody lawyers in denver,1,38,2.63%,24.21
free consultation family lawyer,1,37,2.7%,7
colorado guardian ad litem,1,37,2.7%,12.62
temporary guardianship without court,1,37,2.7%,15.84
coercive control colorado,1,36,2.78%,10.94
gun trust colorado,1,35,2.86%,9.51
minimum child support in colorado,1,34,2.94%,4.76
what is the petitioner in a divorce,1,33,3.03%,2.61
robert perrone attorney,1,33,3.03%,7.7
what does a civil union mean,1,33,3.03%,9.21
what is a petitioner and respondent,1,33,3.03%,10.7
respondent divorce,1,29,3.45%,8.72
free consultation divorce lawyers near me,1,29,3.45%,23
johnson johnson law firm,1,28,3.57%,10.86
family law colorado,1,28,3.57%,44.82
child support lawyers for fathers,1,25,4%,13.56
johnson and johnson attorney,1,24,4.17%,8.08
wyoming divorce attorneys,1,23,4.35%,30.43
johnson law group llc denver reviews,1,22,4.55%,3.27
what is considered a civil union,1,22,4.55%,10
johnson group law firm,1,21,4.76%,4.81
coercive control law colorado,1,21,4.76%,7.33
jessica johnson attorney,1,21,4.76%,17.62
do i have to pay child support if my child lives in another country,1,19,5.26%,8.74
free divorce consultation near me,1,19,5.26%,15.21
johnson law geoup,1,18,5.56%,4.56
how does 50/50 custody work,1,18,5.56%,16.83
johnson law group jobs,1,17,5.88%,4.94
90 day separation,1,17,5.88%,7.41
family lawyers near me free consultation,1,17,5.88%,7.65
high conflict divorce attorney near me,1,17,5.88%,18
johnson and johnson attorneys at law,1,17,5.88%,26.29
prenup lawyer,1,16,6.25%,7.06
proving mental illness in divorce,1,16,6.25%,12.75
divorce lawyers with free consultation near me,1,14,7.14%,13.43
family law attorney greeley,1,13,7.69%,45.92
"johnson law group, llc reviews",1,12,8.33%,2.33
50/50 parenting plan,1,12,8.33%,11.5
how to get out of alimony,1,12,8.33%,20.33
david johnson attorney,1,12,8.33%,37.92
father lawyers,1,11,9.09%,8.45
fathers rights attorney free consultation,1,11,9.09%,8.64
motion to change parenting time,1,11,9.09%,9.55
child support arrears,1,11,9.09%,17.18
timothy johnson attorney,1,11,9.09%,32.55
lara rausch,1,10,10%,6.7
johnson law firm pc,1,10,10%,16
aggressive child custody attorney near me,1,10,10%,18.6
how to enforce child support,1,10,10%,21.1
todd johnson attorney,1,10,10%,25.8
coercive control colorado law,1,9,11.11%,6.56
child abandonment laws colorado,1,9,11.11%,6.78
johnson and morris law firm,1,8,12.5%,1.75
affidavit of domestic partnership colorado,1,8,12.5%,9
how to get 50/50 custody,1,8,12.5%,10.88
name change lawyer near me,1,8,12.5%,13.38
giving up parental rights,1,8,12.5%,16.75
how to file child abandonment charges,1,8,12.5%,16.75
high conflict custody attorney near me,1,7,14.29%,2.86
divorce attorneys cheyenne wy,1,7,14.29%,5.86
father rights lawyers,1,7,14.29%,6.57
colorado divorce custody laws,1,7,14.29%,7.43
can i get child support if the father is in mexico,1,7,14.29%,7.57
law firm,1,7,14.29%,7.71
how to apply for domestic partnership,1,7,14.29%,20.86
family attorney in denver,1,7,14.29%,58.29
reconciliation,1,6,16.67%,3
divorce how much does it cost,1,6,16.67%,5
heidi whittaker,1,6,16.67%,6.5
family law disputes,1,6,16.67%,7
why is there a 90 day waiting period for divorce,1,6,16.67%,8
johnsonlaw group,1,6,16.67%,8.33
signs of reconciliation,1,6,16.67%,11.33
johnson law plc,1,6,16.67%,24.33
uncontested divorce meaning,1,5,20%,2.2
"""johnson law group""",1,5,20%,2.4
temporary emergency guardianship,1,5,20%,4.2
johnson brothers law,1,5,20%,22.2
how long does it take to terminate parental rights,1,5,20%,57.6
myles johnson attorney,1,4,25%,1.75
how long does permanent guardianship last,1,4,25%,3
protective order attorney near me,1,4,25%,11.5
what is considered parental alienation,1,3,33.33%,3
johnson law group illinois,1,3,33.33%,3.33
abogados para divorcios,1,3,33.33%,5
how do you file for divorce without a lawyer,1,3,33.33%,9.33
child support enforcement office,1,3,33.33%,10.33
www.coloradojudicial.gov,1,3,33.33%,16.33
"johnson law, p.c.",1,3,33.33%,17
how to become domestic partners,1,3,33.33%,24
petition of guardianship,1,3,33.33%,25.33
aggressive family lawyers near me,1,2,50%,1
civil attorney,1,2,50%,1
how much does a surviving divorced spouse get from social security,1,2,50%,1.5
how long does a separation agreement take,1,2,50%,2.5
lawyer alimony,1,2,50%,2.5
best female divorce lawyers near me,1,2,50%,6
law internships for highschoolers,1,2,50%,6
substance abuse,1,2,50%,6.5
immigration lawyer online consultation,1,2,50%,7
father custody attorney,1,2,50%,8
how much is child support a month,1,2,50%,8
can you sign the birth certificate later,1,2,50%,10.5
how to prove domestic partnership,1,2,50%,10.5
what is a community state,1,2,50%,18.5
divorce attorney brighton,1,1,100%,1
divorce lawyer near me for women,1,1,100%,1
lawyer consultant near me,1,1,100%,1
low cost lawyers,1,1,100%,1
real estate attorney denver free consultation,1,1,100%,1
why is divorce so hard,1,1,100%,1
alienation parentale de la mere,1,1,100%,2
can a parent give temporary guardianship to another person,1,1,100%,2
corporate divorce lawyers,1,1,100%,2
englewood family lawyer,1,1,100%,2
if my boyfriend moved in is he entitled to half my house,1,1,100%,2
is it better to be the one who files for divorce,1,1,100%,2
jg law,1,1,100%,2
qualifications for domestic partnership,1,1,100%,2
responding to divorce papers,1,1,100%,2
should we separate or divorce,1,1,100%,2
what does an annulment do,1,1,100%,2
what is temporary guardianship,1,1,100%,2
"how long is the average relationship after divorce? tell me more about 
rebound relationships",1,1,100%,3
le divorce pour altération définitive du lien conjugal,1,1,100%,3
how to take rights away from a father,1,1,100%,4
local child support agency,1,1,100%,4
what age does a child need to be to decide which parent they live with,1,1,100%,6
douglas county,1,1,100%,7
marriage maintenance calculator,1,1,100%,7
highly rated divorce attorneys,1,1,100%,8
how much does it cost to go to court for child support,1,1,100%,8
not receiving child support,1,1,100%,8
what percentage of your income is child support,1,1,100%,10
community property rights,1,1,100%,11
what qualifies for a protection order,1,1,100%,11
african american divorce attorney near me,1,1,100%,21
shannon o keefe children,1,1,100%,21
what does a judge look for in a child custody case,1,1,100%,21
jane law firm,1,1,100%,100
attorney denver colorado,1,1,100%,141
what is a civil union,0,206799,0%,5.22
family law attorneys,0,6069,0%,54.76
petitioner vs respondent,0,5437,0%,7.63
child custody lawyer,0,3714,0%,13.03
child custody attorney,0,2904,0%,15.59
denver child custody lawyer,0,2809,0%,17.21
family support registry colorado,0,2718,0%,9.93
family law lawyer,0,2669,0%,33.1
family lawyer near me,0,2142,0%,33.11
family law lawyers,0,2114,0%,41.55
family law firm,0,2003,0%,42.27
petitioner meaning,0,1969,0%,10.49
child support registry,0,1929,0%,9.69
family attorney,0,1893,0%,47.93
colorado child support registry,0,1857,0%,10.73
family lawyers near me,0,1714,0%,16.59
family law attorneys near me,0,1620,0%,25.28
fsr colorado,0,1616,0%,9.81
divorce attorneys,0,1584,0%,61.9
family lawyer englewood,0,1583,0%,2.31
family attorney near me,0,1542,0%,25.37
family law attorney chicago,0,1448,0%,19.04
family lawyers,0,1359,0%,21.8
family law attorney denver,0,1341,0%,28.08
family law lawyer near me,0,1294,0%,18.23
denver family law attorney,0,1279,0%,32.14
child custody lawyer denver,0,1276,0%,18.95
child custody attorney denver,0,1266,0%,15.1
denver child custody attorney,0,1263,0%,19.88
respondent vs petitioner,0,1239,0%,6.35
civil union,0,1196,0%,9.16
spousal support attorney denver,0,1168,0%,14.64
colorado family support registry,0,1159,0%,9.62
colorado divorce law,0,1128,0%,26.16
spousal support lawyer colorado,0,1113,0%,19.97
petitioner,0,1099,0%,7.35
child custody lawyers,0,1094,0%,18.11
family law lawyer chicago,0,1082,0%,27.37
spousal support lawyer denver,0,1066,0%,14.27
colorado,0,1048,0%,4.08
denver divorce attorney,0,1039,0%,32.45
child support lawyer denver,0,1033,0%,34.54
denver custody attorney,0,1023,0%,18.22
whats a civil union,0,1011,0%,10.32
common reasons for divorce,0,990,0%,7.72
custody lawyer denver,0,987,0%,17.12
family law lawyers near me,0,982,0%,23.01
divorce attorneys near me,0,980,0%,49.7
colorado divorce laws,0,971,0%,26.1
petitioner and respondent,0,938,0%,10.27
family lawyer denver,0,921,0%,30.97
fathers rights lawyer,0,900,0%,11.89
divorce lawyer denver,0,842,0%,30.48
child custody colorado,0,835,0%,31.51
custody attorney near me,0,825,0%,39.65
child support lawyers,0,823,0%,17.94
child support attorney chicago,0,822,0%,14.48
child support attorney,0,809,0%,18.02
cost of divorce in colorado,0,780,0%,21.45
uncontested divorce colorado,0,764,0%,45.02
petitioner and respondent meaning,0,754,0%,10.02
custody attorney denver,0,754,0%,18.23
child custody attorney near me,0,748,0%,16.1
family attorneys,0,722,0%,49.59
denver family lawyer,0,720,0%,31.13
child support lawyer chicago,0,717,0%,16.72
domestic partnership lawyer,0,713,0%,51.88
alimony lawyer,0,707,0%,16.66
child custody law firm denver,0,695,0%,18.5
how much does a divorce cost in colorado,0,685,0%,14.27
best interest of the child,0,681,0%,7.33
denver immigration lawyer,0,679,0%,17.24
best divorce attorney denver,0,675,0%,27.84
alimony lawyer colorado,0,673,0%,18.66
denver child support lawyer,0,668,0%,35.24
custody lawyer,0,662,0%,14.29
custody lawyers near me,0,660,0%,16.33
child custody lawyer near me,0,660,0%,17.48
best family law attorney denver,0,657,0%,16.96
spousal support lawyer,0,653,0%,18.57
child support lawyers near me,0,652,0%,16.64
family attorney denver,0,652,0%,32.38
child support attorney denver,0,649,0%,33.08
fathers rights attorney,0,644,0%,11.52
divorce attorneys denver,0,637,0%,31.23
divorce lawyer colorado springs,0,635,0%,30.94
immigration attorney near me,0,629,0%,27.41
colorado springs child custody lawyer,0,617,0%,28.54
colorado divorce attorney,0,615,0%,28.64
custody attorney,0,610,0%,13.46
family lawyer colorado springs,0,609,0%,27.67
how to annul a marriage in colorado,0,608,0%,17.63
fort collins child custody lawyer,0,598,0%,21.08
denver child support attorney,0,595,0%,38.23
divorce lawyer denver co,0,593,0%,38.39
spousal support attorney colorado,0,587,0%,12.76
business lawyer,0,576,0%,1.53
alimony attorney colorado,0,572,0%,17.42
guardianship colorado,0,568,0%,12.14
types of wills,0,564,0%,33.9
fort collins child support lawyer,0,558,0%,15.99
colorado fsr,0,552,0%,9.53
custody lawyer colorado springs,0,548,0%,40.3
colorado community property state,0,544,0%,17.5
child custody attorney colorado,0,540,0%,19.07
divorce attorney colorado springs,0,540,0%,42.95
what is a guardian ad litem,0,536,0%,9.15
alimony in colorado,0,534,0%,24.75
colorado springs divorce lawyer,0,526,0%,40.59
colorado springs divorce attorney,0,518,0%,43.7
fort collins divorce lawyer,0,517,0%,21.17
custody lawyer colorado,0,516,0%,18.79
child custody attorneys,0,514,0%,15.96
chicago family lawyer,0,511,0%,26.86
colorado paternity laws,0,508,0%,15.04
domestic partnership attorney,0,507,0%,53.82
irrevocable trust colorado,0,499,0%,22.14
is colorado a no fault divorce state,0,497,0%,20.97
divorce lawyer colorado,0,494,0%,33.4
family lawyer chicago,0,481,0%,32.38
paternity lawyer chicago,0,477,0%,18.9
custody modification lawyer chicago,0,474,0%,17.66
chicago child support lawyer,0,470,0%,12.13
best denver divorce attorney,0,470,0%,24.12
paternity attorney chicago,0,468,0%,22.23
family law lawyer denver,0,467,0%,31.04
divorce in colorado,0,467,0%,32.79
chicago family law lawyer,0,465,0%,23.68
joint will attorney,0,465,0%,71.35
family lawyer denver colorado,0,461,0%,26.99
child custody attorneys near me,0,457,0%,16.93
divorce without attorneys,0,456,0%,10.58
colorado irrevocable trust,0,456,0%,24.19
denver family law lawyer,0,456,0%,30.59
petitioner in divorce,0,453,0%,10.37
last will and testament,0,453,0%,34.65
when does child support end in colorado,0,452,0%,17.48
child support attorney near me,0,452,0%,22.17
denver property division lawyer,0,450,0%,5.86
how to file for divorce in colorado,0,446,0%,43.46
custody lawyers,0,444,0%,24.25
denver divorce lawyers,0,442,0%,37.15
alimony law firm colorado,0,440,0%,21.22
family registry,0,439,0%,8.82
property division lawyer denver,0,438,0%,7.65
immigration lawyer near me,0,438,0%,41.92
best divorce lawyer denver,0,436,0%,24.24
top divorce attorney denver,0,431,0%,31.88
family attorneys near me,0,429,0%,43.29
child custody lawyer chicago,0,428,0%,32.88
order of protection lawyer,0,426,0%,53.44
divorce attorney denver colorado,0,424,0%,33.49
motion to restrict parenting time colorado,0,422,0%,25.41
how much does a will cost in colorado,0,418,0%,12.73
uncontested divorce wyoming,0,416,0%,8.5
alimony lawyer denver,0,415,0%,22.86
divorce lawyer denver colorado,0,415,0%,26.31
denver uncontested divorce,0,414,0%,18.82
family law law firm,0,414,0%,33.15
family lawyer fort collins,0,413,0%,15.82
uncontested divorce denver,0,412,0%,21.05
property division lawyer,0,407,0%,29.12
denver family attorney,0,406,0%,35.83
family immigration attorney grand junction,0,405,0%,41.53
colorado revocable vs. irrevocable trusts,0,403,0%,7.09
is colorado community property state,0,403,0%,17.96
guardianship,0,403,0%,18.51
custody modification attorney chicago,0,403,0%,19.24
spousal support law firm colorado,0,403,0%,23.89
protection order colorado springs,0,403,0%,45.12
clayton prenuptial agreement attorneys,0,401,0%,1.05
divorce proceedings meaning,0,398,0%,7.82
how much does probate cost in colorado,0,397,0%,4.07
spousal support colorado,0,396,0%,42.41
do i need a divorce lawyer,0,393,0%,22.95
child support registry colorado,0,391,0%,10.46
fort collins divorce attorney,0,391,0%,23.62
same sex divorce lawyer chicago,0,389,0%,29.65
high net worth divorce attorneys denver,0,387,0%,16.06
is johnson law group legit,0,386,0%,8.4
how to create a will in colorado,0,386,0%,39.81
divorce attorney denver co,0,383,0%,35.52
property division attorney denver,0,381,0%,10.08
divorce laws in colorado,0,381,0%,34.87
who is the plaintiff in a divorce,0,379,0%,10.85
same sex divorce attorney chicago,0,379,0%,31.21
commerce city attorney,0,376,0%,8.23
family law law firm near me,0,376,0%,12.89
child support law firm colorado,0,374,0%,22.19
military divorce wyoming,0,373,0%,9.57
what is petitioner and respondent,0,372,0%,9.88
family law firm denver,0,372,0%,35.06
child custody attorney chicago,0,372,0%,36.95
protection order lawyer,0,371,0%,20.68
immigration attorney grand junction,0,371,0%,51.24
child custody attorney colorado springs,0,370,0%,21.99
alimony attorney,0,369,0%,15.98
child support attorney colorado,0,369,0%,35.57
custody lawyer near me,0,367,0%,16.58
kinship adoption,0,367,0%,17.19
citizenship attorney near me,0,367,0%,35.16
colorado child support calculator,0,365,0%,25.15
alimony law firm denver,0,364,0%,21.9
paternity colorado,0,363,0%,11.75
child custody modification lawyer,0,361,0%,19.84
child custody law firm colorado,0,358,0%,26.73
colorado family law attorney,0,358,0%,40.85
family law attorney denver colorado,0,357,0%,31.92
divorce attorney free consultation chicago,0,353,0%,10.19
employment immigration attorney grand junction,0,352,0%,54.01
immigration consultant,0,351,0%,67.59
denver divorce attorneys,0,350,0%,35
fort collins family lawyer,0,349,0%,12.05
custody modification lawyer,0,348,0%,25.11
alimony modification,0,346,0%,30.25
family attorney chicago,0,342,0%,26.11
family law law firms near me,0,341,0%,12.56
divorce for executives,0,341,0%,14.31
best colorado divorce attorney,0,341,0%,24.82
custody attorney colorado springs,0,340,0%,37.09
motion to modify parenting time colorado,0,339,0%,13.7
denver alimony lawyer,0,339,0%,18.37
divorce law firm near me,0,338,0%,18.35
colorado divorce lawyer,0,338,0%,33.47
fort collins family law attorney,0,336,0%,9.48
domestic partnership colorado,0,334,0%,18.46
military divorce colorado,0,334,0%,46.78
spousal support law firm denver,0,330,0%,20.83
custody lawyers colorado springs,0,330,0%,38.3
family law denver co,0,330,0%,39.89
family court lawyers,0,329,0%,23.01
legal vs physical custody colorado,0,328,0%,14.63
colorado springs family law attorney,0,328,0%,40.52
pros and cons of divorce mediation,0,325,0%,10.47
difference between petitioner and respondent,0,324,0%,9.51
child custody in colorado,0,323,0%,24.15
equitable distribution attorney,0,322,0%,69.86
property division attorney chicago,0,319,0%,32.07
divorce attorney cheyenne wy,0,312,0%,13.31
divorce attorney colorado,0,311,0%,34.11
chicago family attorney,0,309,0%,23.66
how is child support calculated in colorado,0,308,0%,29.73
family divorce lawyer,0,308,0%,75.91
family law attorney colorado springs,0,307,0%,32.86
denver family lawyers,0,307,0%,34.61
immigration attorney denver,0,307,0%,36.99
colorado springs family law,0,307,0%,38.61
divorce enforcement lawyer,0,306,0%,12.92
spousal support attorney,0,306,0%,15.92
family court lawyers near me,0,306,0%,25.11
naturalization attorney near me,0,305,0%,24.08
denver legal separation attorney,0,305,0%,26.95
immigration attorney,0,305,0%,50.25
immigration consultants,0,304,0%,70.66
family law,0,303,0%,12.97
fsr denver,0,301,0%,8.36
divorce law firms near me,0,300,0%,17.43
who is petitioner and respondent,0,299,0%,9.56
at what age can a child decide which parent to live with in colorado,0,299,0%,16.91
how to avoid probate in colorado,0,295,0%,23.68
father's rights attorney,0,294,0%,13.82
prenuptial agreement colorado,0,294,0%,27.12
do restraining orders cross state lines,0,293,0%,6.48
top denver divorce attorney,0,289,0%,29.49
types of wills and trusts,0,288,0%,25.41
child support lawyer colorado springs,0,288,0%,35.19
paternity attorney denver,0,287,0%,17.77
custody lawyers in colorado,0,287,0%,20.28
colorado child custody laws for unmarried parents,0,287,0%,22.93
divorce petitioner,0,286,0%,4.59
filing for divorce in colorado,0,286,0%,48.26
custody laws in colorado,0,282,0%,23.18
fort collins family law,0,281,0%,12.03
at what age can a child choose which parent to live with in colorado,0,280,0%,18.16
custody modification colorado,0,280,0%,19.11
becoming a legal guardian,0,279,0%,80.82
military divorce lawyer,0,278,0%,50.97
naturalization attorney denver,0,276,0%,10.43
colorado custody laws for unmarried parents,0,276,0%,25.7
divorce lawyers fort collins,0,275,0%,22.67
colorado family lawyer,0,275,0%,43.58
no fault divorce colorado,0,274,0%,20.96
divorce attorney fort collins co,0,274,0%,25.07
child custody lawyers colorado springs,0,274,0%,29.67
family immigration attorney glenwood springs,0,274,0%,48.77
colorado springs child custody attorney,0,273,0%,18.78
establishing legal guardianship,0,273,0%,70.77
colorado springs family lawyer,0,272,0%,36.58
family law near me,0,272,0%,51.33
paternity lawyer,0,271,0%,16.21
denver prenup lawyer,0,271,0%,24.78
divorce lawyer fort collins co,0,269,0%,19.42
family attorney fort collins,0,266,0%,16.47
property division attorney,0,266,0%,33.2
modify custody order colorado,0,265,0%,20.66
child support modification colorado,0,262,0%,25.26
"family law firm adams county, co",0,261,0%,3.72
family registry colorado,0,260,0%,8.18
postnuptial agreements colorado,0,260,0%,13.72
denver child relocation lawyer,0,260,0%,28.28
what is a gun trust,0,260,0%,30.41
best family law attorney near me,0,260,0%,31.99
reasons for divorce,0,260,0%,39.8
average divorce cost colorado,0,259,0%,19.74
how custody is decided in colorado,0,257,0%,16.73
family immigration attorney denver,0,257,0%,19.82
family business divorce,0,257,0%,23.42
divorce lawyer in denver,0,257,0%,30.05
child support law firm denver,0,256,0%,31.04
who is the respondent in a case,0,255,0%,12.84
family law law firms,0,255,0%,15.73
divorce attorneys in denver,0,255,0%,36.03
family attorney colorado springs,0,255,0%,38.02
colorado common law marriage,0,254,0%,23.8
colorado parenting plan,0,254,0%,24.89
family lawyer colorado,0,254,0%,43.71
custody law firm near me,0,253,0%,16.47
civil union meaning,0,252,0%,5.51
family law attorney colorado,0,251,0%,42.1
alimony attorney denver,0,249,0%,24.33
family law attorney westminster,0,248,0%,45.06
family support registry denver,0,246,0%,9.03
amber harrison,0,246,0%,10.81
which makes protection orders enforceable across state lines?,0,245,0%,4.49
visas attorney denver,0,245,0%,21.2
colorado prenuptial agreement,0,245,0%,28.04
family divorce lawyers,0,245,0%,57.9
denver immigration attorney,0,244,0%,26.1
divorce attorneys colorado,0,244,0%,28.65
denver high asset divorce lawyer,0,243,0%,13.72
domestic partnership attorneys,0,242,0%,57.4
colorado paternity statute,0,241,0%,7.19
how much does divorce cost in colorado,0,240,0%,13.2
colorado divorce tips,0,240,0%,38.72
family lawyers in cheyenne wy,0,239,0%,14.77
family court attorney,0,238,0%,16.17
what do judges look for in child custody cases,0,238,0%,21.58
employment immigration attorney denver,0,238,0%,21.9
divorce attorney irving park,0,237,0%,7.3
modify alimony colorado,0,237,0%,27.42
child custody lawyer denver colorado,0,236,0%,18.37
is co a community property state,0,235,0%,12.73
how long does an uncontested divorce take in illinois,0,235,0%,24.09
family law attorney irving park,0,234,0%,5.39
green cards attorney near me,0,234,0%,12.85
child custody attorney irving park,0,233,0%,6.49
parenting time colorado,0,233,0%,15.98
citizenship attorney denver,0,233,0%,25.42
fort collins spousal support lawyer,0,232,0%,13.52
family lawyer denver co,0,232,0%,36.09
divorce law firm chicago,0,232,0%,46.75
joint will lawyer,0,232,0%,64.49
dads rights lawyer,0,231,0%,11.91
fort collins family law attorneys,0,231,0%,12.64
contested divorce lawyer,0,231,0%,15.34
immigration lawyers near me,0,231,0%,26.79
denver family law attorneys,0,231,0%,32.1
legal separation in colorado,0,231,0%,48.1
colorado divorce attorney fees,0,230,0%,24.25
mother establishing paternity colorado,0,229,0%,6.72
removal defense attorney denver,0,229,0%,40.05
types of custody colorado,0,228,0%,18.11
colorado alimony laws,0,228,0%,30.44
divorce lawyers fort collins co,0,227,0%,26.89
divorce papers colorado,0,227,0%,32
establish paternity colorado,0,226,0%,7.13
cost of divorce colorado,0,226,0%,16.49
father rights in colorado,0,226,0%,28.53
how much is child support in colorado,0,226,0%,33.03
is divorce mediation worth it,0,225,0%,8.16
green cards attorney denver,0,225,0%,26.44
family law colorado springs,0,225,0%,39.01
family law firms chicago,0,224,0%,16.8
inmigración familiar attorney cheyenne,0,224,0%,17.42
divorce law firm,0,224,0%,27.13
colorado protection order,0,223,0%,43.67
immigration law firm,0,223,0%,68.28
visas attorney near me,0,222,0%,9.62
moving out of state with child no custody agreement,0,221,0%,63.94
family immigration attorney near me,0,220,0%,12.21
restraining order lawyer denver,0,220,0%,16.68
high asset divorce lawyer,0,220,0%,17.54
divorce attorney free consultation denver,0,220,0%,18.39
immigration consulting,0,220,0%,54.22
family law attorney lincoln park,0,219,0%,9.57
divorce papers,0,218,0%,7.78
boulder spousal maintenance lawyer,0,218,0%,58.56
how much does it cost to file for divorce in colorado,0,217,0%,8.9
colorado small estate affidavit,0,217,0%,25.88
divorce attorney chicago,0,217,0%,32.06
employment immigration attorney near me,0,216,0%,13.54
who is respondent,0,215,0%,2.1
child custody lawyer fort collins,0,215,0%,12.13
child support attorneys,0,215,0%,16.81
child support attorneys colorado,0,215,0%,37.35
divorce for business executives,0,213,0%,12.16
denver visitation lawyer,0,213,0%,17.43
wyoming divorce lawyers,0,213,0%,33.2
restraining order colorado springs,0,213,0%,38.48
deportation defense attorney denver,0,213,0%,38.92
denver family law,0,213,0%,40.1
divorce lawyer pueblo co,0,213,0%,59.41
father rights lawyer,0,212,0%,7.14
grounds for divorce colorado,0,212,0%,10.74
civil unions,0,212,0%,11.4
respondent and petitioner,0,212,0%,12.23
fathers rights colorado,0,212,0%,16.57
what is common law marriage in colorado,0,210,0%,28.63
colorado springs child support lawyer,0,210,0%,47.28
same day divorce attorney chicago,0,209,0%,22.43
luis johnson denver,0,208,0%,10.04
johnson plc,0,207,0%,7.24
colorado small estate limit 2021,0,207,0%,10.86
child support lawyer fort collins,0,207,0%,12.4
contested divorce colorado,0,207,0%,18.71
fort collins child relocation lawyer,0,207,0%,20.72
colorado family law firm,0,207,0%,24.39
divorce law firm denver,0,207,0%,26.66
family law attorneys denver,0,207,0%,27.3
parenting plan modification attorney,0,206,0%,5.44
jes family law,0,206,0%,14.89
custody attorney colorado,0,206,0%,21.43
how to choose a divorce lawyer,0,205,0%,15.91
child custody attorney denver co,0,205,0%,17.52
child support laws colorado,0,205,0%,38.05
domestic partnership law firm,0,205,0%,52.57
removal defense attorney near me,0,204,0%,15.5
different types of wills and trusts,0,204,0%,27.3
best family law attorney chicago,0,204,0%,48.57
colorado parenting time guidelines,0,203,0%,26.56
denver spousal support attorney,0,202,0%,12.66
child support lawyer near me,0,202,0%,27.94
what is undue hardship in family law,0,202,0%,33.94
family law attorney centennial,0,202,0%,77.87
denver employment immigration lawyer,0,201,0%,16.97
modify child support colorado,0,201,0%,17.03
"family law firm denver county, co",0,201,0%,32.44
protection order colorado,0,201,0%,42.55
family attorney colorado,0,201,0%,45.14
immigration lawyers,0,201,0%,58.68
parenting plan colorado,0,200,0%,16.84
custody rights colorado,0,200,0%,18.04
"family law firm denver city, co",0,200,0%,38.26
boca raton divorce lawyer,0,200,0%,38.9
signs of reconciliation in a relationship,0,199,0%,6.51
change child support order colorado,0,199,0%,7.05
how much does it cost to get a divorce in colorado,0,199,0%,11.79
alimony lawyer colorado springs,0,199,0%,39.78
child custody lawyer pueblo co,0,199,0%,52.06
petitioner and respondent meaning in law,0,198,0%,8.72
colorado springs property division lawyer,0,198,0%,9.74
benefits of primary physical custody,0,198,0%,12.51
estate planning for widows,0,198,0%,19.37
common law colorado,0,198,0%,30.24
divorce lawyer englewood,0,197,0%,10.9
custody law firms near me,0,197,0%,11.95
cheyenne divorce lawyer,0,197,0%,16.9
cherry creek divorce lawyer,0,197,0%,33.83
best divorce lawyers near me,0,197,0%,47.3
denver abogado inmigración,0,196,0%,26.83
divorce in denver colorado,0,196,0%,26.98
retroactive child support colorado,0,196,0%,37.27
wyoming child custody attorneys,0,195,0%,24.41
colorado springs divorce lawyers,0,195,0%,47.84
illinois fathers rights,0,194,0%,13.04
separation agreement lawyer cheyenne,0,194,0%,17.46
family law lawyer deerfield,0,194,0%,18.59
denver employment immigration attorney,0,194,0%,19.93
child custody law firm near me,0,193,0%,20.03
family lawyers denver,0,193,0%,23.45
family immigration attorney cheyenne,0,193,0%,29.24
denver co family attorney,0,193,0%,37.6
divorce law firm westminster,0,192,0%,34.92
immigration consultation,0,192,0%,71.52
divorce modification attorney cheyenne,0,191,0%,14.96
protection order lawyers,0,191,0%,20.39
divorce lawyer in colorado,0,191,0%,31.44
family attorney denver co,0,191,0%,39.66
grandparent rights in colorado,0,191,0%,46.96
chicago family law firms,0,190,0%,19.65
how to write a last will and testament,0,190,0%,23.19
respondent in divorce,0,189,0%,7.43
protection order lawyer denver,0,189,0%,13.78
paternity attorney,0,189,0%,18.54
colorado child custody attorney,0,189,0%,28.33
paternity rights lawyer,0,189,0%,40.73
legal separation colorado,0,189,0%,42.9
naturalization attorney grand junction,0,189,0%,75.54
colorado support registry,0,188,0%,9.31
fort collins contested divorce lawyer,0,188,0%,12.64
denver spousal support lawyer,0,188,0%,14.99
small estate in colorado,0,188,0%,18.77
colorado small estate,0,188,0%,21.5
deportation defense attorney near me,0,188,0%,22.89
enforce child support colorado,0,187,0%,11.36
protection order attorney,0,187,0%,16.18
divorce vs dissolution,0,187,0%,17.05
prenup agreement colorado,0,187,0%,24
family law attorney denver free consultation,0,187,0%,30.13
family law denver,0,187,0%,41.57
fathers rights attorney chicago,0,186,0%,10.1
divorce lawyers denver free consultation,0,186,0%,14.33
immigration lawyer denver,0,186,0%,20.06
child support lawyer colorado,0,186,0%,34.46
best family attorney near me,0,186,0%,51.1
fsr child support,0,185,0%,10.83
parenting plan requirements colorado,0,185,0%,31.9
emergency divorce attorney chicago,0,185,0%,32.31
immigration lawyer consultation,0,185,0%,64.94
fathers rights attorney cheyenne,0,184,0%,13.66
high net worth divorce lawyer,0,184,0%,16.93
citizenship attorney,0,184,0%,17.5
family law attorney river forest,0,184,0%,23.73
different types of wills,0,184,0%,30.2
child support modifications lawyer,0,183,0%,3.95
fathers rights in colorado,0,183,0%,13.86
how much does a divorce lawyer cost colorado,0,183,0%,16.04
family law attorney portage park,0,183,0%,38.46
how much is it to file for divorce in colorado,0,182,0%,11.09
custody lawyer johnson county,0,182,0%,57.32
family law fort collins,0,181,0%,19.96
what is a community property state,0,181,0%,25.09
best divorce attorney colorado,0,181,0%,26.94
who is petitioner and who is respondent,0,180,0%,9.91
custody modification lawyer fort collins,0,180,0%,10.71
divorce denver,0,180,0%,25.85
child custody attorney pueblo co,0,180,0%,52.17
family law lawyer johnson county,0,180,0%,54.39
naturalization attorney glenwood springs,0,180,0%,59.41
restraining order attorney,0,179,0%,17.74
domestic partnership,0,179,0%,18.09
temporary vs permanent alimony colorado,0,179,0%,22.28
divorce vs legal separation colorado,0,179,0%,43.38
family law offices near me,0,179,0%,45.6
family lawyer johnson county,0,179,0%,52.92
postnuptial agreement colorado,0,178,0%,11
what is presumed paternity colorado,0,178,0%,13.76
colorado springs spousal support lawyer,0,178,0%,17.57
cost of divorce,0,178,0%,26.84
employment immigration attorney glenwood springs,0,178,0%,53.26
best interests child colorado,0,177,0%,21.51
uncontested divorce attorney chicago,0,177,0%,37.45
inmigración familiar attorney grand junction,0,177,0%,55.14
fort collins high asset divorce lawyer,0,176,0%,10.24
avoiding probate in colorado,0,176,0%,19.9
colorado pet trust,0,176,0%,23.45
separation agreement lawyer,0,176,0%,31.06
types of alimony colorado,0,175,0%,22.2
small estate affidavit colorado,0,175,0%,24.98
divorce attorney pueblo co,0,175,0%,59.07
child custody lawyer johnson county,0,175,0%,64.35
divorce settlement with special needs child,0,174,0%,14.07
uncontested divorce in colorado,0,174,0%,50.57
divorce lawyers in colorado springs,0,174,0%,55.13
family attorney johnson county,0,174,0%,63.82
who is the petitioner in divorce,0,173,0%,8.29
colorado community property,0,173,0%,14.92
contested divorce attorney chicago,0,173,0%,51.99
castle rock divorce attorney,0,173,0%,60.55
timothy o'keefe lawyer englewood co,0,172,0%,23.75
colorado child support costs,0,172,0%,35.7
motions to restrict parenting time,0,171,0%,10.01
colorado divorce cost,0,171,0%,17.53
prenup lawyer denver,0,171,0%,23.33
colorado custody laws unmarried couples,0,171,0%,29.46
civil protection order colorado,0,171,0%,30.44
family law attorney lakewood,0,171,0%,51.82
child custody attorney johnson county,0,171,0%,58.71
trust johnson law,0,170,0%,7.2
colorado family registry,0,170,0%,9.24
how to file for divorce in colorado without a lawyer,0,170,0%,10.91
equitable distribution colorado,0,170,0%,12.04
divorce modification lawyer cheyenne,0,170,0%,13.47
pros and cons of mediation for divorce,0,170,0%,14.78
fort collins uncontested divorce lawyer,0,170,0%,15.06
property division attorney colorado springs,0,170,0%,18.16
what can be used against you in a divorce,0,170,0%,32.08
family lawyer in pueblo co,0,170,0%,65.99
petitioner and respondent divorce,0,169,0%,13.41
colorado paternity testing,0,169,0%,16.54
child custody attorney river north,0,169,0%,18.34
best child custody lawyer in colorado,0,169,0%,21.2
"family law firm broomfield county, co",0,169,0%,33.28
child custody denver,0,169,0%,37.96
family divorce attorney,0,169,0%,71.36
how to get a divorce in colorado,0,168,0%,57.77
citizenship attorney grand junction,0,168,0%,60.01
"guardianship lawyer colorado springs, co",0,168,0%,64.65
naturalization lawyer,0,167,0%,9.69
spousal support attorney cheyenne,0,167,0%,15.16
the petitioner in a divorce,0,166,0%,10.85
how much does a divorce cost,0,166,0%,12.95
family law mediation attorney river north,0,166,0%,14.55
child visitation attorney cheyenne,0,166,0%,21.83
divorce lawyer chicago,0,166,0%,31.68
abogados de familia en chicago,0,166,0%,39.28
can you divorce with out lawyers,0,165,0%,9.08
legal paternity colorado,0,165,0%,12.01
military divorce attorney,0,165,0%,31.68
divorce lawyer in colorado springs,0,165,0%,54.71
what is kinship adoption,0,164,0%,10.6
how assets divided divorce colorado,0,164,0%,15.42
child custody modification lawyer colorado,0,164,0%,15.77
child custody lawyer denver co,0,164,0%,18.38
property division laws colorado,0,164,0%,22.14
colorado springs protection order attorney,0,164,0%,23.93
colorado divorce requirements,0,164,0%,43.09
family law attorney johnson county,0,164,0%,72.55
spousal support attorneys,0,163,0%,13.2
johnson mediation group,0,163,0%,14.07
abogados de familia cerca de mi,0,163,0%,16.86
best family lawyer,0,163,0%,18.12
colorado restraining order,0,163,0%,39.45
marital property colorado,0,163,0%,57.4
family immigration attorney salida,0,163,0%,60.18
family child support registry,0,162,0%,8.13
petitioner v respondent,0,162,0%,8.7
fort collins family law lawyer,0,162,0%,13.41
father's rights lawyer,0,162,0%,15.52
separation agreement attorney cheyenne,0,162,0%,18.59
divorce attorney fort collins colorado,0,162,0%,29.22
colorado legal separation,0,162,0%,42.46
denver abogado inmigración familiar,0,162,0%,48.1
family law attorney in pueblo co,0,162,0%,64.2
fathers rights attorney colorado,0,161,0%,11.68
family law mediation lawyer cheyenne,0,161,0%,12.58
cheyenne divorce lawyers,0,161,0%,13.63
family lawyers in fort collins co,0,161,0%,16.61
spousal support attorney colorado springs co,0,161,0%,25.44
visitation attorney cheyenne,0,161,0%,26.25
custody attorneys near me,0,161,0%,27.22
child support attorneys near me,0,161,0%,27.51
child custody attorney colorado springs co,0,161,0%,31.8
divorce attorney colorado springs co,0,161,0%,56.68
who is the defendant in a divorce case,0,160,0%,8.18
petitioner divorce,0,160,0%,12.49
contested paternity colorado,0,160,0%,15.7
custody lawyers in colorado springs,0,160,0%,46.41
colorado grandparent rights,0,160,0%,52.26
marriage lawyer,0,160,0%,60.66
visas attorney grand junction,0,160,0%,62.49
colorado springs property division attorney,0,159,0%,8.17
fathers rights attorney denver,0,159,0%,27.89
uncontested divorce colorado springs,0,159,0%,42.34
custody attorneys,0,159,0%,69.19
protective order attorneys,0,159,0%,74.21
child custody attorney lincoln park,0,158,0%,14.09
custody modification lawyer colorado,0,158,0%,14.42
divorce lawyer cheyenne,0,158,0%,17.18
family law attorneys chicago,0,158,0%,18.17
father's rights paternity colorado,0,158,0%,20.03
is colorado a 50/50 divorce state,0,157,0%,9.96
divorce cost colorado,0,157,0%,13.7
"family law firm arapahoe county, co",0,157,0%,31.38
contested divorce attorney colorado springs,0,157,0%,40.75
"parental rights attorney colorado springs, co",0,157,0%,50.27
modifications lawyer,0,157,0%,54.8
cheyenne spousal support attorney,0,156,0%,9.75
difference between dissolution and divorce,0,156,0%,16.81
westminster immigration lawyer,0,156,0%,33.81
colorado child support laws,0,156,0%,36.38
immigration attorneys,0,156,0%,63.3
parental rights attorney,0,155,0%,12.59
fort collins family lawyers,0,155,0%,13.8
fathers rights lawyer cheyenne,0,155,0%,18.73
divorce without a lawyer,0,155,0%,19
colorado child support percentage,0,155,0%,26.94
child custody attorney aurora,0,155,0%,64.9
protective order lawyers,0,155,0%,76.26
prenuptial agreement attorneys,0,154,0%,2.56
am i the petitioner or respondent,0,154,0%,9.51
fathers rights lawyer colorado,0,154,0%,12.62
child custody law firm,0,154,0%,20.5
alimony colorado,0,154,0%,22.6
how long does divorce take in colorado,0,154,0%,26.01
prenuptial agreements colorado,0,154,0%,26.97
family law chicago,0,154,0%,29.41
visa lawyer,0,154,0%,62.17
child custody attorney westminster,0,154,0%,65.24