Country,Clicks,Impressions,CTR,Position
United States,28043,6513470,0.43%,24.22
India,344,154750,0.22%,25.16
United Kingdom,263,203105,0.13%,31.74
Canada,211,72073,0.29%,23.85
Philippines,187,54035,0.35%,19.9
Nigeria,149,9219,1.62%,17.48
Mexico,110,52792,0.21%,24.9
Australia,90,25566,0.35%,33
Kenya,69,7325,0.94%,23.77
Germany,51,48967,0.1%,32.99
France,49,53398,0.09%,33.44
South Africa,47,22195,0.21%,33.36
Pakistan,46,16723,0.28%,29.13
Spain,34,30498,0.11%,26.05
Nicaragua,31,2190,1.42%,16.27
Malaysia,24,26184,0.09%,25.59
Peru,24,16973,0.14%,17.31
Ireland,22,14257,0.15%,36.42
Russia,21,98645,0.02%,45.1
Italy,20,143448,0.01%,48.58
Colombia,20,22875,0.09%,24.57
Bangladesh,20,21139,0.09%,24.27
Netherlands,20,16872,0.12%,30.71
Singapore,20,8663,0.23%,31.4
United Arab Emirates,19,10701,0.18%,21.25
El Salvador,18,1788,1.01%,26.65
Indonesia,16,45313,0.04%,22.86
Hong Kong,13,4951,0.26%,17.65
Ghana,13,2925,0.44%,18.21
Brazil,12,377555,0%,36.11
New Zealand,12,5568,0.22%,30.4
Poland,11,16996,0.06%,25.77
Serbia,11,4630,0.24%,25.51
U.S. Virgin Islands,11,271,4.06%,10.92
South Korea,10,80163,0.01%,39.17
Japan,10,15146,0.07%,36.22
Dominican Republic,10,8795,0.11%,26.89
Belgium,10,5145,0.19%,22.28
Thailand,9,12813,0.07%,23.25
Romania,9,9496,0.09%,23.95
Israel,9,7536,0.12%,21.92
Trinidad & Tobago,9,6717,0.13%,34.23
Norway,9,3816,0.24%,24.13
Finland,9,3287,0.27%,25.93
Denmark,9,3162,0.28%,22.77
Argentina,8,40624,0.02%,29.36
Turkey,8,30183,0.03%,26.69
Portugal,8,8860,0.09%,20.65
Sweden,8,7237,0.11%,28.22
Jamaica,8,5556,0.14%,30.72
Zambia,8,1042,0.77%,15.88
Ukraine,7,22893,0.03%,31.39
Puerto Rico,7,2730,0.26%,22.16
Sri Lanka,7,2320,0.3%,21.06
Taiwan,6,15048,0.04%,37.6
Greece,6,5973,0.1%,25.2
China,6,3613,0.17%,11.6
Costa Rica,6,3129,0.19%,26.82
Croatia,6,2298,0.26%,23.1
Bahamas,6,2262,0.27%,29.3
Iraq,5,14167,0.04%,23.25
Algeria,5,10793,0.05%,22.77
Czechia,5,5630,0.09%,24.64
Switzerland,5,4947,0.1%,25.09
Hungary,5,4754,0.11%,23.87
Austria,5,3688,0.14%,25.12
Bosnia & Herzegovina,5,2575,0.19%,27.88
Guatemala,5,2545,0.2%,25.35
South Sudan,5,200,2.5%,7.62
Vietnam,4,65305,0.01%,35.81
Egypt,4,14175,0.03%,33.78
Saudi Arabia,4,12215,0.03%,32.3
Venezuela,4,10959,0.04%,33.29
Bolivia,4,5886,0.07%,15.92
Albania,4,3396,0.12%,23.06
Honduras,4,3050,0.13%,24.42
Guyana,4,1607,0.25%,33.85
Uganda,4,1504,0.27%,14.88
Tanzania,4,856,0.47%,21.86
Cameroon,4,497,0.8%,17.45
Guam,4,378,1.06%,15.08
Cuba,4,370,1.08%,13.5
Ecuador,3,21338,0.01%,29.93
Morocco,3,20170,0.01%,19.21
Bulgaria,3,6532,0.05%,32.13
Nepal,3,5670,0.05%,26.81
Kazakhstan,3,5217,0.06%,35.89
Belize,3,1009,0.3%,29.32
Botswana,3,599,0.5%,25.32
Grenada,3,564,0.53%,30.79
Malawi,3,340,0.88%,18.73
Lithuania,2,30531,0.01%,49.52
Chile,2,11305,0.02%,26.85
Latvia,2,7635,0.03%,45.88
Paraguay,2,5907,0.03%,35.74
Uzbekistan,2,4895,0.04%,36.8
Jordan,2,4886,0.04%,27.59
Iran,2,3921,0.05%,34.87
Panama,2,3306,0.06%,21.13
Georgia,2,3136,0.06%,26.12
Barbados,2,3135,0.06%,38.48
Ethiopia,2,2981,0.07%,19.05
Bahrain,2,2191,0.09%,26.43
Qatar,2,2091,0.1%,21.67
Lebanon,2,2084,0.1%,30.2
Macedonia,2,1584,0.13%,23.61
Zimbabwe,2,767,0.26%,25.8
Yemen,2,313,0.64%,23.24
Sierra Leone,2,229,0.87%,20.91
Isle of Man,2,189,1.06%,31.85
Belarus,1,5013,0.02%,30.02
Uruguay,1,4028,0.02%,31.35
Kuwait,1,3970,0.03%,18.66
Moldova,1,3233,0.03%,31.52
Slovakia,1,2971,0.03%,21.44
Oman,1,2477,0.04%,25.86
Senegal,1,1902,0.05%,28.66
Slovenia,1,1553,0.06%,24.46
Mongolia,1,1368,0.07%,19.9
Syria,1,1326,0.08%,25.39
Kyrgyzstan,1,1184,0.08%,35.51
Côte d’Ivoire,1,1028,0.1%,33.12
Mauritius,1,906,0.11%,25.16
Seychelles,1,902,0.11%,42.63
Malta,1,763,0.13%,23.02
St. Lucia,1,632,0.16%,31.47
Luxembourg,1,562,0.18%,21.02
Iceland,1,532,0.19%,27.62
Antigua & Barbuda,1,374,0.27%,31.82
St. Vincent & Grenadines,1,344,0.29%,34.25
Liberia,1,260,0.38%,8.95
Somalia,1,260,0.38%,28.37
Jersey,1,209,0.48%,27.96
Papua New Guinea,1,201,0.5%,10.18
Afghanistan,1,199,0.5%,17.08
Sint Maarten,1,187,0.53%,32.59
Lesotho,1,163,0.61%,14.48
Tajikistan,1,159,0.63%,38.97
American Samoa,1,70,1.43%,21.47
Monaco,1,47,2.13%,19.6
Tonga,1,36,2.78%,10.97
Palau,1,26,3.85%,15.96
Tunisia,0,9910,0%,20.33
Unknown Region,0,5637,0%,43.54
Palestine,0,2777,0%,20.25
Azerbaijan,0,2679,0%,29.95
Cambodia,0,2595,0%,21.16
Cyprus,0,2429,0%,36.15
Armenia,0,1893,0%,26.31
Estonia,0,1148,0%,24.65
Myanmar (Burma),0,1055,0%,30.19
Angola,0,855,0%,32.7
Kosovo,0,833,0%,12.86
Suriname,0,670,0%,45.33
Burkina Faso,0,638,0%,17.48
Libya,0,634,0%,24.99
Brunei,0,615,0%,21.33
Laos,0,587,0%,22.27
Montenegro,0,504,0%,23.48
Gabon,0,469,0%,38.1
Togo,0,463,0%,26.44
St. Kitts & Nevis,0,457,0%,31.66
Macau,0,432,0%,19.71
Cayman Islands,0,425,0%,36.36
Namibia,0,408,0%,19.22
Maldives,0,405,0%,18.61
Rwanda,0,385,0%,21.28
Bermuda,0,382,0%,37.53
Congo - Brazzaville,0,329,0%,35.71
Curaçao,0,283,0%,32.72
Cape Verde,0,272,0%,44.72
Congo - Kinshasa,0,264,0%,28.47
Mali,0,248,0%,30.45
Madagascar,0,247,0%,37.41
Fiji,0,241,0%,16.25
Mozambique,0,238,0%,33.58
Aruba,0,233,0%,32.91
Haiti,0,228,0%,19.63
Dominica,0,217,0%,32.05
Swaziland,0,194,0%,12.35
Mauritania,0,183,0%,16.38
British Virgin Islands,0,178,0%,34.4
Andorra,0,178,0%,37.37
Benin,0,173,0%,29.36
Réunion,0,171,0%,38.22
Western Sahara,0,153,0%,23.73
Turks & Caicos Islands,0,147,0%,30.18
Guadeloupe,0,129,0%,26.52
Gambia,0,124,0%,26.67
Bhutan,0,115,0%,14.92
Martinique,0,113,0%,23.02
Sudan,0,104,0%,21.17
Northern Mariana Islands,0,102,0%,12.2
Gibraltar,0,100,0%,24.84
Guernsey,0,97,0%,25.55
Anguilla,0,76,0%,36.58
Guinea,0,72,0%,21.93
Caribbean Netherlands,0,64,0%,21.3
Turkmenistan,0,57,0%,26.6
Faroe Islands,0,56,0%,16.98
Burundi,0,54,0%,32.44
French Guiana,0,52,0%,37.4
New Caledonia,0,45,0%,31.07
Djibouti,0,41,0%,16.1
Micronesia,0,39,0%,16.9
Samoa,0,33,0%,16.61
Kiribati,0,32,0%,25.41
Marshall Islands,0,30,0%,18.87
St. Martin,0,30,0%,24.97
Solomon Islands,0,29,0%,17.55
San Marino,0,29,0%,40.9
Niger,0,27,0%,22.22
Vanuatu,0,26,0%,13.69
Greenland,0,26,0%,18.88
French Polynesia,0,25,0%,25.64
Guinea-Bissau,0,22,0%,13.64
Liechtenstein,0,21,0%,26.05
Timor-Leste,0,18,0%,27.67
Montserrat,0,17,0%,31.35
Equatorial Guinea,0,16,0%,27.94
Chad,0,15,0%,22.2
São Tomé & Príncipe,0,14,0%,39.93
Åland Islands,0,13,0%,23.62
Cook Islands,0,13,0%,24
North Korea,0,12,0%,8.75
Central African Republic,0,12,0%,13.92
St. Helena,0,11,0%,30.27
Eritrea,0,9,0%,13.78
Nauru,0,8,0%,25.25
St. Barthélemy,0,6,0%,9.83
Mayotte,0,6,0%,15.83
Comoros,0,4,0%,4.75
Tuvalu,0,4,0%,7.75
Antarctica,0,4,0%,10
St. Pierre & Miquelon,0,4,0%,28.25
Svalbard & Jan Mayen,0,3,0%,8.33
Falkland Islands (Islas Malvinas),0,2,0%,10.5
British Indian Ocean Territory,0,1,0%,2