Top pages,Clicks,Impressions,CTR,Position
https://www.johnsonlgroup.com/,3243,327613,0.99%,21.92
https://www.johnsonlgroup.com/blog/2022/february/petitioner-vs-respondent-in-divorce-what-you-nee/,1554,310622,0.5%,9.59
https://www.johnsonlgroup.com/blog/2022/december/foreign-and-out-of-state-child-support-orders/,749,264175,0.28%,7.34
https://www.johnsonlgroup.com/blog/2022/february/terminating-parental-rights-under-colorado-law-w/,727,73017,1%,16.81
https://www.johnsonlgroup.com/attorneys/,588,106200,0.55%,17.82
https://www.johnsonlgroup.com/blog/2022/september/colorado-common-law-marriage-2023-all-you-need-t/,549,156868,0.35%,12.8
https://www.johnsonlgroup.com/blog/2024/august/understanding-the-90-day-separation-period-in-co/,483,77201,0.63%,7.38
https://www.johnsonlgroup.com/blog/2022/march/what-are-the-five-stages-of-divorce-/,468,27000,1.73%,13
https://www.johnsonlgroup.com/blog/2024/july/emergency-motions-to-restrict-parenting-time/,435,50591,0.86%,7.84
https://www.johnsonlgroup.com/denver-family-law-lawyer/,427,270776,0.16%,29.43
https://www.johnsonlgroup.com/attorneys/heidi-whitaker/,416,7321,5.68%,11.39
https://www.johnsonlgroup.com/commerce-city-family-lawyer/,395,49439,0.8%,11.78
https://johnsonlgroup.com/stages-of-divorce/,318,13246,2.4%,12.98
https://www.johnsonlgroup.com/blog/2021/february/unmarried-couples-and-home-ownership-in-colorado/,315,19764,1.59%,21.52
https://www.johnsonlgroup.com/attorneys/myles-s-johnson/,288,74309,0.39%,8.3
https://www.johnsonlgroup.com/blog/2024/june/enforcing-protection-orders-across-state-lines/,284,84367,0.34%,5.47
https://www.johnsonlgroup.com/about-us/,284,34359,0.83%,7.61
https://www.johnsonlgroup.com/blog/2023/may/most-common-examples-of-parental-alienation-in-c/,277,25613,1.08%,15.2
https://www.johnsonlgroup.com/colorado/locations/denver/,273,83693,0.33%,28.36
https://www.johnsonlgroup.com/colorado/locations/commerce-city/,269,37649,0.71%,17.95
https://www.johnsonlgroup.com/careers/,259,20617,1.26%,10.7
https://www.johnsonlgroup.com/blog/2024/march/understanding-guardianship-for-minors-in-colorad/,252,25333,0.99%,20.14
https://www.johnsonlgroup.com/attorneys/said-sharbini/,240,4144,5.79%,8.73
https://www.johnsonlgroup.com/denver-divorce-lawyer/,239,450148,0.05%,32.7
https://www.johnsonlgroup.com/blog/2021/october/what-is-a-civil-union-in-colorado-/,234,505533,0.05%,11.54
https://www.johnsonlgroup.com/commerce-city-divorce-lawyer/,233,36980,0.63%,20.61
https://www.johnsonlgroup.com/blog/2021/may/what-is-the-minimum-amount-of-child-support-in-c/,229,47320,0.48%,12.85
https://johnsonlgroup.com/90-day-separation-period-in-colorado/,225,9399,2.39%,9.91
https://www.johnsonlgroup.com/blog/2022/june/what-constitutes-a-substantial-change-in-circums/,217,35198,0.62%,9.87
https://www.johnsonlgroup.com/blog/2025/january/2025-colorado-legal-internship-for-high-school-s/,210,2437,8.62%,13.84
https://www.johnsonlgroup.com/attorneys/shana-d-velez/,206,5365,3.84%,13.44
https://www.johnsonlgroup.com/blog/2024/october/what-are-the-rights-of-grandparents-if-one-or-bo/,204,28667,0.71%,13.43
https://www.johnsonlgroup.com/blog/2021/october/colorado-custody-laws-for-unmarried-parents/,201,24532,0.82%,17.7
https://johnsonlgroup.com/,197,65515,0.3%,34.24
https://www.johnsonlgroup.com/blog/2025/march/can-separation-lead-to-reconciliation-/,193,31575,0.61%,6.19
https://www.johnsonlgroup.com/attorneys/brent-e-mecham/,193,4633,4.17%,14.56
https://www.johnsonlgroup.com/blog/2024/august/what-can-happen-if-one-parent-denies-parenting-t/,185,36768,0.5%,5.33
https://www.johnsonlgroup.com/blog/2022/december/rights-of-custodial-parent-vs-non-custodial-pare/,184,38416,0.48%,24.4
https://www.johnsonlgroup.com/blog/2021/october/does-colorado-recognize-domestic-partnerships/,183,35822,0.51%,9.82
https://www.johnsonlgroup.com/blog/2023/june/what-can-be-used-against-you-in-a-divorce-in-col/,182,16741,1.09%,16.96
https://www.johnsonlgroup.com/blog/2024/may/modifying-child-support/,180,37583,0.48%,14.02
https://www.johnsonlgroup.com/blog/2023/april/modification-of-parenting-time-colorado-2023/,179,35037,0.51%,13.08
https://www.johnsonlgroup.com/attorneys/birgit-a-almgren/,178,2560,6.95%,9.01
https://www.johnsonlgroup.com/colorado-springs-family-law-lawyer/,176,103992,0.17%,31.06
https://www.johnsonlgroup.com/attorneys/kristina-a-contreras/,172,7262,2.37%,9.57
https://www.johnsonlgroup.com/blog/2022/december/protect-your-children-s-inheritance-with-a-lifet/,164,23081,0.71%,20.24
https://www.johnsonlgroup.com/attorneys/jason-thacher/,164,1155,14.2%,7.44
https://www.johnsonlgroup.com/colorado/divorce/petitioner-vs-respondent/,159,51770,0.31%,7.38
https://www.johnsonlgroup.com/attorneys/anne-e-hinds/,159,3657,4.35%,14.01
https://www.johnsonlgroup.com/blog/2024/august/how-domestic-violence-impacts-child-custody-in-c/,156,13610,1.15%,15.31
https://www.johnsonlgroup.com/blog/2024/august/can-you-get-divorced-without-an-attorney-/,152,28470,0.53%,20.97
https://www.johnsonlgroup.com/blog/2022/february/petitioner-vs-respondent-in-divorce-what-you-need-to-know/,150,73456,0.2%,8.5
https://www.johnsonlgroup.com/blog/2024/july/child-custody-considerations-for-vacation-and-tr/,150,17779,0.84%,7.69
https://www.johnsonlgroup.com/blog/2024/may/how-to-enforce-child-support-orders-in-colorado/,146,46094,0.32%,19.67
https://www.johnsonlgroup.com/practice-areas/immigration-law/,139,145733,0.1%,30.37
https://www.johnsonlgroup.com/attorneys/jessica-lasky/,137,5249,2.61%,12.91
https://www.johnsonlgroup.com/blog/2024/july/understanding-postnuptial-agreements-in-colorado/,136,13751,0.99%,12.58
https://www.johnsonlgroup.com/attorneys/shannon-m-okeefe/,135,6175,2.19%,15.24
https://www.johnsonlgroup.com/colorado/locations/colorado-springs/,133,39919,0.33%,40.06
https://www.johnsonlgroup.com/attorneys/genet-t-johnson/,129,51331,0.25%,7.93
https://www.johnsonlgroup.com/blog/2023/february/colorado-civil-protection-order-all-you-need-to-/,126,34596,0.36%,25.76
https://www.johnsonlgroup.com/denver-high-conflict-child-custody-lawyer/,122,246865,0.05%,45.17
https://www.johnsonlgroup.com/blog/2021/august/cost-of-probate-in-colorado/,122,26476,0.46%,17.67
https://www.johnsonlgroup.com/wyoming/locations/cheyenne/,120,15077,0.8%,14.86
https://www.johnsonlgroup.com/attorneys/taylor-k-brice/,120,4673,2.57%,17.85
https://www.johnsonlgroup.com/attorneys/thomas-nellessen/,120,1840,6.52%,10.18
https://www.johnsonlgroup.com/attorneys/dawn-gould/,114,3815,2.99%,10.18
https://www.johnsonlgroup.com/blog/2021/may/what-is-the-most-common-reason-for-divorce-/,113,69489,0.16%,38.5
https://www.johnsonlgroup.com/blog/2021/january/best-guardian-ad-litem-in-colorado/,113,15245,0.74%,10.59
https://www.johnsonlgroup.com/colorado-springs-divorce-attorney/,108,59627,0.18%,41.75
https://www.johnsonlgroup.com/blog/2022/january/understanding-the-different-types-of-wills/,107,40118,0.27%,21.39
https://www.johnsonlgroup.com/blog/2021/may/what-questions-do-they-ask-in-divorce-court-/,106,8873,1.19%,21.25
https://www.johnsonlgroup.com/blog/2024/august/meet-heidi-whitaker-lead-family-law-attorney-in-/,106,8842,1.2%,23.46
https://www.johnsonlgroup.com/attorneys/myron-l-latney-jr-/,105,2696,3.89%,12.26
https://www.johnsonlgroup.com/blog/2022/april/dissolution-vs-divorce-colorado-what-is-the-diff/,104,42467,0.24%,18.49
https://www.johnsonlgroup.com/attorneys/andrea-dalton/,103,5643,1.83%,20.01
https://www.johnsonlgroup.com/blog/2023/march/johnson-law-group-colorado-announces-new-office-/,103,5244,1.96%,9.35
https://www.johnsonlgroup.com/englewood-family-lawyer/,102,33419,0.31%,13.59
https://www.johnsonlgroup.com/blog/2022/november/colorado-domestic-violence-laws-2023/,102,15144,0.67%,27.64
https://www.johnsonlgroup.com/blog/2022/december/what-can-i-do-if-my-child-s-parent-engages-in-da/,102,10068,1.01%,9.95
https://www.johnsonlgroup.com/blog/2021/july/what-qualifies-as-an-unfit-parent-in-colorado-/,102,8267,1.23%,25.45
https://www.johnsonlgroup.com/blog/2023/october/the-advantages-of-primary-physical-custody/,101,21110,0.48%,15.58
https://www.johnsonlgroup.com/blog/2024/april/calculating-child-support-in-colorado/,100,22526,0.44%,15.49
https://www.johnsonlgroup.com/blog/2022/november/establishing-paternity-in-colorado/,99,32427,0.31%,13.84
https://www.johnsonlgroup.com/attorneys/amber-harrison/,99,8355,1.18%,17.47
https://www.johnsonlgroup.com/blog/2024/september/can-a-child-s-preference-influence-custody-decis/,98,23775,0.41%,12.42
https://www.johnsonlgroup.com/blog/2025/march/can-separation-lead-to-reconciliation/,98,21294,0.46%,7.69
https://www.johnsonlgroup.com/attorneys/taylor-g-goldschmidt/,96,1093,8.78%,8.51
https://www.johnsonlgroup.com/colorado/child-custody/termination/,91,12661,0.72%,13.96
https://johnsonlgroup.com/common-law-marriage/,87,37483,0.23%,26.54
https://www.johnsonlgroup.com/blog/2023/march/annulments-in-colorado-2023-what-how-when/,85,30270,0.28%,10.84
https://www.johnsonlgroup.com/blog/2022/august/how-to-bulletproof-a-prenuptial-agreement/,83,12540,0.66%,9.59
https://www.johnsonlgroup.com/blog/2022/february/how-to-avoid-paying-spousal-support-in-colorado-/,82,20490,0.4%,33.56
https://www.johnsonlgroup.com/blog/2024/september/financial-considerations-for-divorce-in-colorado/,82,6281,1.31%,15.75
https://www.johnsonlgroup.com/attorneys/ethan-sumida/,82,1937,4.23%,11.77
https://www.johnsonlgroup.com/blog/2024/june/building-a-family-through-love-same-sex-adoption/,81,13165,0.62%,45.51
https://www.johnsonlgroup.com/blog/2024/january/2024-colorado-legal-internship-for-high-school-s/,81,3435,2.36%,29.72
https://www.johnsonlgroup.com/wyoming/,81,2677,3.03%,11.46
https://www.johnsonlgroup.com/contact-us/,78,39617,0.2%,6.8
https://www.johnsonlgroup.com/fort-collins-family-law-lawyer/,78,14845,0.53%,16.46
https://www.johnsonlgroup.com/blog/2026/march/colorado-child-custody-laws/,75,18299,0.41%,12.64
https://www.johnsonlgroup.com/blog/2022/february/what-are-my-rights-if-i-leave-the-marital-home-/,74,12751,0.58%,15.92
https://www.johnsonlgroup.com/colorado/divorce/process-duration/,74,8880,0.83%,14.57
https://www.johnsonlgroup.com/blog/2022/march/mortgage-payments-and-divorce/,72,9726,0.74%,12.6
https://www.johnsonlgroup.com/englewood-divorce-lawyer/,69,27891,0.25%,21.99
https://www.johnsonlgroup.com/blog/2024/july/understanding-child-tax-benefits-after-divorce/,67,38082,0.18%,7.8
https://www.johnsonlgroup.com/colorado/locations/englewood/,66,19446,0.34%,31.56
https://johnsonlgroup.com/reviews/,66,13143,0.5%,8.71
https://www.johnsonlgroup.com/blog/2025/january/2025-colorado-legal-internship-for-high-school-students/,66,1175,5.62%,10.45
https://www.johnsonlgroup.com/reviews/,65,18998,0.34%,8.16
https://www.johnsonlgroup.com/blog/2023/october/who-gets-the-kids-the-battle-of-child-custody/,65,14056,0.46%,14.39
https://www.johnsonlgroup.com/colorado-springs-domestic-partnership-lawyer/,64,15327,0.42%,25.95
https://www.johnsonlgroup.com/blog/2025/december/divorce-and-social-security-benefits-in-colorado/,64,7512,0.85%,6.27
https://www.johnsonlgroup.com/blog/2022/october/create-a-personal-property-memorandum/,64,5389,1.19%,18.16
https://www.johnsonlgroup.com/attorneys/daniel-sol/,64,2174,2.94%,13.95
https://www.johnsonlgroup.com/blog/2026/february/50-50-custody-in-colorado/,63,8265,0.76%,8.7
https://www.johnsonlgroup.com/colorado/locations/fort-collins/,60,25745,0.23%,22.21
https://www.johnsonlgroup.com/blog/2021/october/what-is-a-civil-union-in-colorado/,59,201057,0.03%,6.67
https://www.johnsonlgroup.com/blog/2021/april/pros-and-cons-of-divorce-mediation/,59,20513,0.29%,17.97
https://www.johnsonlgroup.com/blog/2021/april/how-to-calculate-income-for-child-support-and-al/,58,11294,0.51%,25.15
https://www.johnsonlgroup.com/illinois/locations/chicago/,56,63597,0.09%,17.48
https://www.johnsonlgroup.com/blog/2024/march/understanding-guardianship-for-minors-in-colorado/,56,7709,0.73%,9.83
https://www.johnsonlgroup.com/colorado/property-division/non-marital-property/,56,4290,1.31%,9.34
https://www.johnsonlgroup.com/blog/2021/may/what-is-the-minimum-amount-of-child-support-in-colorado/,54,9436,0.57%,17.61
https://www.johnsonlgroup.com/blog/2023/may/most-common-examples-of-parental-alienation-in-colorado-2023/,54,6541,0.83%,6.61
https://www.johnsonlgroup.com/attorneys/myron-l-latney-jr/,53,1008,5.26%,7.09
https://www.johnsonlgroup.com/colorado-springs-prenuptial-postnuptial-agreemen/,52,26699,0.19%,46.67
https://www.johnsonlgroup.com/blog/2024/april/filing-for-divorce-in-colorado-2024-guide-/,52,21720,0.24%,28.03
https://www.johnsonlgroup.com/blog/2024/december/how-to-apply-for-guardianship-of-a-minor-step-by/,52,16576,0.31%,33.79
https://www.johnsonlgroup.com/blog/2022/february/terminating-parental-rights-under-colorado-law-what-you-need-to-know/,50,7744,0.65%,12.47
https://www.johnsonlgroup.com/blog/2022/november/splitting-the-house-in-a-divorce/,49,17314,0.28%,21
https://www.johnsonlgroup.com/blog/2024/july/child-custody-considerations-for-vacation-and-travel-plans/,49,14827,0.33%,7.69
https://www.johnsonlgroup.com/blog/2024/june/what-happens-when-a-protection-order-is-violated/,49,8326,0.59%,15.36
https://www.johnsonlgroup.com/blog/2021/may/how-domestic-violence-impacts-divorce-in-colorad/,49,2182,2.25%,11.23
https://www.johnsonlgroup.com/blog/2022/july/colorado-divorce-laws-for-division-of-property-2/,47,28521,0.16%,24.17
https://www.johnsonlgroup.com/blog/2021/july/moving-out-of-state-during-a-divorce-what-to-exp/,47,11140,0.42%,16.67
https://www.johnsonlgroup.com/blog/2022/september/understanding-best-interest-of-the-child-standar/,46,21407,0.21%,13.92
https://www.johnsonlgroup.com/colorado-springs-orders-of-protection-lawyer/,45,36232,0.12%,37.31
https://www.johnsonlgroup.com/blog/2021/april/mental-health-issues-and-divorce/,45,5887,0.76%,19.47
https://www.johnsonlgroup.com/blog/2021/may/what-questions-do-they-ask-in-divorce-court/,44,4667,0.94%,13.34
https://www.johnsonlgroup.com/denver-child-custody-lawyer/,43,418094,0.01%,54.52
https://www.johnsonlgroup.com/colorado/locations/denver/high-conflict-custody/,43,40791,0.11%,23.34
https://www.johnsonlgroup.com/fort-collins-family-law-attorney/,43,39790,0.11%,25.02
https://www.johnsonlgroup.com/colorado-springs-high-conflict-child-custody-law/,43,27067,0.16%,32.27
https://www.johnsonlgroup.com/blog/2021/april/how-to-value-collectibles-for-estate-planning/,43,12286,0.35%,14.16
https://johnsonlgroup.com/annulment-in-colorado/,43,11097,0.39%,16.53
https://www.johnsonlgroup.com/denver-orders-of-protection-lawyer/,41,59740,0.07%,44.81
https://www.johnsonlgroup.com/blog/2024/august/can-you-get-divorced-without-an-attorney/,41,11566,0.35%,12.06
https://www.johnsonlgroup.com/colorado/child-custody/temporary-order/,40,7961,0.5%,11.45
https://www.johnsonlgroup.com/colorado/guardianship-1/minor/,40,5451,0.73%,9.97
https://www.johnsonlgroup.com/blog/2022/september/colorado-common-law-marriage-2023-all-you-need-to-know/,37,20635,0.18%,14.4
https://www.johnsonlgroup.com/fort-collins-divorce-lawyer/,37,20484,0.18%,28.9
https://www.johnsonlgroup.com/blog/2021/june/can-a-small-estate-avoid-probate-in-colorado-/,37,12341,0.3%,29.05
https://www.johnsonlgroup.com/colorado/alimony/avoid-paying/,37,2231,1.66%,19.28
https://www.johnsonlgroup.com/blog/2021/may/how-domestic-violence-impacts-divorce-in-colorado/,37,2193,1.69%,11.31
https://johnsonlgroup.com/attorneys/ethan-sumida/,37,895,4.13%,14.66
https://www.johnsonlgroup.com/attorneys/melody-anchietta/,37,307,12.05%,7.25
https://www.johnsonlgroup.com/colorado-child-custody/,36,29792,0.12%,40.38
https://www.johnsonlgroup.com/englewood-domestic-partnership-lawyer/,36,27702,0.13%,41.56
https://www.johnsonlgroup.com/blog/2022/december/rights-of-custodial-parent-vs-non-custodial-parent-in-colorado-2023/,36,6383,0.56%,14.79
https://www.johnsonlgroup.com/blog/2022/january/how-to-file-for-custody-of-a-child-in-colorado-i/,35,32880,0.11%,37.97
https://johnsonlgroup.com/new-client-consult/,35,14834,0.24%,11.63
https://www.johnsonlgroup.com/blog/2021/july/all-you-need-to-know-about-testamentary-trusts-1/,34,33926,0.1%,28.58
https://www.johnsonlgroup.com/blog/2021/december/navigating-the-family-support-registry-in-colora/,34,25085,0.14%,14.1
https://www.johnsonlgroup.com/blog/2025/january/how-domestic-violence-affects-child-custody-and-/,34,4892,0.7%,9.12
https://www.johnsonlgroup.com/blog/2024/october/how-to-file-for-joint-custody-in-colorado-2024/,33,16463,0.2%,24.78
https://www.johnsonlgroup.com/blog/2024/august/can-alimony-be-modified-after-divorce-/,33,11457,0.29%,22.99
https://johnsonlgroup.com/colorado-springs-domestic-partnership-lawyer/,33,10440,0.32%,26.96
https://www.johnsonlgroup.com/blog/2022/march/what-do-judges-look-for-in-child-custody-cases-/,33,3743,0.88%,20.03
https://www.johnsonlgroup.com/attorneys/anthony-stoeter/,33,266,12.41%,8.59
https://www.johnsonlgroup.com/fort-collins-domestic-partnership-lawyer/,32,10635,0.3%,37.14
https://www.johnsonlgroup.com/blog/2021/january/is-colorado-a-community-property-state-/,31,24015,0.13%,16.5
https://johnsonlgroup.com/attorneys/andrea-dalton/,31,14350,0.22%,11.4
https://www.johnsonlgroup.com/blog/2024/december/protection-orders-for-domestic-violence-victims-/,31,14031,0.22%,15.39
https://www.johnsonlgroup.com/blog/2025/december/digital-evidence-in-divorce-what-texts-emails-an/,31,7379,0.42%,7.77
https://www.johnsonlgroup.com/blog/2021/july/what-qualifies-as-an-unfit-parent-in-colorado/,31,3458,0.9%,16.77
https://www.johnsonlgroup.com/attorneys/timothy-leo/,31,405,7.65%,7.29
https://www.johnsonlgroup.com/fort-collins-orders-of-protection-lawyer/,30,9015,0.33%,47.42
https://www.johnsonlgroup.com/blog/2022/january/how-social-media-is-ruining-your-divorce/,30,6229,0.48%,20.71
https://johnsonlgroup.com/denver-high-conflict-child-custody-lawyer/,29,51604,0.06%,39.22
https://www.johnsonlgroup.com/fort-collins-prenuptial-and-postnuptial-agreemen/,29,14990,0.19%,58.54
https://www.johnsonlgroup.com/blog/2022/april/top-10-sneaky-divorce-tactics-in-colorado-and-ho/,29,3992,0.73%,33.04
https://johnsonlgroup.com/ji-attorneys/,28,10824,0.26%,6.16
https://www.johnsonlgroup.com/blog/2022/june/what-constitutes-a-substantial-change-in-circumstance/,28,10272,0.27%,6.45
https://johnsonlgroup.com/attorneys/courtney-ragland/,28,1717,1.63%,20.58
https://www.johnsonlgroup.com/denver-divorce-lawyer/?utm_campaign=gmb,28,795,3.52%,6.46
https://www.johnsonlgroup.com/blog/2024/november/navigating-child-custody-issues-through-divorce-/,27,14862,0.18%,37.45
https://www.johnsonlgroup.com/blog/2022/june/estate-planning-for-widows-widowers/,27,9336,0.29%,17.46
https://www.johnsonlgroup.com/blog/2026/march/50-50-property-split-colorado-divorce/,27,7143,0.38%,11.94
https://www.johnsonlgroup.com/wyoming/alimony/,27,4342,0.62%,7.1
https://johnsonlgroup.com/attorneys/jessica-lasky/,26,1138,2.28%,26.33
https://www.johnsonlgroup.com/denver-criminal-defense-lawyer/,25,54878,0.05%,59.35
https://www.johnsonlgroup.com/blog/2024/march/a-roadmap-to-divorce-in-colorado/,25,28089,0.09%,39.88
https://www.johnsonlgroup.com/blog/2024/march/understanding-colorado-divorce-laws-grounds-for-/,25,11777,0.21%,26.87
https://www.johnsonlgroup.com/blog/2021/november/revocable-vs-irrevocable-trust/,25,9609,0.26%,30.71
https://www.johnsonlgroup.com/blog/2025/august/navigating-virtual-visitation-rights-in-colorado/,25,7255,0.34%,6.99
https://www.johnsonlgroup.com/colorado/domestic-violence/colorado-civil-protection-order-all-you-need-to-know/,25,6323,0.4%,25.38
https://www.johnsonlgroup.com/blog/2026/january/how-to-successfully-navigate-a-divorce-in-colora/,25,4875,0.51%,5.88
https://www.johnsonlgroup.com/payments/,25,417,6%,8.15
https://www.johnsonlgroup.com/locations/,24,18715,0.13%,6.3
https://www.johnsonlgroup.com/blog/2022/february/what-is-a-gun-trust-/,24,9129,0.26%,45.03
https://www.johnsonlgroup.com/blog/2022/june/spending-of-marital-assets-before-or-during-a-di/,24,3609,0.67%,17.68
https://www.johnsonlgroup.com/blog/2024/february/meet-attorney-anne-hinds-managing-partner-in-new/,24,1141,2.1%,7.93
https://www.johnsonlgroup.com/practice-areas/family-law/separation-agreements/,23,7135,0.32%,25.1
https://johnsonlgroup.com/grandparent-rights-in-colorado/,23,5053,0.46%,24.39
https://www.johnsonlgroup.com/blog/2022/february/what-are-my-rights-if-i-leave-the-marital-home/,23,3927,0.59%,11.81
https://www.johnsonlgroup.com/blog/2021/april/alcoholism-and-child-custody/,22,7561,0.29%,48.21
https://www.johnsonlgroup.com/illinois/divorce-2/served-papers/,22,3765,0.58%,18.88
https://www.johnsonlgroup.com/colorado/locations/denver/divorce/,21,90750,0.02%,15.24
https://www.johnsonlgroup.com/blog/2021/september/when-does-child-support-end-in-colorado-/,21,13695,0.15%,15.6
https://www.johnsonlgroup.com/blog/2023/september/5-tips-for-negotiating-a-child-custody-agreement/,21,4760,0.44%,15.47
https://www.johnsonlgroup.com/blog/2025/january/protective-measures-for-children-in-divorces-inv/,21,1417,1.48%,10.96
https://www.johnsonlgroup.com/colorado/child-support/enforcement/,20,6187,0.32%,13.03
https://www.johnsonlgroup.com/blog/2022/august/divorce-and-the-division-of-trusts/,20,3721,0.54%,25.69
https://www.johnsonlgroup.com/blog/2024/september/financial-considerations-for-divorce-in-colorado-what-you-need-to-know/,20,2734,0.73%,11.3
https://www.johnsonlgroup.com/blog/2026/march/2026-family-law-intership/,20,126,15.87%,5.96
https://www.johnsonlgroup.com/blog/2022/april/dissolution-vs-divorce-colorado-what-is-the-difference/,19,5373,0.35%,13.87
https://www.johnsonlgroup.com/blog/2022/february/how-to-avoid-paying-spousal-support-in-colorado-strategies-and-legal-tips/,19,2683,0.71%,15.25
https://www.johnsonlgroup.com/attorneys/tamara-crolla/,19,154,12.34%,4.25
https://www.johnsonlgroup.com/denver-child-support-lawyer/,18,239330,0.01%,56.69
https://johnsonlgroup.com/family-law-lawyer/,18,160026,0.01%,56.01
https://www.johnsonlgroup.com/blog/2021/may/denver-divorce-papers-101/,18,13990,0.13%,26.93
https://www.johnsonlgroup.com/colorado/paternity-1/establishing/,18,10462,0.17%,12.27
https://www.johnsonlgroup.com/blog/2021/may/what-qualifies-someone-for-spousal-support-/,18,10379,0.17%,46.99
https://www.johnsonlgroup.com/blog/2024/april/what-is-kinship-adoption-/,18,9440,0.19%,34.25
https://www.johnsonlgroup.com/colorado/child-support/modification/,18,5665,0.32%,12.48
https://www.johnsonlgroup.com/blog/2021/september/divorce-support-groups-in-colorado/,18,4102,0.44%,22.82
https://www.johnsonlgroup.com/blog/2024/august/what-can-happen-if-one-parent-denies-parenting-time/,18,2634,0.68%,6.77
https://www.johnsonlgroup.com/blog/2025/may/protecting-bitcoin-and-digital-assets-in-a-color/,18,2613,0.69%,26.72
https://www.johnsonlgroup.com/denver-spousal-maintenance-lawyer/,17,133858,0.01%,31.08
https://www.johnsonlgroup.com/blog/2021/may/what-is-the-most-common-reason-for-divorce/,17,21264,0.08%,25.57
https://www.johnsonlgroup.com/blog/2022/april/credit-scores-and-divorce/,17,12421,0.14%,27.3
https://www.johnsonlgroup.com/colorado/child-custody/modification/,17,9268,0.18%,9.38
https://www.johnsonlgroup.com/blog/2026/march/how-much-does-a-divorce-cost-in-colorado-2026/,17,7786,0.22%,8.51
https://www.johnsonlgroup.com/colorado/child-support/termination/,17,4315,0.39%,12.04
https://www.johnsonlgroup.com/colorado/,17,2029,0.84%,37.22
https://www.johnsonlgroup.com/colorado/child-custody/parental-alienation/,17,1934,0.88%,10.32
https://johnsonlgroup.com/spending-marital-assets-divorce/,17,1839,0.92%,33.7
https://www.johnsonlgroup.com/florida/,17,1563,1.09%,18.31
https://www.johnsonlgroup.com/videos/andrea-dalton/,17,428,3.97%,21.14
https://www.johnsonlgroup.com/denver-high-net-worth-divorce-lawyer/,16,41841,0.04%,44.18
https://www.johnsonlgroup.com/illinois/locations/chicago/fathers-rights/,16,9900,0.16%,14.94
https://www.johnsonlgroup.com/blog/2021/june/can-a-small-estate-avoid-probate-in-colorado/,16,6542,0.24%,15.27
https://www.johnsonlgroup.com/fort-collins-high-conflict-child-custody-lawyer/,16,6469,0.25%,25.61
https://www.johnsonlgroup.com/blog/2022/november/child-custody-modification-in-colorado/,16,3716,0.43%,30.04
https://www.johnsonlgroup.com/blog/2024/august/meet-heidi-whitaker-lead-family-law-attorney-in-new-wyoming-office/,16,890,1.8%,11.2
https://www.johnsonlgroup.com/blog/2021/may/how-do-they-determine-who-gets-custody-/,15,55455,0.03%,21.49
https://www.johnsonlgroup.com/family-based-immigration/,15,10286,0.15%,42.77
https://www.johnsonlgroup.com/blog/2023/november/navigating-the-financial-costs-of-divorce-in-col/,15,9455,0.16%,18.53
https://www.johnsonlgroup.com/blog/2021/february/what-is-a-guardian-ad-litem-/,15,7880,0.19%,49.01
https://www.johnsonlgroup.com/blog/2024/september/can-a-childs-preference-influence-custody-decisions-in-colorado/,15,3895,0.39%,11.21
https://www.johnsonlgroup.com/blog/2022/december/what-can-i-do-if-my-childs-parent-engages-in-dangerous-activity/,15,2104,0.71%,8.27
https://www.johnsonlgroup.com/colorado/divorce/social-media/,15,1844,0.81%,10.58
https://www.johnsonlgroup.com/blog/2021/october/what-are-a-fathers-rights-in-colorado-/,14,11890,0.12%,25.94
https://www.johnsonlgroup.com/florida/locations/boca-raton/,14,6566,0.21%,25.62
https://www.johnsonlgroup.com/blog/2023/october/why-a-marital-agreement-can-be-a-smart-decision-/,14,3602,0.39%,24.59
https://www.johnsonlgroup.com/colorado/child-custody/grandparent-third-party-visitation/,14,2785,0.5%,16.95
https://www.johnsonlgroup.com/florida/contact-us/,14,1717,0.82%,9.21
https://www.johnsonlgroup.com/colorado/prenup-postnup/prenup-vs-postnup/,14,1607,0.87%,11.26
https://johnsonlgroup.com/colorado-springs-family-law-lawyer/,13,63888,0.02%,40.69
https://www.johnsonlgroup.com/denver-trusts-lawyer/,13,26262,0.05%,42.14
https://www.johnsonlgroup.com/blog/2022/march/divorce-facts-in-colorado-everything-you-need-to/,13,9643,0.13%,32.63
https://www.johnsonlgroup.com/colorado/property-division/community-property-state/,13,8667,0.15%,11.85
https://www.johnsonlgroup.com/blog/2024/april/grandparents-rights-in-colorado-maintaining-conn/,13,8600,0.15%,23.31
https://johnsonlgroup.com/fort-collins-domestic-partnership-lawyer/,13,3845,0.34%,42.81
https://www.johnsonlgroup.com/illinois/divorce-2/uncontested-timeline/,13,3445,0.38%,21.03
https://www.johnsonlgroup.com/blog/2022/april/divorce-settlement-with-a-special-needs-child/,13,2661,0.49%,17.81
https://www.johnsonlgroup.com/blog/2022/june/protecting-generational-wealth-during-your-divor/,13,2493,0.52%,26.02
https://www.johnsonlgroup.com/blog/2024/august/how-domestic-violence-impacts-child-custody-in-colorado/,13,2259,0.58%,9.04
https://www.johnsonlgroup.com/blog/2023/june/what-can-be-used-against-you-in-a-divorce-in-colorado-2023/,13,1692,0.77%,14.61
https://www.johnsonlgroup.com/denver-estate-planning-lawyer/,12,57544,0.02%,55.66
https://www.johnsonlgroup.com/denver-modification-lawyer/,12,18075,0.07%,32.37
https://www.johnsonlgroup.com/practice-areas/family-law/fathers-rights/,12,16458,0.07%,24.52
https://www.johnsonlgroup.com/blog/2023/november/navigating-the-financial-costs-of-divorce-in-colorado/,12,12565,0.1%,11.69
https://www.johnsonlgroup.com/blog/2024/august/can-alimony-be-modified-after-divorce/,12,4525,0.27%,16.48
https://www.johnsonlgroup.com/blog/2022/july/unique-divorce-issues-for-executives-and-shareho/,12,3880,0.31%,12.25
https://johnsonlgroup.com/child-support-calculated/,12,2744,0.44%,32.57
https://www.johnsonlgroup.com/colorado/locations/fort-collins/domestic-partnership/,12,1886,0.64%,25.1
https://www.johnsonlgroup.com/blog/2023/may/new-johnson-law-group-partner/,12,1004,1.2%,10.12
https://www.johnsonlgroup.com/blog/2021/december/navigating-the-family-support-registry-in-colorado/,11,31804,0.03%,9.76
https://www.johnsonlgroup.com/blog/2021/october/how-to-create-a-will-in-colorado/,11,29335,0.04%,36.55
https://www.johnsonlgroup.com/fort-collins-child-custody-lawyer/,11,16788,0.07%,20.37
https://www.johnsonlgroup.com/colorado/divorce/common-law-marriage/,11,7580,0.15%,17.73
https://www.johnsonlgroup.com/wyoming/locations/cheyenne/uncontested-divorce/,11,6962,0.16%,11.15
https://www.johnsonlgroup.com/blog/2021/september/how-to-file-for-grandparents-rights-in-colorado/,11,6782,0.16%,34.1
https://www.johnsonlgroup.com/blog/2025/january/the-difference-between-guardianship-and-conserva/,11,6667,0.16%,45.31
https://www.johnsonlgroup.com/fort-collins-child-support-lawyer/,11,6052,0.18%,19.61
https://www.johnsonlgroup.com/blog/2021/november/what-does-allocation-of-parental-rights-mean-in-/,11,4882,0.23%,19.84
https://www.johnsonlgroup.com/blog/2022/march/determining-if-there-are-hidden-marital-assets/,11,4069,0.27%,20.04
https://www.johnsonlgroup.com/colorado/guardianship-1/petitioning/,11,3363,0.33%,34.83
https://www.johnsonlgroup.com/blog/2025/june/the-impact-of-job-loss-on-child-support-obligati/,11,2541,0.43%,8.52
https://www.johnsonlgroup.com/blog/2024/august/understanding-the-90-day-separation-period-in-colorado/,11,2238,0.49%,8.97
https://www.johnsonlgroup.com/blog/2025/february/challenges-and-opportunities-in-presenting-exper/,11,1946,0.57%,31.14
https://www.johnsonlgroup.com/colorado/property-division/who-gets-house/,11,1824,0.6%,14.79
https://johnsonlgroup.com/denver-criminal-defense-lawyer/,10,58915,0.02%,51.87
https://www.johnsonlgroup.com/colorado-springs-divorce-lawyer/,10,22720,0.04%,27.51
https://www.johnsonlgroup.com/blog/2022/january/how-to-file-for-divorce-in-denver-colorado-in-20/,10,17012,0.06%,27.41
https://www.johnsonlgroup.com/blog/2021/april/understanding-alimony-in-colorado/,10,13770,0.07%,47.39
https://www.johnsonlgroup.com/blog/2024/june/celebrating-pride-month-a-guide-to-same-sex-divo/,10,4358,0.23%,32.14
https://www.johnsonlgroup.com/blog/2024/september/should-you-represent-yourself-in-a-divorce-case-/,10,3611,0.28%,31.55
https://www.johnsonlgroup.com/blog/2025/october/high-conflict-divorce-and-child-custody-strategi/,10,3112,0.32%,7.82
https://www.johnsonlgroup.com/wyoming/child-support/,10,3109,0.32%,9.81
https://www.johnsonlgroup.com/blog/2021/november/what-is-colorado-springs-best-known-for/,10,3083,0.32%,9.05
https://www.johnsonlgroup.com/colorado/child-custody/relocating-children/,10,2742,0.36%,20.05
https://www.johnsonlgroup.com/blog/2026/january/skiing-sports-and-stem-handling-extracurricular-/,10,2091,0.48%,6.75
https://www.johnsonlgroup.com/blog/2024/june/building-a-family-through-love-same-sex-adoption-in-colorado/,10,982,1.02%,12.63
https://www.johnsonlgroup.com/wyoming/prenup-postnup/,10,764,1.31%,5.48
https://johnsonlgroup.com/attorneys/thomas-nellessen/,10,475,2.11%,23.48
https://johnsonlgroup.com/2025-colorado-legal-internship/,10,89,11.24%,14.18
https://www.johnsonlgroup.com/family-law-lawyer/,9,62337,0.01%,60.02
https://www.johnsonlgroup.com/denver-military-divorce-lawyer/,9,30921,0.03%,40.6
https://www.johnsonlgroup.com/denver-property-division-lawyer/,9,29956,0.03%,38.77
https://www.johnsonlgroup.com/blog/2022/september/writing-a-last-will-and-testament/,9,11086,0.08%,40.93
https://www.johnsonlgroup.com/fort-collins-uncontested-divorce-lawyer/,9,4844,0.19%,29.68
https://www.johnsonlgroup.com/blog/2022/february/colorado-child-custody-modification/,9,4317,0.21%,25.34
https://www.johnsonlgroup.com/blog/2022/march/what-are-the-five-stages-of-divorce/,9,3773,0.24%,19.49
https://www.johnsonlgroup.com/blog/2022/june/spending-of-marital-assets-before-or-during-a-divorce/,9,2655,0.34%,11.14
https://www.johnsonlgroup.com/blog/2023/september/5-tips-for-negotiating-a-child-custody-agreement-in-colorado/,9,2552,0.35%,11.37
https://www.johnsonlgroup.com/blog/2024/november/understanding-alimony-support/,9,2448,0.37%,16.83
https://johnsonlgroup.com/protecting-generational-wealth/,9,2406,0.37%,33.67
https://www.johnsonlgroup.com/blog/2024/march/navigating-easter-a-parenting-time-guide-for-div/,9,1802,0.5%,9
https://www.johnsonlgroup.com/blog/2024/july/meet-shana-velez-your-trusted-immigration-attorn/,9,1570,0.57%,18.64
https://johnsonlgroup.com/attorneys/brent-mecham/,9,1393,0.65%,27.86
https://www.johnsonlgroup.com/blog/2025/april/understanding-the-role-of-mediation-in-high-net-/,9,1147,0.78%,15.28
https://www.johnsonlgroup.com/practice-areas/personal-injury-law/,8,47952,0.02%,76.3
https://www.johnsonlgroup.com/denver-wills-lawyer/,8,32441,0.02%,40.07
https://www.johnsonlgroup.com/denver-divorce-mediation-lawyer/,8,23218,0.03%,33.23
https://www.johnsonlgroup.com/fort-collins-high-net-worth-divorce-lawyer/,8,17763,0.05%,32.4
https://www.johnsonlgroup.com/blog/2021/february/can-my-child-decide-who-they-want-to-live-with-/,8,4860,0.16%,27.9
https://www.johnsonlgroup.com/blog/2025/february/understanding-tax-implications-in-high-net-worth/,8,4542,0.18%,33.06
https://www.johnsonlgroup.com/blog/2021/april/how-is-child-support-calculated-in-colorado-/,8,3595,0.22%,28.68
https://www.johnsonlgroup.com/colorado/child-custody/role-guardian-ad-litem-gal/,8,3038,0.26%,12.97
https://www.johnsonlgroup.com/blog/2024/august/navigating-back-to-school-season-with-child-cust/,8,2009,0.4%,8.8
https://www.johnsonlgroup.com/colorado/locations/colorado-springs/domestic-partnership/,8,1629,0.49%,23.04
https://www.johnsonlgroup.com/attorneys/courtney-ragland/,8,539,1.48%,16.15
https://www.johnsonlgroup.com/wyoming/locations/cheyenne/mediation/,8,525,1.52%,16.36
https://www.johnsonlgroup.com/blog/2024/february/meet-attorney-anne-hinds-managing-partner-in-new-florida-office/,8,371,2.16%,7.39
https://johnsonlgroup.com/attorneys/jessica-lasky,8,49,16.33%,3.8
https://www.johnsonlgroup.com/practice-areas/family-law/,7,91978,0.01%,48.34
https://www.johnsonlgroup.com/practice-areas/family-law/military-divorce/,7,18138,0.04%,44.31
https://www.johnsonlgroup.com/blog/2021/december/understanding-the-colorado-intestate-process/,7,15655,0.04%,22.06
https://www.johnsonlgroup.com/blog/2025/may/prenuptial-agreements-protecting-your-assets-bef/,7,11121,0.06%,22.18
https://www.johnsonlgroup.com/colorado-springs-contested-divorce-lawyer/,7,8737,0.08%,43.79
https://www.johnsonlgroup.com/blog/2021/may/legal-separation-vs-divorce-in-colorado-a-comple/,7,7432,0.09%,38.91
https://www.johnsonlgroup.com/blog/2024/february/a-comprehensive-guide-the-process-of-obtaining-a/,7,6992,0.1%,38.71
https://www.johnsonlgroup.com/illinois/locations/chicago/child-support/,7,6193,0.11%,20.19
https://johnsonlgroup.com/colorado-springs/,7,5690,0.12%,53.3
https://www.johnsonlgroup.com/blog/2024/june/stepparent-adoption-process-in-colorado/,7,5662,0.12%,21.87
https://www.johnsonlgroup.com/blog/2021/may/how-do-they-determine-who-gets-custody/,7,4941,0.14%,13.98
https://www.johnsonlgroup.com/blog/2024/may/what-protections-does-a-protection-order-provide/,7,4714,0.15%,36.35
https://johnsonlgroup.com/fort-collins-orders-of-protection-lawyer/,7,3976,0.18%,49.2
https://johnsonlgroup.com/grandparents-rights-in-colorado/,7,3840,0.18%,28.72
https://www.johnsonlgroup.com/colorado/adoption-2-2/kinship/,7,2240,0.31%,11.57
https://www.johnsonlgroup.com/blog/2024/march/denver-colorado-cold-weather-closures/,7,1827,0.38%,14.86
https://www.johnsonlgroup.com/illinois/,7,1412,0.5%,17.33
https://www.johnsonlgroup.com/blog/2024/november/navigating-custody-arrangements-how-to-get-more-/,7,1073,0.65%,34.35
https://www.johnsonlgroup.com/blog/2023/october/why-a-marital-agreement-can-be-a-smart-decision-for-couples/,7,1055,0.66%,16.48
https://www.johnsonlgroup.com/es/,7,699,1%,10.87
https://www.johnsonlgroup.com/blog/2025/september/understanding-legal-and-physical-custody-in-colo/,7,634,1.1%,14.03
https://www.johnsonlgroup.com/colorado-springs-high-net-worth-divorce-lawyer/,6,22558,0.03%,53.19
https://www.johnsonlgroup.com/colorado/locations/denver/child-custody/,6,17261,0.03%,21.77
https://www.johnsonlgroup.com/blog/2021/may/how-does-a-pour-over-will-work-/,6,11371,0.05%,57.95
https://www.johnsonlgroup.com/colorado-springs-divorce-mediation-lawyer/,6,9839,0.06%,42.18
https://www.johnsonlgroup.com/practice-areas/,6,9700,0.06%,10.81
https://www.johnsonlgroup.com/blog/2021/january/is-colorado-a-community-property-state/,6,7508,0.08%,10.98
https://www.johnsonlgroup.com/colorado/child-custody/parenting-plans/,6,5064,0.12%,11.26
https://www.johnsonlgroup.com/commerce-city-domestic-partnership-lawyer/,6,4988,0.12%,27.62
https://www.johnsonlgroup.com/blog/2021/october/how-long-does-a-divorce-take-in-colorado-/,6,4746,0.13%,18.91
https://johnsonlgroup.com/commerce-city-family-lawyer/,6,4065,0.15%,24.59
https://www.johnsonlgroup.com/blog/2021/april/how-is-child-support-calculated-in-colorado/,6,3297,0.18%,20.41
https://johnsonlgroup.com/kinship-adoption-in-colorado/,6,3076,0.2%,43.09
https://www.johnsonlgroup.com/fort-collins-property-division-lawyer/,6,2337,0.26%,39.89
https://www.johnsonlgroup.com/blog/2021/july/annulments-101-in-colorado/,6,2171,0.28%,34.76
https://www.johnsonlgroup.com/videos/andrea-dalton/meet-senior-attorney-andrea-dalton/,6,1561,0.38%,38.27
https://johnsonlgroup.com/collectibles-state-planning/,6,1448,0.41%,22.3
https://www.johnsonlgroup.com/blog/2022/april/cryptocurrency-and-your-estate-plan/,6,1339,0.45%,25.31
https://www.johnsonlgroup.com/blog/2021/july/all-you-need-to-know-about-testamentary-trusts-101/,6,938,0.64%,20.65
https://www.johnsonlgroup.com/blog/2022/april/top-10-sneaky-divorce-tactics-in-colorado-and-how-to-avoid-them/,6,275,2.18%,18.06
https://www.johnsonlgroup.com/videos/our-story/taylor-brice/,6,87,6.9%,8.16
https://www.johnsonlgroup.com/blog/2023/august/how-to-file-for-divorce-in-colorado-attorney-202/,5,23492,0.02%,55.11
https://www.johnsonlgroup.com/practice-areas/criminal-defense/,5,20963,0.02%,68.55
https://www.johnsonlgroup.com/practice-areas/family-law/adoption/,5,17009,0.03%,25.7
https://johnsonlgroup.com/fathers-rights-in-colorado/,5,7082,0.07%,30.32
https://www.johnsonlgroup.com/blog/2022/may/student-loans-and-divorce/,5,3852,0.13%,34.43
https://www.johnsonlgroup.com/practice-areas/family-law/divorce/military-divorce/,5,3757,0.13%,48.52
https://www.johnsonlgroup.com/blog/2024/december/protection-orders-for-domestic-violence-victims-how-they-work-and-how-to-stay-safe/,5,3715,0.13%,13.69
https://www.johnsonlgroup.com/colorado/locations/denver/military-divorce/,5,3117,0.16%,37.85
https://www.johnsonlgroup.com/blog/2024/march/navigating-divorce-how-to-divide-assets-in-color/,5,2600,0.19%,31.99
https://www.johnsonlgroup.com/colorado/filing-for-divorce/,5,2402,0.21%,33.31
https://www.johnsonlgroup.com/colorado/child-support/how-to-file/,5,2375,0.21%,22.18
https://www.johnsonlgroup.com/blog/2024/october/what-are-the-rights-of-grandparents-if-one-or-both-parents-are-deceased/,5,2197,0.23%,8.72
https://johnsonlgroup.com/best-interest-of-the-child-standard/,5,1922,0.26%,38.03
https://www.johnsonlgroup.com/blog/2022/july/estate-planning-for-medical-professionals/,5,1824,0.27%,25.96
https://www.johnsonlgroup.com/blog/2024/december/how-to-apply-for-guardianship-of-a-minor-step-by-step-guide/,5,1765,0.28%,15.17
https://www.johnsonlgroup.com/colorado/locations/colorado-springs/prenup-postnup/,5,1751,0.29%,30.69
https://www.johnsonlgroup.com/blog/2022/march/what-do-judges-look-for-in-child-custody-cases/,5,1667,0.3%,16.63
https://www.johnsonlgroup.com/colorado/divorce/how-long/,5,1435,0.35%,8.71
https://www.johnsonlgroup.com/blog/2021/february/what-is-a-guardian-ad-litem/,5,1396,0.36%,14.24
https://www.johnsonlgroup.com/blog/2021/october/what-are-a-fathers-rights-in-colorado/,5,1393,0.36%,30.49
https://www.johnsonlgroup.com/blog/2025/january/protective-measures-for-children-in-divorces-involving-substance-abuse/,5,1269,0.39%,8.92
https://www.johnsonlgroup.com/blog/2021/november/what-does-allocation-of-parental-rights-mean-in-colorado/,5,908,0.55%,17.51
https://www.johnsonlgroup.com/blog/2023/march/johnson-law-group-colorado-announces-new-office-in-chicago-illinois/,5,702,0.71%,10.23
https://www.johnsonlgroup.com/videos/webinars/,5,513,0.97%,12.92
https://www.johnsonlgroup.com/blog/2023/november/child-custody-modifications-during-the-holidays/,5,426,1.17%,12.24
https://www.johnsonlgroup.com/illinois/contact-us/,5,362,1.38%,9.91
https://www.johnsonlgroup.com/es/abogados/kristina-a-contreras/,5,231,2.16%,13.13
https://www.johnsonlgroup.com/blog/2024/january/2024-colorado-legal-internship-for-high-school-students/,5,218,2.29%,18.42
https://www.johnsonlgroup.com/videos/brent-mecham/meet-partner-brent-mecham/,5,189,2.65%,23.48
https://www.johnsonlgroup.com/colorado-springs-child-support-lawyer/,4,37926,0.01%,53.03
https://www.johnsonlgroup.com/practice-areas/family-law/spousal-maintenance/,4,22721,0.02%,30.16
https://www.johnsonlgroup.com/blog/2021/april/understanding-prenuptial-agreements-in-colorado/,4,16014,0.02%,44.68
https://www.johnsonlgroup.com/practice-areas/estate-planning/,4,12850,0.03%,53.12
https://www.johnsonlgroup.com/fort-collins-spousal-maintenance-lawyer/,4,8619,0.05%,24.79
https://www.johnsonlgroup.com/blog/2022/february/filing-for-military-divorce/,4,6238,0.06%,36.74
https://www.johnsonlgroup.com/blog/2021/june/contested-vs-uncontested-divorce-in-colorado/,4,6140,0.07%,54.67
https://www.johnsonlgroup.com/espanol/,4,5459,0.07%,43.29
https://www.johnsonlgroup.com/blog/2022/january/student-loans-and-divorce/,4,4339,0.09%,69.7
https://www.johnsonlgroup.com/faq/,4,3327,0.12%,13.5
https://www.johnsonlgroup.com/colorado-springs-high-conflict-child-custody-lawyer/,4,3217,0.12%,27.36
https://www.johnsonlgroup.com/blog/2023/august/free-attorney-consultations-for-an-amicable-divo/,4,2711,0.15%,36.33
https://www.johnsonlgroup.com/colorado/locations/colorado-springs/high-conflict-custody/,4,2631,0.15%,54.37
https://www.johnsonlgroup.com/blog/2025/october/high-conflict-divorce-and-child-custody-strategies-for-co-parenting/,4,2375,0.17%,7.95
https://www.johnsonlgroup.com/blog/2022/may/protection-of-digital-assets-in-your-divorce/,4,2214,0.18%,20.79
https://www.johnsonlgroup.com/blog/2022/december/protect-your-childrens-inheritance-with-a-lifetime-asset-protection-trust/,4,2123,0.19%,13.83
https://johnsonlgroup.com/divorce-facts-in-colorado/,4,2044,0.2%,36.79
https://www.johnsonlgroup.com/denver-uncontested-divorce-lawyer/,4,1976,0.2%,14.52
https://johnsonlgroup.com/fort-collins-high-conflict-child-custody-lawyer/,4,1808,0.22%,40.08
https://www.johnsonlgroup.com/blog/2021/february/how-to-pass-on-the-family-home/,4,1779,0.22%,39.94
https://www.johnsonlgroup.com/blog/2026/february/mediation-vs-court-litigation/,4,1514,0.26%,12.18
https://www.johnsonlgroup.com/core-values/,4,1428,0.28%,5.92
https://www.johnsonlgroup.com/denver-grandparents-rights-lawyer/,4,1176,0.34%,12.39
https://www.johnsonlgroup.com/florida/child-support/,4,952,0.42%,18.51
https://www.johnsonlgroup.com/blog/2024/january/protect-your-future-with-real-attorney-represent/,4,939,0.43%,20.44
https://www.johnsonlgroup.com/practice-areas/family-law/parental-rights/,4,903,0.44%,25.54
https://johnsonlgroup.com/protection-orders/,4,883,0.45%,15.73
https://www.johnsonlgroup.com/new-client-consult/,4,855,0.47%,10.68
https://www.johnsonlgroup.com/wyoming/guardianship/,4,851,0.47%,8.36
https://www.johnsonlgroup.com/wyoming/divorce/legal-separation/,4,572,0.7%,10.41
https://www.johnsonlgroup.com/colorado/locations/fort-collins/orders-of-protection/,4,555,0.72%,40.59
https://johnsonlgroup.com/thank-you-for-connecting/,4,545,0.73%,25.14
https://www.johnsonlgroup.com/colorado/property-division/hidden-assets/,4,522,0.77%,12.34
https://www.johnsonlgroup.com/blog/2024/november/7-steps-before-you-ask-for-a-divorce/,4,429,0.93%,10.55
https://www.johnsonlgroup.com/illinois/divorce/uncontested-timeline/,4,386,1.04%,10.39
https://www.johnsonlgroup.com/wyoming/adoption/,4,295,1.36%,7.23
https://www.johnsonlgroup.com/attorneys/heidi-noll/,4,19,21.05%,7.95
https://www.johnsonlgroup.com/blog/,3,16926,0.02%,13.36
https://www.johnsonlgroup.com/practice-areas/criminal-defense/robbery/,3,16196,0.02%,43.27
https://www.johnsonlgroup.com/practice-areas/family-law/child-custody/,3,6877,0.04%,23.42
https://www.johnsonlgroup.com/colorado/locations/colorado-springs/child-custody/,3,6791,0.04%,21.66
https://www.johnsonlgroup.com/colorado-family-law-resources/,3,5937,0.05%,8.15
https://johnsonlgroup.com/fort-collins-high-net-worth-divorce-lawyer/,3,5448,0.06%,37.07
https://www.johnsonlgroup.com/blog/2021/november/what-is-colorado-springs-best-known-for-/,3,5097,0.06%,16.67
https://www.johnsonlgroup.com/blog/2024/february/is-it-ever-too-early-for-estate-planning-a-color/,3,4149,0.07%,49.01
https://www.johnsonlgroup.com/colorado/divorce/annulment/,3,3932,0.08%,15.42
https://www.johnsonlgroup.com/blog/2024/march/understanding-colorado-divorce-laws-grounds-for-divorce/,3,3501,0.09%,19.11
https://www.johnsonlgroup.com/blog/2025/august/co-parenting-in-the-digital-age-navigating-share/,3,3380,0.09%,9.61
https://www.johnsonlgroup.com/practice-areas/family-law/parental-rights/fathers-rights/,3,3112,0.1%,25.07
https://www.johnsonlgroup.com/practice-areas/family-law/divorce/uncontested-divorce/,3,2999,0.1%,27.92
https://www.johnsonlgroup.com/videos/our-story/johnson-law-group-story/,3,2882,0.1%,13.83
https://www.johnsonlgroup.com/colorado/locations/commerce-city/divorce/,3,2872,0.1%,12.95
https://www.johnsonlgroup.com/blog/2022/september/which-should-you-file-for-first-bankruptcy-or-di/,3,2860,0.1%,44.74
https://www.johnsonlgroup.com/colorado/divorce/no-fault-vs-fault/,3,2338,0.13%,12.12
https://www.johnsonlgroup.com/blog/2022/march/divorce-facts-in-colorado-everything-you-need-to-know/,3,1775,0.17%,25.69
https://johnsonlgroup.com/protection-order-violations/,3,1503,0.2%,41.34
https://www.johnsonlgroup.com/blog/2025/december/modifying-spousal-maintenance-alimony-after-a-di/,3,1458,0.21%,9.66
https://www.johnsonlgroup.com/blog/2022/may/pets-and-your-estate-plan/,3,1427,0.21%,20.71
https://www.johnsonlgroup.com/blog/2022/february/what-is-a-gun-trust/,3,1351,0.22%,19.27
https://www.johnsonlgroup.com/espanol/contactanos/,3,1347,0.22%,35.15
https://www.johnsonlgroup.com/blog/2023/december/are-there-limitations-on-post-nuptial-agreements/,3,1329,0.23%,30
https://johnsonlgroup.com/englewood-high-conflict-child-custody-lawyer/,3,1321,0.23%,34.46
https://www.johnsonlgroup.com/colorado-springs-uncontested-divorce-lawyer/,3,1311,0.23%,26.15
https://www.johnsonlgroup.com/blog/2021/february/can-my-child-decide-who-they-want-to-live-with/,3,1271,0.24%,21.82
https://www.johnsonlgroup.com/colorado/locations/colorado-springs/high-net-worth-divorce/,3,1261,0.24%,31.37
https://www.johnsonlgroup.com/blog/2021/july/moving-out-of-state-during-a-divorce-what-to-expect/,3,1230,0.24%,13.35
https://www.johnsonlgroup.com/blog/2021/may/what-qualifies-someone-for-spousal-support/,3,1155,0.26%,21.17
https://www.johnsonlgroup.com/wyoming/locations/cheyenne/divorce-mediation/,3,1049,0.29%,13.85
https://www.johnsonlgroup.com/blog/2025/september/understanding-legal-and-physical-custody-in-colorado/,3,914,0.33%,17.32
https://www.johnsonlgroup.com/florida/locations/,3,890,0.34%,10.61
https://www.johnsonlgroup.com/blog/2026/june/temporary-orders-divorce/,3,761,0.39%,7.9
https://www.johnsonlgroup.com/colorado/child-custody/child-preference-age/,3,716,0.42%,14.94
https://www.johnsonlgroup.com/es/contactanos/,3,507,0.59%,15.53
https://www.johnsonlgroup.com/blog/2023/october/a-guide-to-shifting-smoothly-through-the-denver-/,3,464,0.65%,13.7
https://www.johnsonlgroup.com/colorado/locations/commerce-city/divorce-mediation-lawyer/,3,437,0.69%,11.38
https://www.johnsonlgroup.com/blog/2022/april/annulment-vs-divorce-in-colorado-what-is-the-difference/,3,357,0.84%,13.09
https://www.johnsonlgroup.com/wyoming/paternity/,3,340,0.88%,8.12
https://www.johnsonlgroup.com/prenup-postnup/,3,323,0.93%,12.8
https://www.johnsonlgroup.com/colorado/divorce/contested/,3,294,1.02%,16.2
https://www.johnsonlgroup.com/videos/myles-s-johnson/meet-managing-partner-myles-johnson/,3,279,1.08%,18.04
https://www.johnsonlgroup.com/videos/anne-hinds/meet-member-managing-partner-anne-hinds/,3,258,1.16%,15.52
https://www.johnsonlgroup.com/blog/2025/february/pros-and-cons-of-divorce/,3,206,1.46%,10.07
https://www.johnsonlgroup.com/videos/criminal/johnson-law-group-former-prosecutor-attorney-jes/,3,203,1.48%,20.75
https://www.johnsonlgroup.com/englewood-prenuptial-agreement-lawyer/,3,165,1.82%,37.38
https://www.johnsonlgroup.com/blog/2021/january/divorcing-with-a-special-needs-child/,3,157,1.91%,18.47
https://www.johnsonlgroup.com/videos/our-story/heidi-whitaker/,3,123,2.44%,8.93
https://www.johnsonlgroup.com/videos/attorneys-and-staff/kristina-contreras/,3,118,2.54%,5.77
https://www.johnsonlgroup.com/videos/meet-managing-partner-myles-johnson/meet-senior-attorney-andrea-dalton/,3,110,2.73%,51.25
https://www.johnsonlgroup.com/videos/attorneys-and-staff/shana-velez/,3,97,3.09%,7.64
https://www.johnsonlgroup.com/videos/video-page/,3,73,4.11%,38.85
https://www.johnsonlgroup.com/videos/myron-latney/meet-managing-partner-attorney-at-law-myron-latn/,3,69,4.35%,11.54
https://www.johnsonlgroup.com/videos/attorneys-and-staff/thomas-nellessen/,3,23,13.04%,10.74
https://www.johnsonlgroup.com/videos/attorneys-and-staff/timothy-leo/,3,19,15.79%,6.32
https://johnsonlgroup.com/practice-areas/personal-injury-law/,2,32087,0.01%,70.32
https://www.johnsonlgroup.com/colorado-springs-spousal-maintenance-lawyer/,2,31837,0.01%,41.28
https://www.johnsonlgroup.com/practice-areas/criminal-defense/violent-crimes/,2,28509,0.01%,49.26
https://johnsonlgroup.com/denver-child-support-lawyer/,2,14970,0.01%,37.51
https://www.johnsonlgroup.com/colorado-springs-modification-lawyer/,2,12938,0.02%,27.66
https://www.johnsonlgroup.com/practice-areas/criminal-defense/domestic-violence/,2,10430,0.02%,62.71
https://www.johnsonlgroup.com/practice-areas/family-law/divorce/,2,6559,0.03%,10.07
https://www.johnsonlgroup.com/site-map/,2,5691,0.04%,69.35
https://www.johnsonlgroup.com/blog/2023/august/how-to-file-for-divorce-in-colorado-attorney-2023-guide/,2,5572,0.04%,44.24
https://www.johnsonlgroup.com/colorado/locations/denver/orders-of-protection/,2,4972,0.04%,32.2
https://www.johnsonlgroup.com/colorado-springs-child-custody-lawyer/,2,4442,0.05%,37.14
https://www.johnsonlgroup.com/blog/2022/april/annulment-vs-divorce-in-colorado-what-is-the-dif/,2,4441,0.05%,39.89
https://www.johnsonlgroup.com/colorado/locations/denver/modification/,2,4253,0.05%,28.51
https://johnsonlgroup.com/denver-modification-lawyer/,2,4041,0.05%,54.24
https://www.johnsonlgroup.com/blog/2022/march/family-business-and-divorce/,2,3550,0.06%,22.54
https://www.johnsonlgroup.com/colorado-springs-property-division-lawyer/,2,3396,0.06%,7.69
https://www.johnsonlgroup.com/colorado/locations/denver/high-net-worth-divorce/,2,3391,0.06%,17.85
https://www.johnsonlgroup.com/colorado/locations/colorado-springs/orders-of-protection/,2,3384,0.06%,20.47
https://www.johnsonlgroup.com/colorado/child-custody/best-interest-of-child/,2,2896,0.07%,12.32
https://johnsonlgroup.com/revocable-trust-vs-irrevocable/,2,2861,0.07%,40.12
https://www.johnsonlgroup.com/blog/2021/september/differences-between-a-revocable-vs-irrevocable-t/,2,2662,0.08%,40.95
https://www.johnsonlgroup.com/blog/2023/september/how-to-deal-with-a-high-conflict-divorce/,2,2406,0.08%,45.31
https://www.johnsonlgroup.com/blog/2022/july/steps-toward-a-healthy-divorce/,2,2074,0.1%,17.74
https://www.johnsonlgroup.com/blog/2025/,2,2050,0.1%,7.08
https://www.johnsonlgroup.com/blog/2025/august/understanding-child-custody-modifications-what-c/,2,1816,0.11%,25.82
https://johnsonlgroup.com/can-alimony-be-modified-after-divorce/,2,1682,0.12%,30.37
https://www.johnsonlgroup.com/blog/2025/january/how-domestic-violence-affects-child-custody-and-visitation-rights/,2,1671,0.12%,15.53
https://www.johnsonlgroup.com/blog/2022/january/how-to-file-for-divorce-in-denver-colorado-in-2023/,2,1399,0.14%,41.67
https://www.johnsonlgroup.com/videos/,2,1345,0.15%,15.08
https://www.johnsonlgroup.com/englewood-high-conflict-child-custody-lawyer/,2,1170,0.17%,33.9
https://www.johnsonlgroup.com/blog/2022/january/challenges-of-a-gray-divorce/,2,1166,0.17%,18.89
https://www.johnsonlgroup.com/blog/2023/november/get-help-with-a-protection-order-from-a-family-l/,2,1130,0.18%,29.01
https://www.johnsonlgroup.com/blog/2021/may/how-to-get-custody-of-a-child-in-colorado/,2,1091,0.18%,44.7
https://www.johnsonlgroup.com/blog/2021/may/legal-separation-vs-divorce-in-colorado-a-complete-guide/,2,1078,0.19%,26.72
https://www.johnsonlgroup.com/denver-same-sex-divorce-lawyer/,2,1077,0.19%,11.14
https://www.johnsonlgroup.com/wyoming/child-custody/,2,1003,0.2%,9.48
https://www.johnsonlgroup.com/colorado/property-division/colorado-equitable-distribution/,2,947,0.21%,14.2
https://www.johnsonlgroup.com/blog/2023/march/johnson-law-group-announces-new-office-in-downto/,2,896,0.22%,5.64
https://www.johnsonlgroup.com/blog/2024/december/why-the-cost-of-a-divorce-causes-some-couples-to/,2,840,0.24%,12.57
https://www.johnsonlgroup.com/blog/2026/january/skiing-sports-and-stem-handling-extracurricular/,2,790,0.25%,8.71
https://www.johnsonlgroup.com/blog/2025/august/co-parenting-in-the-digital-age-navigating-shared-custody-with-tech-tools/,2,551,0.36%,7.64
https://www.johnsonlgroup.com/blog/2023/october/johnson-law-groups-2023-halloween-pet-costume-co/,2,551,0.36%,19.28
https://www.johnsonlgroup.com/commerce-city-high-conflict-child-custody-lawyer/,2,543,0.37%,27.48
https://www.johnsonlgroup.com/videos/kristina-a-contreras/,2,532,0.38%,9.69
https://www.johnsonlgroup.com/colorado/guardianship-1/guardianship-vs-conservatorship/,2,506,0.4%,11.53
https://www.johnsonlgroup.com/blog/2024/march/navigating-divorce-how-to-divide-assets-in-colorado/,2,493,0.41%,13.29
https://www.johnsonlgroup.com/videos/amber-harrison/meet-senior-attorney-amber-harrison/,2,477,0.42%,44.52
https://www.johnsonlgroup.com/videos/video-page/free-initial-consultation/,2,476,0.42%,21.2
https://www.johnsonlgroup.com/blog/2023/december/demystifying-a-colorado-divorce-a-step-by-step-g/,2,472,0.42%,26.37
https://www.johnsonlgroup.com/colorado/prenup-postnup/,2,470,0.43%,12.17
https://www.johnsonlgroup.com/colorado-springs-grandparents-rights-lawyer/,2,424,0.47%,12.77
https://www.johnsonlgroup.com/blog/2024/april/what-are-your-rights-during-divorce-in-colorado-/,2,389,0.51%,13.51
https://www.johnsonlgroup.com/guardianship/,2,345,0.58%,10.01
https://www.johnsonlgroup.com/colorado/child-custody/visitation-rights-schedule-options/,2,337,0.59%,10.25
https://www.johnsonlgroup.com/wyoming/locations/cheyenne/fathers-right/,2,329,0.61%,12.29
https://www.johnsonlgroup.com/blog/2022/june/protecting-generational-wealth-during-your-divorce/,2,323,0.62%,10.22
https://www.johnsonlgroup.com/blog/2025/february/certified-divorce-financial-analyst-navigating-a/,2,323,0.62%,18.34
https://www.johnsonlgroup.com/wyoming/locations/,2,306,0.65%,39.14
https://www.johnsonlgroup.com/colorado/child-custody/sole-custody/,2,304,0.66%,14.45
https://www.johnsonlgroup.com/videos/jessica-lasky/managing-partner-attorney-at-law-jessica-lasky/,2,302,0.66%,22.64
https://johnsonlgroup.com/careers/bookkeeper-accountant/,2,298,0.67%,12.97
https://www.johnsonlgroup.com/blog/2021/may/how-does-a-pour-over-will-work/,2,272,0.74%,15.9
https://www.johnsonlgroup.com/blog/2023/august/understanding-sole-legal-custody-what-you-need-t/,2,259,0.77%,7.02
https://www.johnsonlgroup.com/blog/2024/july/standing-by-their-side-supporting-military-families-this-fourth-of-july/,2,254,0.79%,11.93
https://johnsonlgroup.com/child-support-orders/,2,251,0.8%,2.82
https://www.johnsonlgroup.com/divorce/,2,242,0.83%,15.81
https://www.johnsonlgroup.com/blog/2022/august/guide-to-domestic-violence/,2,241,0.83%,16.1
https://www.johnsonlgroup.com/colorado/areas-served/douglas-county/parker/,2,231,0.87%,17.65
https://www.johnsonlgroup.com/wyoming/contact-us/,2,207,0.97%,16.7
https://www.johnsonlgroup.com/fort-collins-separation-agreements-lawyer/,2,194,1.03%,8.92
https://www.johnsonlgroup.com/illinois/child-custody-backup/allocation-parental-rights/,2,175,1.14%,9.61
https://www.johnsonlgroup.com/videos/kristina-a-contreras/meet-associate-attorney-kristina-contreras/,2,166,1.2%,22.34
https://www.johnsonlgroup.com/videos/attorneys-and-staff/myles-johnson/,2,162,1.23%,9.43
https://www.johnsonlgroup.com/blog/2024/june/celebrating-pride-month-a-guide-to-same-sex-divorce-in-colorado/,2,154,1.3%,12.58
https://www.johnsonlgroup.com/blog/2024/july/meet-shana-velez-your-trusted-immigration-attorney-in-colorado/,2,150,1.33%,10.24
https://www.johnsonlgroup.com/videos/daniel-sol/meet-associate-attorney-daniel-sol/,2,130,1.54%,26.13
https://www.johnsonlgroup.com/colorado/areas-served/adams-county/thornton/,2,127,1.57%,14.69
https://www.johnsonlgroup.com/videos/taylor-brice/,2,123,1.63%,21.52
https://www.johnsonlgroup.com/videos/attorneys-and-staff/amber-harrison/,2,110,1.82%,8.28
https://www.johnsonlgroup.com/es/abogados/anne-e-hinds/,2,92,2.17%,7.26
https://www.johnsonlgroup.com/videos/our-story/anne-hinds/,2,75,2.67%,9.72
https://www.johnsonlgroup.com/blog/2026/july/modifying-custody-orders-colorado-2026-guide/,2,72,2.78%,16.32
https://www.johnsonlgroup.com/videos/myles-s-johnson/meet-associate-attorney-daniel-sol/,2,55,3.64%,35.82
https://www.johnsonlgroup.com/videos/reviews/dylan-sabina-testimonial/,2,43,4.65%,43.14
https://www.johnsonlgroup.com/colorado/divorce/collaborative/,2,40,5%,10.82
https://www.johnsonlgroup.com/illinois/divorce/,2,40,5%,25.73
https://www.johnsonlgroup.com/blog/2024/november/2024-black-friday-20-off-estate-planning-service/,2,38,5.26%,6.29
https://www.johnsonlgroup.com/videos/testimonials/,2,36,5.56%,9.78
https://www.johnsonlgroup.com/es/abogados/shana-d-velez/,2,36,5.56%,12.22
https://www.johnsonlgroup.com/illinois/divorce-2/mediation/,2,25,8%,11.84
https://www.johnsonlgroup.com/practice-areas/criminal-defense/dui-defense/,1,27842,0%,63.92
https://www.johnsonlgroup.com/colorado/locations/denver/alimony/,1,10785,0.01%,18.8
https://www.johnsonlgroup.com/blog/2024/december/understanding-grandparents-legal-rights-in-custo/,1,8467,0.01%,56.22
https://johnsonlgroup.com/attorneys/myles-s-johnson/,1,7968,0.01%,7.72
https://www.johnsonlgroup.com/colorado-springs-child-custody-attorney/,1,7750,0.01%,34.28
https://www.johnsonlgroup.com/englewood-high-net-worth-divorce-lawyer/,1,7505,0.01%,24.03
https://johnsonlgroup.com/attorneys/genet-t-johnson/,1,6834,0.01%,7.37
https://www.johnsonlgroup.com/blog/2021/november/is-colorado-a-common-law-marriage-state-/,1,6671,0.01%,64.7
https://www.johnsonlgroup.com/blog/2021/december/how-much-does-a-divorce-cost-in-colorado-/,1,5888,0.02%,50.33
https://www.johnsonlgroup.com/colorado/locations/colorado-springs/divorce/,1,5849,0.02%,42.59
https://www.johnsonlgroup.com/fort-collins-contested-divorce-lawyer/,1,4116,0.02%,36.53
https://www.johnsonlgroup.com/practice-areas/criminal-defense2/domestic-violence/,1,3629,0.03%,59.82
https://www.johnsonlgroup.com/colorado/locations/denver/child-support/,1,3351,0.03%,25.49
https://www.johnsonlgroup.com/colorado/locations/denver/property-division/,1,3226,0.03%,31.24
https://www.johnsonlgroup.com/blog/2022/january/-colorado-divorce-law-how-to-make-it-through-the/,1,2890,0.03%,46.35
https://www.johnsonlgroup.com/blog/2022/january/how-to-file-for-custody-of-a-child-in-colorado-in-2023/,1,2781,0.04%,31.2
https://www.johnsonlgroup.com/blog/2021/march/what-is-a-special-needs-trust-/,1,2398,0.04%,59.46
https://www.johnsonlgroup.com/blog/2026/march/how-to-file-for-divorce-in-colorado-a-step-by-step-guide-for-2026/,1,2337,0.04%,6.66
https://www.johnsonlgroup.com/colorado/locations/englewood/domestic-partnership/,1,2087,0.05%,34.94
https://www.johnsonlgroup.com/blog/2022/october/understanding-the-divorce-mediation-process/,1,1962,0.05%,51.68
https://www.johnsonlgroup.com/blog/2023/december/securing-your-digital-legacy-a-guide-for-colorad/,1,1884,0.05%,48.94
https://johnsonlgroup.com/the-process-of-obtaining-a-protection-order-in-colorado/,1,1829,0.05%,61.86
https://www.johnsonlgroup.com/blog/2023/july/understanding-child-custody-in-denver/,1,1815,0.06%,23.52
https://www.johnsonlgroup.com/blog/2026/january/post-divorce-financial-planning-tips-for-colorad/,1,1774,0.06%,10.37
https://www.johnsonlgroup.com/colorado/locations/fort-collins/high-net-worth-divorce/,1,1618,0.06%,32.21
https://johnsonlgroup.com/free-attorney-consultations-for-an-amicable-divorce-in-colorado/,1,1545,0.06%,64.97
https://www.johnsonlgroup.com/blog/2021/april/how-to-calculate-income-for-child-support-and-alimony-in-colorado/,1,1531,0.07%,10.28
https://www.johnsonlgroup.com/colorado/locations/colorado-springs/property-division/,1,1474,0.07%,15.24
https://www.johnsonlgroup.com/colorado/locations/fort-collins/child-support/,1,1456,0.07%,19.71
https://www.johnsonlgroup.com/colorado/locations/fort-collins/high-conflict-custody/,1,1411,0.07%,18.64
https://www.johnsonlgroup.com/blog/2024/january/why-you-should-hire-a-competent-divorce-attorney/,1,1343,0.07%,55.84
https://www.johnsonlgroup.com/colorado/divorce/divorce-costs/,1,1313,0.08%,36.65
https://johnsonlgroup.com/commerce-city-domestic-partnership-lawyer/,1,1304,0.08%,42.15
https://www.johnsonlgroup.com/blog/2025/may/prenuptial-agreements-protecting-your-assets-before-saying-i-do/,1,1275,0.08%,11.77
https://www.johnsonlgroup.com/videos/commercial/johnson-law-group-your-north-star-for-family-law/,1,1261,0.08%,49.37
https://www.johnsonlgroup.com/blog/2024/may/navigating-adoption-with-past-financial-problems/,1,1171,0.09%,11.04
https://www.johnsonlgroup.com/colorado/locations/denver/divorce-mediation/,1,1142,0.09%,21.38
https://www.johnsonlgroup.com/colorado/locations/colorado-springs/contested-divorce/,1,1068,0.09%,16.75
https://www.johnsonlgroup.com/blog/2025/january/the-difference-between-guardianship-and-conservatorship/,1,1061,0.09%,25.43
https://www.johnsonlgroup.com/blog/2021/october/how-long-does-a-divorce-take-in-colorado/,1,993,0.1%,14.06
https://www.johnsonlgroup.com/blog/2022/april/second-marriages-and-estate-planning/,1,976,0.1%,36.06
https://www.johnsonlgroup.com/videos/video-page/family-law-protection-orders-with-attorney-taylo/,1,970,0.1%,39.11
https://www.johnsonlgroup.com/blog/2022/july/colorado-divorce-laws-for-division-of-property-2023/,1,833,0.12%,45.99
https://www.johnsonlgroup.com/illinois/divorce/served-papers/,1,783,0.13%,17.66
https://www.johnsonlgroup.com/illinois/locations/,1,669,0.15%,10.35
https://www.johnsonlgroup.com/colorado/divorce/legal-separation/,1,666,0.15%,37.96
https://www.johnsonlgroup.com/wyoming/property-division/,1,655,0.15%,6.08
https://www.johnsonlgroup.com/colorado-springs-fathers-rights/,1,648,0.15%,15.04
https://www.johnsonlgroup.com/blog/2023/november/navigating-the-path-to-dissolution-of-marriage/,1,637,0.16%,11.51
https://www.johnsonlgroup.com/commerce-city-spousal-maintenance-lawyer/,1,616,0.16%,17
https://www.johnsonlgroup.com/blog/2025/july/protecting-your-parental-rights-in-colorado-cust/,1,609,0.16%,15.4
https://www.johnsonlgroup.com/colorado/locations/fort-collins/uncontested-divorce/,1,545,0.18%,27.45
https://www.johnsonlgroup.com/blog/2021/september/when-does-child-support-end-in-colorado/,1,539,0.19%,14.08
https://www.johnsonlgroup.com/colorado/guardianship/,1,538,0.19%,12.98
https://www.johnsonlgroup.com/blog/2023/august/free-attorney-consultations-for-an-amicable-divorce-in-colorado/,1,518,0.19%,27.51
https://www.johnsonlgroup.com/blog/2025/june/the-impact-of-job-loss-on-child-support-obligations/,1,509,0.2%,9.44
https://www.johnsonlgroup.com/blog/2024/september/should-you-represent-yourself-in-a-divorce-case/,1,509,0.2%,13.55
https://www.johnsonlgroup.com/wyoming/locations/cheyenne/military-divorce/,1,484,0.21%,7.86
https://www.johnsonlgroup.com/illinois/locations/chicago/uncontested-divorce/,1,475,0.21%,26.48
https://www.johnsonlgroup.com/illinois/child-custody-backup/filing-parental-responsibilities/,1,433,0.23%,10.52
https://www.johnsonlgroup.com/illinois/child-support/,1,420,0.24%,21.27
https://www.johnsonlgroup.com/practice-areas/family-law/prenuptial-agreement/,1,419,0.24%,46.03
https://johnsonlgroup.com/marital-assets/,1,417,0.24%,25.66
https://www.johnsonlgroup.com/colorado/divorce/same-sex-couples-lgbt/,1,406,0.25%,23.44
https://www.johnsonlgroup.com/blog/2025/february/certified-divorce-financial-analyst-navigating-assets-and-spousal-support/,1,386,0.26%,21.76
https://www.johnsonlgroup.com/colorado/property-division/marital-vs-separate-property/,1,381,0.26%,10.01
https://www.johnsonlgroup.com/colorado/child-custody/emergency-custody-orders/,1,381,0.26%,14.59
https://www.johnsonlgroup.com/illinois/guardianship/,1,378,0.26%,12.31
https://www.johnsonlgroup.com/blog/2021/january/social-media-and-divorce/,1,374,0.27%,20.47
https://www.johnsonlgroup.com/blog/2025/august/how-to-protect-your-business-during-a-high-net-w/,1,361,0.28%,12.87
https://www.johnsonlgroup.com/blog/2024/march/jlg-team-members-shine-on-the-2024-colorado-risi/,1,349,0.29%,13.03
https://www.johnsonlgroup.com/blog/2021/june/what-is-the-most-common-visitation-schedule-in-c/,1,344,0.29%,26.95
https://www.johnsonlgroup.com/property-division/,1,334,0.3%,34.88
https://www.johnsonlgroup.com/blog/2024/april/grandparents-rights-in-colorado-maintaining-connections-with-your-grandchildren/,1,326,0.31%,22.4
https://www.johnsonlgroup.com/fort-collins-prenuptial-and-postnuptial-agreement-lawyer/,1,309,0.32%,41.81
https://www.johnsonlgroup.com/blog/2024/october/halloween-pedestrian-safety-how-to-protect-your-little-trick-or-treaters/,1,297,0.34%,9.44
https://www.johnsonlgroup.com/adoption/,1,291,0.34%,11.61
https://www.johnsonlgroup.com/colorado/alimony/calculator/,1,272,0.37%,22.46
https://www.johnsonlgroup.com/commerce-city-uncontested-divorce-lawyer/,1,265,0.38%,12.83
https://www.johnsonlgroup.com/webinars/video-page/family-law-protection-orders-with-attorney-taylo/,1,263,0.38%,36.09
https://www.johnsonlgroup.com/florida/adoption/,1,256,0.39%,18.24
https://johnsonlgroup.com/spousal-support-in-colorado/,1,254,0.39%,17.15
https://www.johnsonlgroup.com/colorado/areas-served/douglas-county/,1,251,0.4%,24.92
https://www.johnsonlgroup.com/blog/2024/february/valentines-day-offer-free-family-law-attorney-co/,1,243,0.41%,42.28
https://www.johnsonlgroup.com/blog/2024/august/protecting-your-family-johnson-law-groups-family/,1,241,0.41%,8.15
https://www.johnsonlgroup.com/blog/2021/december/is-colorado-a-common-law-marriage-state/,1,241,0.41%,49.48
https://www.johnsonlgroup.com/blog/2025/february/understanding-tax-implications-in-high-net-worth-divorces/,1,237,0.42%,15.57
https://www.johnsonlgroup.com/colorado/areas-served/douglas-county/castle-rock/,1,233,0.43%,24.88
https://www.johnsonlgroup.com/blog/2024/february/a-comprehensive-guide-the-process-of-obtaining-a-protection-order-in-colorado/,1,226,0.44%,36.08
https://www.johnsonlgroup.com/blog/2024/april/facing-divorce-papers-in-colorado/,1,225,0.44%,17.3
https://www.johnsonlgroup.com/colorado/locations/colorado-springs/divorce-mediation/,1,222,0.45%,23.34
https://www.johnsonlgroup.com/blog/2025/december/learn-about-divorce-help-groups/,1,221,0.45%,11
https://www.johnsonlgroup.com/colorado/child-support/child-support-enforcement/,1,218,0.46%,17.03
https://johnsonlgroup.com/child-custody-considerations-for-vacation-and-travel-plans/,1,211,0.47%,7.91
https://www.johnsonlgroup.com/blog/2022/september/which-should-you-file-for-first-bankruptcy-or-divorce/,1,210,0.48%,26.2
https://www.johnsonlgroup.com/illinois/locations/chicago/orders-of-protection/,1,207,0.48%,34.93
https://www.johnsonlgroup.com/colorado/divorce/mediation/,1,193,0.52%,27.65
https://www.johnsonlgroup.com/blog/categories/news/,1,192,0.52%,4.01
https://www.johnsonlgroup.com/blog/2023/may/johnson-law-group-colorado-family-law-firm-partn/,1,192,0.52%,18.25
https://www.johnsonlgroup.com/blog/2025/january/understanding-the-benefits-of-mediation/,1,187,0.53%,18.22
https://www.johnsonlgroup.com/blog/2024/october/halloween-pedestrian-safety-how-to-protect-your-/,1,187,0.53%,26.3
https://www.johnsonlgroup.com/denver-separation-agreements-lawyer/,1,181,0.55%,12.94
https://www.johnsonlgroup.com/colorado/locations/fort-collins/prenup-postnup/,1,176,0.57%,17.88
https://www.johnsonlgroup.com/videos/heidi-whitaker/meet-senior-attorney-heidi-whitaker/,1,170,0.59%,33.09
https://www.johnsonlgroup.com/videos/timothy-leo/,1,166,0.6%,10.7
https://www.johnsonlgroup.com/blog/2023/december/protecting-your-digital-legacy-a-gift-for-your-l/,1,162,0.62%,28.82
https://www.johnsonlgroup.com/videos/courtney-ragland/meet-associate-attorney-courtney-ragland/,1,145,0.69%,21.14
https://johnsonlgroup.com/career-highlight/,1,143,0.7%,20.92
https://www.johnsonlgroup.com/videos/timothy-leo/meet-senior-attorney-timothy-leo/,1,135,0.74%,21.38
https://www.johnsonlgroup.com/youtube-videos/,1,134,0.75%,18.57
https://www.johnsonlgroup.com/blog/2024/may/jlg-gives-back-volunteer-day-at-community-plaza-/,1,132,0.76%,11.5
https://www.johnsonlgroup.com/blog/2025/november/holiday-custody-planning-avoiding-last-minute-co/,1,131,0.76%,6.12
https://www.johnsonlgroup.com/blog/2023/august/understanding-sole-legal-custody-what-you-need-to-know/,1,130,0.77%,19.33
https://www.johnsonlgroup.com/blog/2023/november/get-help-with-a-protection-order-from-a-family-law-attorney/,1,125,0.8%,13.51
https://www.johnsonlgroup.com/videos/thomas-nellessen/meet-senior-attorney-thomas-nellessen/,1,125,0.8%,41.33
https://www.johnsonlgroup.com/videos/ethan-sumida/,1,120,0.83%,13.49
https://www.johnsonlgroup.com/illinois/adoption/,1,113,0.88%,15.67
https://www.johnsonlgroup.com/wyoming/locations/cheyenne/divorce/,1,106,0.94%,19.31
https://www.johnsonlgroup.com/blog/2022/september/child-support-answers/,1,104,0.96%,22.88
https://www.johnsonlgroup.com/colorado/divorce/gray-over-50/,1,103,0.97%,17.28
https://www.johnsonlgroup.com/blog/2021/april/estate-planning-and-advance-health-care-directives/,1,97,1.03%,13.25
https://www.johnsonlgroup.com/blog/2025/july/benefits-of-mediating-custody-disputes-in-colora2/,1,95,1.05%,7.35
https://www.johnsonlgroup.com/es/abogados/said-sharbini/,1,94,1.06%,14.6
https://www.johnsonlgroup.com/webinars/andrea-dalton/meet-senior-attorney-andrea-dalton/,1,94,1.06%,16.03
https://www.johnsonlgroup.com/practice-areas/family-law/postnuptial-agreement/,1,90,1.11%,33.22
https://www.johnsonlgroup.com/wyoming/divorce-2/modifications/,1,86,1.16%,13.8
https://www.johnsonlgroup.com/videos/attorneys-and-staff/myron-latney/,1,84,1.19%,6.38
https://www.johnsonlgroup.com/blog/2022/october/estate-planning-for-single-individuals/,1,81,1.23%,21.2
https://www.johnsonlgroup.com/blog/2023/march/johnson-law-group-announces-new-office-in-downtown-denver-colorado/,1,78,1.28%,10.92
https://www.johnsonlgroup.com/blog/2024/july/a-beacon-of-hope-client-success-story-with-criminal-law-attorney-jessica-lasky/,1,73,1.37%,5.99
https://www.johnsonlgroup.com/colorado/areas-served/adams-county/federal-heights/,1,71,1.41%,32.28
https://www.johnsonlgroup.com/videos/brent-mecham/,1,68,1.47%,16.72
https://www.johnsonlgroup.com/blog/2023/november/avoiding-stress-in-custody-agreements-colorado-family-law-help/,1,65,1.54%,19.98
https://www.johnsonlgroup.com/illinois/locations/chicago/mediation/,1,64,1.56%,25.56
https://www.johnsonlgroup.com/privacy-policy/,1,63,1.59%,8.57
https://www.johnsonlgroup.com/es/abogados/myles-s-johnson/,1,62,1.61%,9.94
https://www.johnsonlgroup.com/webinars/brent-mecham/meet-partner-brent-mecham/,1,59,1.69%,9.02
https://www.johnsonlgroup.com/videos/genet-t-johnson/meet-member-genet-t-johnson/,1,58,1.72%,30.64
https://www.johnsonlgroup.com/blog/2023/may/johnson-law-group-colorado-family-law-firm-partners/,1,55,1.82%,13.4
https://www.johnsonlgroup.com/videos/our-story/dylan-sabina-testimonial/,1,54,1.85%,17.54
https://www.johnsonlgroup.com/es/abogados/shannon-m-okeefe/,1,47,2.13%,18.91
https://www.johnsonlgroup.com/colorado/family-law-webinar/,1,45,2.22%,6.93
https://www.johnsonlgroup.com/webinars/timothy-leo/meet-senior-attorney-timothy-leo/,1,44,2.27%,5.14
https://www.johnsonlgroup.com/attorneys/tamarra-crolla/,1,38,2.63%,8.45
https://contact.johnsonlgroup.com/get-an-uber-ride-on-johnson-law-group.html,1,38,2.63%,34.74
https://www.johnsonlgroup.com/videos/daniel-sol/,1,37,2.7%,29.43
https://www.johnsonlgroup.com/webinars/myron-latney/meet-managing-partner-attorney-at-law-myron-latn/,1,36,2.78%,4.86
https://www.johnsonlgroup.com/blog/2024/april/what-are-your-rights-during-divorce-in-colorado/,1,35,2.86%,10.17
https://www.johnsonlgroup.com/videos/courtney-ragland/,1,33,3.03%,18.76
https://www.johnsonlgroup.com/colorado/locations/,1,32,3.12%,4.25
https://www.johnsonlgroup.com/blog/2026/july/how-divorce-mediation-works-in-colorado/,1,32,3.12%,20.53
https://www.johnsonlgroup.com/florida/divorce/legal-separation/,1,31,3.23%,15.71
https://www.johnsonlgroup.com/blog/2023/september/johnson-law-group-sponsors-srbs-broomfield-days-car-show-2023/,1,30,3.33%,9.87
https://www.johnsonlgroup.com/blog/2024/october/addressing-common-immigration-law-questions-with-attorney-shana-velez/,1,30,3.33%,10.33
https://www.johnsonlgroup.com/s/59h3u3x,1,29,3.45%,26.03
https://www.johnsonlgroup.com/blog/2021/april/,1,29,3.45%,39.66
https://www.johnsonlgroup.com/webinars/reviews/dylan-sabina-testimonial/,1,26,3.85%,14.77
https://www.johnsonlgroup.com/blog/2023/august/,1,25,4%,28.56
https://www.johnsonlgroup.com/blog/video-category/attorneys-and-staff/,1,23,4.35%,6.22
https://www.johnsonlgroup.com/wyoming/domestic-violence/,1,22,4.55%,12.23
https://www.johnsonlgroup.com/blog/2024/june/2024-father-s-day-special-offer/,1,19,5.26%,9.58
https://www.johnsonlgroup.com/blog/2023/may/2023-mothers-day-special-offer/,1,19,5.26%,30.89
https://www.johnsonlgroup.com/webinars/amber-harrison/meet-senior-attorney-amber-harrison/,1,18,5.56%,36
https://www.johnsonlgroup.com/webinars/andrea-dalton/,1,17,5.88%,8.53
https://www.johnsonlgroup.com/videos/attorneys-and-staff/brent-mecham/,1,15,6.67%,2.6
https://www.johnsonlgroup.com/webinars/jessica-lasky/managing-partner-attorney-at-law-jessica-lasky/,1,13,7.69%,6.15
https://www.johnsonlgroup.com/webinars/kristina-a-contreras/,1,11,9.09%,6.18
https://www.johnsonlgroup.com/blog/categories/personal-property/,1,9,11.11%,3.22
https://www.johnsonlgroup.com/videos/your-north-star/,1,9,11.11%,22
https://www.johnsonlgroup.com/videos/dylan-sabina-testimonial/,1,7,14.29%,3.71
https://www.johnsonlgroup.com/webinars/commercial/johnson-law-group-your-north-star-for-family-law/,1,7,14.29%,17
https://www.johnsonlgroup.com/videos/meet-managing-partner-myles-johnson/meet-shana-velez-your-trusted-immigration-attorn/,1,4,25%,6.5
https://www.johnsonlgroup.com/blog/categories/trusts/,1,4,25%,22.5
https://www.johnsonlgroup.com/blog/categories/domestic-violence/,1,3,33.33%,4.33
https://www.johnsonlgroup.com/webinars/thomas-nellessen/meet-senior-attorney-thomas-nellessen/,1,3,33.33%,5
http://www.johnsonlgroup.com/,1,1,100%,1
https://www.johnsonlgroup.com/practice-areas/family-law/divorce-mediation/,0,10159,0%,46.26
https://www.johnsonlgroup.com/blog/2021/september/how-to-file-for-legal-separation-in-colorado/,0,7129,0%,53.7
https://www.johnsonlgroup.com/blog/2021/january/guide-to-child-custody-in-colorado/,0,6995,0%,51.4
https://johnsonlgroup.com/englewood-divorce-lawyer/,0,6980,0%,46.5
https://www.johnsonlgroup.com/denver-criminal-defense-lawyer/dui-defense/,0,6076,0%,53.16
https://www.johnsonlgroup.com/practice-areas/criminal-defense2/violent-crimes/,0,6018,0%,49.5
https://johnsonlgroup.com/colorado-springs-high-net-worth-divorce-lawyer/,0,5495,0%,65.59
https://www.johnsonlgroup.com/denver-criminal-defense-lawyer/drug-crimes/,0,5346,0%,38.39
https://www.johnsonlgroup.com/blog/2021/november/is-colorado-a-no-fault-divorce-state-/,0,4652,0%,38.3
https://johnsonlgroup.com/attorneys/,0,4122,0%,6.99
https://www.johnsonlgroup.com/blog/2024/november/navigating-child-custody-issues-through-divorce-mediation/,0,3263,0%,16.08
https://johnsonlgroup.com/englewood-property-division-lawyer/,0,2938,0%,42.78
https://www.johnsonlgroup.com/videos/webinars/annulments-in-colorado/,0,2782,0%,74.12
https://www.johnsonlgroup.com/blog/2022/november/,0,2752,0%,3.99
https://johnsonlgroup.com/denver-divorce-mediation-lawyer/,0,2533,0%,47.72
https://www.johnsonlgroup.com/blog/2021/december/is-child-support-taxable-/,0,2497,0%,56.28
https://www.johnsonlgroup.com/practice-areas/criminal-defense2/robbery/,0,2106,0%,39.86
https://www.johnsonlgroup.com/colorado/locations/colorado-springs/alimony/,0,1922,0%,21.57
https://www.johnsonlgroup.com/illinois/locations/chicago/same-sex-divorce/,0,1877,0%,29.62
https://www.johnsonlgroup.com/commerce-city-property-division-lawyer/,0,1832,0%,40.24
https://www.johnsonlgroup.com/illinois/locations/chicago/modifications/,0,1831,0%,16.54
https://johnsonlgroup.com/law-pay/,0,1802,0%,6.64
https://johnsonlgroup.com/understanding-grandparents-legal-rights-in-custody-and-visitation-disputes/,0,1640,0%,53.01
https://www.johnsonlgroup.com/blog/2021/april/estate-planning-and-advance-health-care-directiv/,0,1578,0%,48.31
https://www.johnsonlgroup.com/practice-areas/family-law/same-sex-divorce/,0,1536,0%,40.13
https://www.johnsonlgroup.com/fort-collins-modification-lawyer/,0,1509,0%,17.82
https://www.johnsonlgroup.com/englewood-spousal-maintenance-lawyer/,0,1357,0%,30.03
https://johnsonlgroup.com/colorado-family-law-resources/,0,1230,0%,8.39
https://www.johnsonlgroup.com/blog/2024/,0,1128,0%,5.53
https://www.johnsonlgroup.com/commerce-city-child-custody-lawyer/,0,1091,0%,9.59
https://www.johnsonlgroup.com/blog/categories/johnson-o-039-keefe/,0,1042,0%,6.56
https://www.johnsonlgroup.com/denver-prenuptial-agreement-lawyer/,0,1011,0%,26.32
https://www.johnsonlgroup.com/colorado/locations/fort-collins/child-custody/,0,946,0%,26.46
https://www.johnsonlgroup.com/colorado/divorce/laws/,0,917,0%,31.5
https://www.johnsonlgroup.com/englewood-uncontested-divorce-lawyer/,0,916,0%,20.58
https://www.johnsonlgroup.com/englewood-modification-attorney/,0,909,0%,24.67
https://johnsonlgroup.com/fort-collins-family-law-attorney/,0,907,0%,10.15
https://www.johnsonlgroup.com/practice-areas/estate-planning2/,0,889,0%,54.09
https://www.johnsonlgroup.com/colorado/areas-served/adams-county/westminster/,0,887,0%,24.35
https://www.johnsonlgroup.com/colorado/child-support/,0,884,0%,8.01
https://www.johnsonlgroup.com/illinois/locations/chicago/property-division/,0,857,0%,24.03
https://www.johnsonlgroup.com/colorado/locations/colorado-springs/child-support/,0,845,0%,32.68
https://johnsonlgroup.com/student-loans/,0,838,0%,52.6
https://www.johnsonlgroup.com/blog/2022/july/unique-divorce-issues-for-executives-and-shareholders/,0,787,0%,13.38
https://www.johnsonlgroup.com/colorado/areas-served/arapahoe-county/aurora/,0,785,0%,29.67
https://www.johnsonlgroup.com/colorado/locations/colorado-springs/modification/,0,764,0%,16.42
https://www.johnsonlgroup.com/practice-areas/criminal-defense2/,0,756,0%,60.3
https://www.johnsonlgroup.com/colorado/areas-served/adams-county/,0,746,0%,12.78
https://www.johnsonlgroup.com/illinois/locations/chicago/divorce-mediation/,0,745,0%,22.34
https://johnsonlgroup.com/colorado-springs-property-division-lawyer/,0,700,0%,38.58
https://www.johnsonlgroup.com/englewood-child-custody-lawyer/,0,677,0%,34.06
https://www.johnsonlgroup.com/child-support/,0,654,0%,39.38
https://www.johnsonlgroup.com/blog/2023/february/colorado-civil-protection-order-all-you-need-to-know/,0,646,0%,22.31
https://www.johnsonlgroup.com/practice-areas/criminal-defense2/dui-defense/,0,636,0%,62.74
https://johnsonlgroup.com/englewood-family-lawyer/,0,619,0%,10.31
https://www.johnsonlgroup.com/blog/2022/august/protecting-your-assets-as-an-entrepreneur/,0,617,0%,14.5
https://www.johnsonlgroup.com/colorado/locations/fort-collins/alimony/,0,610,0%,11.68
https://www.johnsonlgroup.com/illinois/locations/chicago/legal-separation/,0,598,0%,23.73
https://www.johnsonlgroup.com/commerce-city-high-net-worth-divorce-lawyer/,0,595,0%,34.83
https://www.johnsonlgroup.com/blog/2026/february/guide-to-discrete-divorce/,0,581,0%,17.53
https://www.johnsonlgroup.com/florida/guardianship/,0,548,0%,20.41
https://www.johnsonlgroup.com/colorado/property-division/,0,543,0%,17.96
https://www.johnsonlgroup.com/illinois/locations/chicago/military-divorce/,0,530,0%,11.66
https://www.johnsonlgroup.com/videos/our-story/johnson-law-group-your-north-star-for-family-law/,0,519,0%,41.1
https://www.johnsonlgroup.com/englewood-military-divorce/,0,516,0%,36.84
https://www.johnsonlgroup.com/colorado/paternity-1/fathers-rights/,0,510,0%,28.15
https://www.johnsonlgroup.com/videos/video-page/can-you-get-attorney-fees-in-your-colorado-divor/,0,495,0%,86.6
https://www.johnsonlgroup.com/colorado/locations/englewood/divorce/,0,494,0%,13.05
https://www.johnsonlgroup.com/fort-collins-divorce-mediation-lawyer/,0,492,0%,11.14
https://www.johnsonlgroup.com/blog/2025/february/challenges-and-opportunities-in-presenting-expert-witnesses-in-court-comprehensive-guide/,0,490,0%,11.64
https://www.johnsonlgroup.com/blog/categories/stepparent-adoption/,0,488,0%,88.38
https://www.johnsonlgroup.com/blog/categories/colorado-family-law/,0,485,0%,9.48
https://www.johnsonlgroup.com/practice-areas/family-law/divorce/modifications/,0,485,0%,23.93
https://www.johnsonlgroup.com/colorado/locations/colorado-springs/uncontested-divorce/,0,480,0%,45.16
https://www.johnsonlgroup.com/blog/2022/,0,472,0%,5.38
https://johnsonlgroup.com/fort-collins-child-custody-modification-lawyer/,0,471,0%,36.55
https://www.johnsonlgroup.com/blog/2024/august/navigating-back-to-school-season-with-child-custody/,0,453,0%,11.94
https://www.johnsonlgroup.com/englewood-property-division-lawyer/,0,447,0%,29.84
https://www.johnsonlgroup.com/blog/2022/september/understanding-best-interest-of-the-child-standard/,0,446,0%,10.51
https://www.johnsonlgroup.com/blog/2025/october/,0,445,0%,8.06
https://www.johnsonlgroup.com/practice-areas/family-law/divorce/same-sex-divorce/,0,442,0%,20.85
https://www.johnsonlgroup.com/colorado-springs-visitation-rights-lawyer/,0,436,0%,19.47
https://www.johnsonlgroup.com/illinois/locations/chicago/child-custody/,0,435,0%,30.18
https://www.johnsonlgroup.com/blog/2023/july/collaborative-divorce-in-denver-another-way-to-e/,0,426,0%,22.79
https://www.johnsonlgroup.com/blog/2024/december/understanding-grandparents-legal-rights-in-custody-and-visitation-disputes/,0,420,0%,29.52
https://www.johnsonlgroup.com/florida/child-custody/,0,419,0%,17.51
https://www.johnsonlgroup.com/blog/categories/sneaky-divorce-tactics/,0,419,0%,18.05
https://www.johnsonlgroup.com/colorado/adoption-2-2/stepparent/,0,415,0%,12.84
https://www.johnsonlgroup.com/blog/2022/october/parenting-rights-and-custody-options/,0,409,0%,16.29
https://www.johnsonlgroup.com/videos/immigration-law/meet-shana-velez-your-trusted-immigration-attorn/,0,405,0%,49.73
https://www.johnsonlgroup.com/blog/2024/october/addressing-common-immigration-law-questions-with/,0,403,0%,45.31
https://johnsonlgroup.com/understanding-best-interest-of-the-child-standard/,0,401,0%,11.49
https://www.johnsonlgroup.com/colorado/locations/denver/uncontested-divorce/,0,399,0%,15.52
https://johnsonlgroup.com/locations-we-serve/,0,397,0%,26.68
https://www.johnsonlgroup.com/colorado/areas-served/douglas-county/lone-tree/,0,390,0%,13.41
https://www.johnsonlgroup.com/blog/2024/july/standing-by-their-side-supporting-military-famil/,0,385,0%,37.54
https://www.johnsonlgroup.com/colorado/child-custody/,0,381,0%,8.11
https://www.johnsonlgroup.com/blog/2024/march/navigating-easter-a-parenting-time-guide-for-divorced-parents/,0,381,0%,9.69
https://www.johnsonlgroup.com/colorado/areas-served/jefferson-county/lakewood/,0,378,0%,21.25
https://www.johnsonlgroup.com/commerce-city-orders-of-protection-lawyer/,0,365,0%,12.04
https://www.johnsonlgroup.com/colorado/adoption/,0,364,0%,19.37
https://www.johnsonlgroup.com/colorado/locations/colorado-springs/visitation-rights/,0,361,0%,26.54
https://www.johnsonlgroup.com/blog/2025/may/protecting-bitcoin-and-digital-assets-in-a-colorado-divorce-a-guide-for-high-net-worth-individuals/,0,358,0%,10.84
https://www.johnsonlgroup.com/colorado/alimony/,0,358,0%,22.8
https://www.johnsonlgroup.com/blog/2024/july/,0,356,0%,11.44
https://www.johnsonlgroup.com/alimony/,0,351,0%,20.55
https://www.johnsonlgroup.com/blog/2024/march/celebrating-safely-this-st-patricks-day-tips-fro/,0,343,0%,39.7
https://www.johnsonlgroup.com/blog/categories/collaborative-divorce-denver/,0,342,0%,45.17
https://www.johnsonlgroup.com/colorado/areas-served/arapahoe-county/centennial/,0,339,0%,25.84
https://www.johnsonlgroup.com/colorado/child-support/tax-implications/,0,335,0%,10.79
https://www.johnsonlgroup.com/blog/2025/september/,0,326,0%,6.26
https://www.johnsonlgroup.com/blog/2021/january/the-difference-between-a-will-and-a-trust/,0,324,0%,40.39
https://www.johnsonlgroup.com/colorado/areas-served/broomfield-county/broomfield/,0,321,0%,19.25
https://www.johnsonlgroup.com/blog/2024/july/3-key-concepts-of-child-custody/,0,321,0%,22.88
https://www.johnsonlgroup.com/colorado/areas-served/broomfield-county/,0,317,0%,19.86
https://www.johnsonlgroup.com/colorado/locations/commerce-city/uncontested-divorce/,0,316,0%,7.18
https://www.johnsonlgroup.com/englewood-divorce-mediation-lawyer/,0,313,0%,13.41
https://www.johnsonlgroup.com/wyoming/locations/cheyenne/child-custody/,0,306,0%,18.84
https://www.johnsonlgroup.com/commerce-city-modification-attorney/,0,301,0%,37.16
https://www.johnsonlgroup.com/florida/property-division/,0,300,0%,28.26
https://johnsonlgroup.com/common-immigration-law-questions/,0,300,0%,58.89
https://www.johnsonlgroup.com/blog/2025/november/,0,298,0%,7.23
https://www.johnsonlgroup.com/es/abogados/,0,297,0%,9.05
https://www.johnsonlgroup.com/colorado/locations/fort-collins/contested-divorce/,0,294,0%,18.07
https://www.johnsonlgroup.com/commerce-city-divorce-mediation-lawyer/,0,294,0%,24.78
https://www.johnsonlgroup.com/colorado/locations/englewood/uncontested-divorce/,0,290,0%,24.71
https://www.johnsonlgroup.com/blog/2022/november/pets-and-divorce/,0,289,0%,9.37
https://www.johnsonlgroup.com/blog/2023/october/a-guide-to-shifting-smoothly-through-the-denver-family-court/,0,287,0%,12.33
https://www.johnsonlgroup.com/videos/our-story/our-story/,0,283,0%,21.04
https://www.johnsonlgroup.com/wyoming/divorce/,0,282,0%,8.14
https://www.johnsonlgroup.com/illinois/divorce-2/grounds/,0,279,0%,10.9
https://johnsonlgroup.com/what-happens-to-bitcoin-in-a-divorce/,0,278,0%,82.15
https://www.johnsonlgroup.com/blog/2022/december/understanding-disability-insurance-and-your-esta/,0,276,0%,44.09
https://www.johnsonlgroup.com/illinois/divorce/modifications/,0,275,0%,47.69
https://www.johnsonlgroup.com/colorado/locations/fort-collins/modification/,0,272,0%,15.75
https://www.johnsonlgroup.com/colorado/locations/fort-collins/property-division/,0,270,0%,43.3
https://www.johnsonlgroup.com/colorado/locations/commerce-city/child-custody/,0,264,0%,9.9
https://www.johnsonlgroup.com/blog/2024/april/what-is-kinship-adoption/,0,259,0%,8.97
https://johnsonlgroup.com/denver-child-custody-lawyer/,0,259,0%,9.74
https://www.johnsonlgroup.com/blog/2024/january/protect-your-future-with-real-attorney-representation-vs-legal-ai/,0,256,0%,7
https://johnsonlgroup.com/demystifying-a-colorado-divorce/,0,255,0%,37.54
https://johnsonlgroup.com/practice-areas/immigration-law/,0,250,0%,8.38
https://www.johnsonlgroup.com/practice-areas/family-law/visitation-rights/,0,248,0%,11.74
https://www.johnsonlgroup.com/florida/divorce/modifications/,0,243,0%,14.22
https://johnsonlgroup.com/contact-us/,0,239,0%,6.68
https://www.johnsonlgroup.com/blog/2024/december/why-the-cost-of-a-divorce-causes-some-couples-to-stay-married/,0,239,0%,12.56
https://johnsonlgroup.com/commerce-city-modification-attorney/,0,239,0%,45.26
https://www.johnsonlgroup.com/colorado/locations/englewood/orders-of-protection/,0,239,0%,45.81
https://johnsonlgroup.com/denver-divorce-lawyer/,0,237,0%,8.76
https://www.johnsonlgroup.com/colorado/locations/commerce-city/alimony/,0,233,0%,9.85
https://www.johnsonlgroup.com/videos/webinars/getting-the-gist-of-common-law-marriage/,0,230,0%,57.67
https://www.johnsonlgroup.com/blog/2021/september/differences-between-a-revocable-vs-irrevocable-trust/,0,229,0%,18.89
https://www.johnsonlgroup.com/wyoming/locations/cheyenne/separation-agreement/,0,226,0%,4.2
https://www.johnsonlgroup.com/illinois/paternity/,0,225,0%,12.98
https://www.johnsonlgroup.com/colorado/locations/commerce-city/modification/,0,224,0%,16.79
https://www.johnsonlgroup.com/videos/our-story/,0,223,0%,20.74
https://www.johnsonlgroup.com/blog/categories/annulment-vs-divorce/,0,223,0%,59.53
https://www.johnsonlgroup.com/colorado/areas-served/arapahoe-county/,0,221,0%,14.05
https://www.johnsonlgroup.com/child-custody/,0,221,0%,25.04
https://www.johnsonlgroup.com/florida/child-custody/modifications/,0,218,0%,17.79
https://www.johnsonlgroup.com/blog/categories/father-rights-attorney/,0,218,0%,73.47
https://www.johnsonlgroup.com/blog/2021/,0,217,0%,15.29
https://johnsonlgroup.com/back-to-school-season-with-child-custody/,0,216,0%,9.82
https://www.johnsonlgroup.com/blog/categories/downtown-denver-family-law-attorney/,0,215,0%,65.53
https://www.johnsonlgroup.com/blog/2023/july/backpack-bash-community-service-project/,0,214,0%,15.69
https://www.johnsonlgroup.com/blog/2022/january/student-loans-and-divorce-2/,0,214,0%,27.18
https://www.johnsonlgroup.com/florida/locations/boca-raton/uncontested-divorce/,0,210,0%,12.32
https://www.johnsonlgroup.com/blog/2021/april/pros-and-cons-of-divorce-mediation-,0,208,0%,2.79
https://www.johnsonlgroup.com/illinois/locations/chicago/separation-agreements/,0,208,0%,18.14
https://www.johnsonlgroup.com/blog/2025/december/,0,207,0%,6.6
https://www.johnsonlgroup.com/colorado/locations/englewood/child-custody/,0,207,0%,17.89
https://www.johnsonlgroup.com/blog/2023/december/are-there-limitations-on-post-nuptial-agreements-in-colorado/,0,205,0%,18.25
https://www.johnsonlgroup.com/blog/2025/july/protecting-your-parental-rights-in-colorado-custody-cases/,0,203,0%,8.05
https://www.johnsonlgroup.com/blog/2025/august/understanding-child-custody-modifications-what-courts-consider-and-how-parents-can-stay-involved/,0,203,0%,14.73
https://www.johnsonlgroup.com/denver-postnuptial-agreement-lawyer/,0,202,0%,11.72
https://johnsonlgroup.com/marital-agreement/,0,202,0%,31.46
https://www.johnsonlgroup.com/blog/2024/april/filing-for-divorce-in-colorado-2024-guide/,0,200,0%,49.95
https://www.johnsonlgroup.com/colorado/alimony/laws/,0,198,0%,17.66
https://www.johnsonlgroup.com/florida/locations/boca-raton/modifications/,0,197,0%,15.08
https://www.johnsonlgroup.com/colorado-springs-separation-agreement-lawyer/,0,195,0%,13.97
https://www.johnsonlgroup.com/colorado/areas-served/jefferson-county/golden/,0,195,0%,14.38
https://www.johnsonlgroup.com/colorado/locations/englewood/modification/,0,194,0%,17.24
https://www.johnsonlgroup.com/colorado/locations/englewood/high-net-worth-divorce/,0,192,0%,22.18
https://www.johnsonlgroup.com/videos/shannon-m-okeefe/meet-member-chief-operations-officer-shannon-oke/,0,191,0%,20.17
https://www.johnsonlgroup.com/colorado/areas-served/jefferson-county/,0,188,0%,14.04
https://www.johnsonlgroup.com/blog/categories/chicago-divorce-attorneys/,0,188,0%,60.66
https://www.johnsonlgroup.com/blog/2022/january/what-is-a-protection-order-and-do-i-need-one/,0,187,0%,14.34
https://www.johnsonlgroup.com/videos/video-page/attorney-fees/,0,186,0%,11.72
https://www.johnsonlgroup.com/videos/amber-harrison/,0,186,0%,61.26
https://www.johnsonlgroup.com/blog/2021/january/divorces-involving-professional-practices/,0,184,0%,10.24
https://www.johnsonlgroup.com/blog/2024/august/dont-be-misled-important-information-about-recen/,0,182,0%,33.96
https://www.johnsonlgroup.com/englewood-orders-of-protection-lawyer/,0,179,0%,12.34
https://www.johnsonlgroup.com/blog/2021/june/what-is-the-most-common-visitation-schedule-in-colorado/,0,179,0%,16.65
https://www.johnsonlgroup.com/illinois/divorce-2/stages-of-divorce/,0,178,0%,11.31
https://www.johnsonlgroup.com/colorado/locations/englewood/divorce-mediation/,0,177,0%,7.69
https://www.johnsonlgroup.com/wyoming/domestic-violence/orders-of-protection/,0,177,0%,14.15
https://www.johnsonlgroup.com/videos/immigration-law/,0,176,0%,16.16
https://www.johnsonlgroup.com/colorado/locations/commerce-city/orders-of-protection/,0,171,0%,31.02
https://www.johnsonlgroup.com/colorado/areas-served/jefferson-county/arvada/,0,170,0%,19.88
https://www.johnsonlgroup.com/colorado/locations/englewood/alimony/,0,167,0%,8.4
https://www.johnsonlgroup.com/colorado/paternity/,0,167,0%,33.84
https://www.johnsonlgroup.com/blog/2023/,0,165,0%,26.18
https://www.johnsonlgroup.com/paternity/,0,163,0%,11.12
https://www.johnsonlgroup.com/commerce-city-modification-lawyer/,0,162,0%,10.12
https://www.johnsonlgroup.com/blog/2023/april/myles-johnson-career-highlight/,0,161,0%,15.89
https://www.johnsonlgroup.com/colorado/locations/commerce-city/domestic-partnership/,0,161,0%,18.27
https://www.johnsonlgroup.com/blog/2025/august/,0,156,0%,6.82
https://www.johnsonlgroup.com/colorado/areas-served/arapahoe-county/greenwood-village/,0,154,0%,23.27
https://www.johnsonlgroup.com/blog/categories/denver-immigration-attorneys/,0,154,0%,54.23
https://www.johnsonlgroup.com/wyoming/locations/cheyenne/same-sex-divorce/,0,153,0%,5.39
https://johnsonlgroup.com/contact-commerce-city/,0,152,0%,8.05
https://www.johnsonlgroup.com/colorado/divorce/,0,152,0%,8.64
https://www.johnsonlgroup.com/wyoming/locations/cheyenne/modifications/,0,149,0%,7.17
https://www.johnsonlgroup.com/colorado/areas-served/arapahoe-county/littleton/,0,148,0%,27.93
https://www.johnsonlgroup.com/practice-areas/family-law/parental-rights/mothers-rights/,0,147,0%,16.2
https://www.johnsonlgroup.com/blog/2022/january/what-is-a-protection-order-and-do-i-need-one-/,0,147,0%,21.13
https://www.johnsonlgroup.com/videos/attorneys-and-staff/shannon-okeefe/,0,146,0%,6.05
https://www.johnsonlgroup.com/blog/2021/december/how-much-does-a-divorce-cost-in-colorado/,0,145,0%,37.01
https://www.johnsonlgroup.com/blog/categories/colorado-divorce-attorney-costs/,0,145,0%,66.97
https://www.johnsonlgroup.com/videos/taylor-brice/meet-member-managing-partner-taylor-brice/,0,143,0%,28.31
https://www.johnsonlgroup.com/videos/video-page/depositions-in-colorado-divorce-custody-cases/,0,143,0%,81.95
https://www.johnsonlgroup.com/colorado/locations/englewood/property-division/,0,141,0%,16
https://www.johnsonlgroup.com/practice-areas/family-law/family-law-mediation/,0,138,0%,19.65
https://www.johnsonlgroup.com/illinois/property-division/,0,134,0%,12.74
https://www.johnsonlgroup.com/videos/myles-s-johnson/meet-senior-attorney-andrea-dalton/,0,133,0%,44.46
https://www.johnsonlgroup.com/videos/firm-story/,0,131,0%,12.49
https://www.johnsonlgroup.com/florida/prenup-postnup/,0,130,0%,31.16
https://johnsonlgroup.com/child-custody-disputes/,0,127,0%,15.07
https://www.johnsonlgroup.com/blog/categories/colorado-family-law-firm/,0,126,0%,89.84
https://johnsonlgroup.com/announces-new-office/,0,125,0%,7.82
https://www.johnsonlgroup.com/florida/locations/boca-raton/divorce/,0,122,0%,37.24
https://www.johnsonlgroup.com/es/abogados/heidi-whitaker/,0,121,0%,13.2
https://johnsonlgroup.com/contact-colorado-springs,0,121,0%,180.64