path,title,h1,word_count,template_family,canonical,meta_robots
/,Aurit Center - Divorce Mediation Experts & Consultants,"[""Arizona's Leading Divorce Mediators""]",1868,home,https://auritmediation.com/,"follow, index, max-snippet:-1, max-video-preview:-1, max-image-preview:large"
/2025-arizona-spousal-maintenance-guide-understanding-alimony-laws-guidelines/,Arizona Spousal Maintenance Guide: Alimony Laws 2025,['2025 Arizona Spousal Maintenance Guide: Understanding Alimony Laws & Guidelines'],1759,post,https://auritmediation.com/2025-arizona-spousal-maintenance-guide-understanding-alimony-laws-guidelines/,"follow, index, max-snippet:-1, max-video-preview:-1, max-image-preview:large"
/3-ways-parents-can-help-their-kids-adjust/,Helping Kids Adjust to Divorce | The Aurit Center for Divorce Mediation,['3 Ways Parents Can Help Their Kids Adjust'],2054,post,https://auritmediation.com/3-ways-parents-can-help-their-kids-adjust/,"follow, index, max-snippet:-1, max-video-preview:-1, max-image-preview:large"
/5-fantastic-summer-break-tips-for-divorced-parents/,5 Fantastic Summer Break Tips for Divorced Parents,['5 Fantastic Summer Break Tips for Divorced Parents'],1920,post,https://auritmediation.com/5-fantastic-summer-break-tips-for-divorced-parents/,"follow, index, max-snippet:-1, max-video-preview:-1, max-image-preview:large"
/8031-2/,The Evolution of Prenuptial Agreements: From Inequality to Empowerment,['The Evolution of Prenuptial Agreements: From Inequality to Empowerment'],1192,post,https://auritmediation.com/8031-2/,"follow, index, max-snippet:-1, max-video-preview:-1, max-image-preview:large"
/a-mediators-legacy-the-true-story-of-lani-baron-and-michael-aurit/,A Mediator’s Legacy: The True Story of Lani Baron and Michael Aurit,['A Mediator’s Legacy: The True Story of Lani Baron and Michael Aurit'],1637,post,https://auritmediation.com/a-mediators-legacy-the-true-story-of-lani-baron-and-michael-aurit/,"follow, index, max-snippet:-1, max-video-preview:-1, max-image-preview:large"
/about/,About Us | Your Trusted Experts in Divorce Mediation,['Meet the Leaders in Arizona Divorce'],1451,page,https://auritmediation.com/about/,"follow, index, max-snippet:-1, max-video-preview:-1, max-image-preview:large"
/amicable-divorce/,10 Helpful Tips for an Amicable Divorce,['10 Helpful Tips for an Amicable Divorce'],2153,post,https://auritmediation.com/amicable-divorce/,"follow, index, max-snippet:-1, max-video-preview:-1, max-image-preview:large"
/annulment-vs-divorce/,Annulment vs. Divorce: Your Complete Guide,['Annulment vs. Divorce: Your Complete Guide'],2193,post,https://auritmediation.com/annulment-vs-divorce/,"follow, index, max-snippet:-1, max-video-preview:-1, max-image-preview:large"
/arizona-co-parenting-agreements/,Co-Parenting Agreements in Arizona: A Mediator’s Guide,['Co-Parenting Agreements in Arizona: A Mediator’s Guide'],2360,post,https://auritmediation.com/arizona-co-parenting-agreements/,"follow, index, max-snippet:-1, max-video-preview:-1, max-image-preview:large"
/arizona-divorce-decree-enforcement/,How Arizona Courts Enforce Mediation Agreements: What You Need to Know,['How Arizona Courts Enforce Mediation Agreements: What You Need to Know'],1531,post,https://auritmediation.com/arizona-divorce-decree-enforcement/,"follow, index, max-snippet:-1, max-video-preview:-1, max-image-preview:large"
/arizona-divorce-mediation-cost-2025/,Arizona Divorce Mediation Costs: Your Complete Pricing Guide 2025,['Arizona Divorce Mediation Costs: Your Complete Pricing Guide 2025'],1794,post,https://auritmediation.com/arizona-divorce-mediation-cost-2025/,"follow, index, max-snippet:-1, max-video-preview:-1, max-image-preview:large"
/arizona-divorce-mediation-timeline/,Arizona Divorce Mediation Timeline: Start to Final Decree,['Arizona Divorce Mediation Timeline: Start to Final Decree'],2138,post,https://auritmediation.com/arizona-divorce-mediation-timeline/,"follow, index, max-snippet:-1, max-video-preview:-1, max-image-preview:large"
/arizona-family-law-2025/,Significant Updates in Arizona Family Law for 2025,['2025 Arizona Family Law Updates'],762,post,https://auritmediation.com/arizona-family-law-2025/,"follow, index, max-snippet:-1, max-video-preview:-1, max-image-preview:large"
/arizona-mediator-fees-whats-included/,Comparing Arizona Mediator Fees: What’s Included in the Price?,['Comparing Arizona Mediator Fees: What’s Included in the Price?'],1806,post,https://auritmediation.com/arizona-mediator-fees-whats-included/,"follow, index, max-snippet:-1, max-video-preview:-1, max-image-preview:large"
/arizona-parenting-plan-playbook/,Arizona Parenting Plan Guide | The Aurit Center for Divorce Mediation,['Arizona Parenting Plan Playbook'],2073,post,https://auritmediation.com/arizona-parenting-plan-playbook/,"follow, index, max-snippet:-1, max-video-preview:-1, max-image-preview:large"
/arizona-post-divorce-support-after-mediation/,Post-Divorce Support After Mediation: Your Rights in Arizona,['Post-Divorce Support After Mediation: Your Rights in Arizona'],1959,post,https://auritmediation.com/arizona-post-divorce-support-after-mediation/,"follow, index, max-snippet:-1, max-video-preview:-1, max-image-preview:large"
/arizona/,Divorce Mediation Services in Arizona – Aurit Center Divorce Mediators | The Nation's Leading Experts,['Arizona Divorce Mediation'],320,page,https://auritmediation.com/arizona/,"follow, index, max-snippet:-1, max-video-preview:-1, max-image-preview:large"
/arizona/service-areas/,Arizona Divorce Mediation Service Areas | The Aurit Center for Divorce Mediation,['Divorce Mediation Across Arizona'],1940,page,https://auritmediation.com/arizona/service-areas/,"follow, index, max-snippet:-1, max-video-preview:-1, max-image-preview:large"
/arizona/service-areas/cochise-county/,Divorce Mediators in Cochise County | Aurit Mediation,['Cochise County Divorce Mediators'],1327,page,https://auritmediation.com/arizona/service-areas/cochise-county/,"follow, index, max-snippet:-1, max-video-preview:-1, max-image-preview:large"
/arizona/service-areas/coconino-county/,Divorce Mediators in Coconino County | Aurit Mediation,['Coconino County Divorce Mediators'],1337,page,https://auritmediation.com/arizona/service-areas/coconino-county/,"follow, index, max-snippet:-1, max-video-preview:-1, max-image-preview:large"
/arizona/service-areas/maricopa-county/,Divorce Mediators in Maricopa County | Aurit Mediation,['Maricopa County Divorce Mediator'],1574,page,https://auritmediation.com/arizona/service-areas/maricopa-county/,"follow, index, max-snippet:-1, max-video-preview:-1, max-image-preview:large"
/arizona/service-areas/mohave-county/,Divorce Mediators in Mohave County | Aurit Mediation,['Mohave County Divorce Mediators'],1364,page,https://auritmediation.com/arizona/service-areas/mohave-county/,"follow, index, max-snippet:-1, max-video-preview:-1, max-image-preview:large"
/arizona/service-areas/pima-county/,Divorce Mediators in Pima County | Aurit Mediation,['Pima County Divorce Mediators'],1165,page,https://auritmediation.com/arizona/service-areas/pima-county/,"follow, index, max-snippet:-1, max-video-preview:-1, max-image-preview:large"
/arizona/service-areas/pinal-county/,Divorce Mediators in Pinal County | Aurit Mediation,['Pinal County Divorce Mediators'],1432,page,https://auritmediation.com/arizona/service-areas/pinal-county/,"follow, index, max-snippet:-1, max-video-preview:-1, max-image-preview:large"
/arizona/service-areas/yavapai-county/,Divorce Mediators in Yavapai County | Aurit Mediation,['Yavapai County Divorce Mediators'],1328,page,https://auritmediation.com/arizona/service-areas/yavapai-county/,"follow, index, max-snippet:-1, max-video-preview:-1, max-image-preview:large"
/arizona/service-areas/yuma-county/,Divorce Mediators in Yuma County | Aurit Mediation,['Yuma County Divorce Mediators'],1446,page,https://auritmediation.com/arizona/service-areas/yuma-county/,"follow, index, max-snippet:-1, max-video-preview:-1, max-image-preview:large"
/best-therapists-in-arizona/,Best Therapist in Arizona | Aurit Mediation,['Best Therapists in Arizona'],5073,page,https://auritmediation.com/best-therapists-in-arizona/,"follow, index, max-snippet:-1, max-video-preview:-1, max-image-preview:large"
/bezos-divorce-can-we-get-privacy/,The Bezos Divorce: Can We Get Some Privacy Please?,['The Bezos Divorce: Can We Get Some Privacy Please?'],1093,post,https://auritmediation.com/bezos-divorce-can-we-get-privacy/,"follow, index, max-snippet:-1, max-video-preview:-1, max-image-preview:large"
/blog/,Divorce Insights from The Nation's Leading Experts,['Helpful resources to guide you'],2691,page,https://auritmediation.com/blog/,"follow, index, max-snippet:-1, max-video-preview:-1, max-image-preview:large"
/california/,California Divorce Mediators | The Nation's Leading Experts,['California Divorce Mediation'],320,page,https://auritmediation.com/california/,"follow, index, max-snippet:-1, max-video-preview:-1, max-image-preview:large"
/category/children-parents/,Introducing a New Partner to Your Co-Parent Before Your Kids,['Children & Co-Parenting'],442,category,https://auritmediation.com/category/children-parents/,"follow, index, max-snippet:-1, max-video-preview:-1, max-image-preview:large"
/category/divorce-mediation/,Online Divorce Mediation: How Virtual Meetings Work,['Divorce Mediation'],442,category,https://auritmediation.com/category/divorce-mediation/,"follow, index, max-snippet:-1, max-video-preview:-1, max-image-preview:large"
/category/finances-property/,2026 Arizona Divorce Cost Guide | The Aurit Center for Divorce Mediation,['Finances & Property Division'],457,category,https://auritmediation.com/category/finances-property/,"follow, index, max-snippet:-1, max-video-preview:-1, max-image-preview:large"
/category/health-wellness/,How to Stay Calm: Tips on How to Stay Clam When Emotions Run High,['Marriage Health & Wellness'],486,category,https://auritmediation.com/category/health-wellness/,"follow, index, max-snippet:-1, max-video-preview:-1, max-image-preview:large"
/category/insights/,Significant Updates in Arizona Family Law for 2025,['Insights'],443,category,https://auritmediation.com/category/insights/,"follow, index, max-snippet:-1, max-video-preview:-1, max-image-preview:large"
/category/legal-separation/,Significant Updates in Arizona Family Law for 2025,['Legal Separation'],452,category,https://auritmediation.com/category/legal-separation/,"follow, index, max-snippet:-1, max-video-preview:-1, max-image-preview:large"
/category/spousal-support/,“The Rule of 65” for Spousal Maintenance in Arizona,['Spousal Support'],303,category,https://auritmediation.com/category/spousal-support/,"follow, index, max-snippet:-1, max-video-preview:-1, max-image-preview:large"
/category/tools/,The Best Thing for Divorce…Sesame Street? (And How It Helps Kids),['Tools'],385,category,https://auritmediation.com/category/tools/,"follow, index, max-snippet:-1, max-video-preview:-1, max-image-preview:large"
/checkout/,Checkout | The Aurit Center for Divorce Mediation,"[""Arizona's Leading Divorce Mediators""]",231,page,https://auritmediation.com/checkout/,"follow, index, max-snippet:-1, max-video-preview:-1, max-image-preview:large"
/child-centered-divorce-nesting-explained/,Child-Centered Divorce: The Nesting Approach Explained,['Child-Centered Divorce: The Nesting Approach Explained'],3054,post,https://auritmediation.com/child-centered-divorce-nesting-explained/,"follow, index, max-snippet:-1, max-video-preview:-1, max-image-preview:large"
/child-custody-mediation-checklist/,Custody Mediation Checklist: Get the Best Outcome in Mediation,['Custody Mediation Checklist: Get the Best Outcome in Mediation'],3000,post,https://auritmediation.com/child-custody-mediation-checklist/,"follow, index, max-snippet:-1, max-video-preview:-1, max-image-preview:large"
/child-custody-mediation-success-arizona/,Child Custody Mediation Success Stories from Arizona Families,['Child Custody Mediation Success Stories from Arizona Families'],1927,post,https://auritmediation.com/child-custody-mediation-success-arizona/,"follow, index, max-snippet:-1, max-video-preview:-1, max-image-preview:large"
/child-custody-mediation/,Child Custody Mediation in Arizona | The Aurit Center for Divorce Mediation,['Child Custody Mediation'],2386,page,https://auritmediation.com/child-custody-mediation/,"follow, index, max-snippet:-1, max-video-preview:-1, max-image-preview:large"
/child-custody-mediation/arizona-child-custody-laws/,Arizona Child Custody Laws | The Aurit Center for Divorce Medication,['Arizona Child Custody Laws'],1171,page,https://auritmediation.com/child-custody-mediation/arizona-child-custody-laws/,"follow, index, max-snippet:-1, max-video-preview:-1, max-image-preview:large"
/child-support-mediation/,Child Support Mediation in Arizona | The Aurit Center for Divorce Mediation,['Child Support Mediation in Arizona'],2374,page,https://auritmediation.com/child-support-mediation/,"follow, index, max-snippet:-1, max-video-preview:-1, max-image-preview:large"
/child-support-mediation/calculator/,Arizona Child Support Calculator | Aurit Mediation,"['Arizona Child Support Calculator (Free, Instant Results)']",1459,unknown,https://auritmediation.com/child-support-mediation/calculator/,"follow, index, max-snippet:-1, max-video-preview:-1, max-image-preview:large"
/child-support-mediation/modification/,Child Support Modification in Arizona | Aurit Mediation,['Child Support Modification Mediation in Arizona'],1613,page,https://auritmediation.com/child-support-mediation/modification/,"follow, index, max-snippet:-1, max-video-preview:-1, max-image-preview:large"
/co-parenting-school-drop-off-tips/,3 Tips for School Pick-Ups and Drop-Offs After Divorce,['3 Tips for School Pick-Ups and Drop-Offs After Divorce'],1931,post,https://auritmediation.com/co-parenting-school-drop-off-tips/,"follow, index, max-snippet:-1, max-video-preview:-1, max-image-preview:large"
/collaborative-divorce/,What is Collaborative Divorce & How it Works,['What is Collaborative Divorce & How it Works'],2330,post,https://auritmediation.com/collaborative-divorce/,"follow, index, max-snippet:-1, max-video-preview:-1, max-image-preview:large"
/complex-asset-division-arizona-mediation/,Complex Asset Division Through Arizona Mediation,['Complex Asset Division Through Arizona Mediation'],1893,post,https://auritmediation.com/complex-asset-division-arizona-mediation/,"follow, index, max-snippet:-1, max-video-preview:-1, max-image-preview:large"
/contact/,Contact Us | Divorce Mediation Experts,['Contact Us'],335,page,https://auritmediation.com/contact/,"follow, index, max-snippet:-1, max-video-preview:-1, max-image-preview:large"
/couples-therapists-and-family-mediators/,"Couples Therapists and Family Mediators: Mutual Goals, Distinct Objectives, Shared Techniques","['Couples Therapists and Family Mediators: Mutual Goals, Distinct Objectives, Shared Techniques']",2927,post,https://auritmediation.com/couples-therapists-and-family-mediators/,"follow, index, max-snippet:-1, max-video-preview:-1, max-image-preview:large"
/courageous-co-parenting-there-is-always-an-answer/,Courageous Co-Parenting: There is Always an Answer,['Courageous Co-Parenting: There is Always an Answer'],878,post,https://auritmediation.com/courageous-co-parenting-there-is-always-an-answer/,"follow, index, max-snippet:-1, max-video-preview:-1, max-image-preview:large"
/court-ordered-mediation/,Court-Ordered Mediation in Arizona | The Aurit Center for Divorce Mediation,['Court-Ordered Mediation in Arizona'],1966,page,https://auritmediation.com/court-ordered-mediation/,"follow, index, max-snippet:-1, max-video-preview:-1, max-image-preview:large"
/creating-child-friendly-parenting-plans-arizona-mediation/,Child-Friendly Parenting Plans in Arizona | The Aurit Center for Divorce Mediation,['Creating Child-Friendly Parenting Plans Through Arizona Mediation'],1826,post,https://auritmediation.com/creating-child-friendly-parenting-plans-arizona-mediation/,"follow, index, max-snippet:-1, max-video-preview:-1, max-image-preview:large"
/custody-mediation/,Child Custody Mediation – A to Z Guide,['Child Custody Mediation – A to Z Guide'],2739,post,https://auritmediation.com/custody-mediation/,"follow, index, max-snippet:-1, max-video-preview:-1, max-image-preview:large"
/dissolution-vs-divorce/,Dissolution vs. Divorce: What’s the Best Option for You?,['Dissolution vs. Divorce: What’s the Best Option for You?'],1635,post,https://auritmediation.com/dissolution-vs-divorce/,"follow, index, max-snippet:-1, max-video-preview:-1, max-image-preview:large"
/divorce-for-stay-at-home-dads/,Peaceful Divorce Tips for Stay-at-Home Dads,['Peaceful Divorce Tips for Stay-at-Home Dads'],1831,post,https://auritmediation.com/divorce-for-stay-at-home-dads/,"follow, index, max-snippet:-1, max-video-preview:-1, max-image-preview:large"
/divorce-in-az/,Your Guide for Divorce in Arizona,['Your Guide for Divorce in Arizona'],6262,post,https://auritmediation.com/divorce-in-az/,"follow, index, max-snippet:-1, max-video-preview:-1, max-image-preview:large"
/divorce-is-already-filed-can-i-choose-mediation/,My Divorce Is Already Filed: Can I Still Choose Mediation?,['My Divorce Is Already Filed: Can I Still Choose Mediation?'],1920,post,https://auritmediation.com/divorce-is-already-filed-can-i-choose-mediation/,"follow, index, max-snippet:-1, max-video-preview:-1, max-image-preview:large"
/divorce-mediation-agreements-legally-binding/,Are Mediated Divorce Agreements Legally Binding in Arizona?,['Are Mediated Divorce Agreements Legally Binding in Arizona?'],2006,post,https://auritmediation.com/divorce-mediation-agreements-legally-binding/,"follow, index, max-snippet:-1, max-video-preview:-1, max-image-preview:large"
/divorce-mediation-checklist/,Ultimate Divorce Mediation Checklist (For A Peaceful Resolution),['Ultimate Divorce Mediation Checklist (For A Peaceful Resolution)'],2982,post,https://auritmediation.com/divorce-mediation-checklist/,"follow, index, max-snippet:-1, max-video-preview:-1, max-image-preview:large"
/divorce-mediation-guide/,Divorce Mediation Guide | The Aurit Center for Divorce Mediation,['The Ultimate Guide to Divorce Mediation'],3347,page,https://auritmediation.com/divorce-mediation-guide/,"follow, index, max-snippet:-1, max-video-preview:-1, max-image-preview:large"
/divorce-mediation-guide/arizona/,Arizona Guide to Divorce | Aurit Mediation,['Divorce Mediation in Arizona'],2373,guide,https://auritmediation.com/divorce-mediation-guide/arizona/,"follow, index, max-snippet:-1, max-video-preview:-1, max-image-preview:large"
/divorce-mediation-vs-arbitration/,Divorce Mediation vs. Arbitration: The Best Option for Divorce,['Divorce Mediation vs. Arbitration: The Best Option for Divorce'],3103,post,https://auritmediation.com/divorce-mediation-vs-arbitration/,"follow, index, max-snippet:-1, max-video-preview:-1, max-image-preview:large"
/divorce-mediation-vs-litigation/,Divorce Mediation vs Litigation: Which is Best for You?,['Divorce Mediation vs Litigation: Which is Best for You?'],2884,post,https://auritmediation.com/divorce-mediation-vs-litigation/,"follow, index, max-snippet:-1, max-video-preview:-1, max-image-preview:large"
/divorce-mediation-without-kids/,50 years of Research: Why Mediation is the Smart Choice,['50 years of Research: Why Mediation is the Smart Choice'],1871,post,https://auritmediation.com/divorce-mediation-without-kids/,"follow, index, max-snippet:-1, max-video-preview:-1, max-image-preview:large"
/divorce-mediation/,Divorce Mediation in Arizona | The Aurit Center for Divorce Mediation,['Arizona Divorce Mediation'],2082,page,https://auritmediation.com/divorce-mediation/,"follow, index, max-snippet:-1, max-video-preview:-1, max-image-preview:large"
/divorce-mediation/contested-divorce-mediation/,Contested Divorce Mediation in Arizona | Aurit Mediation,['Contested Divorce Mediation in Arizona'],1607,page,https://auritmediation.com/divorce-mediation/contested-divorce-mediation/,"follow, index, max-snippet:-1, max-video-preview:-1, max-image-preview:large"
/divorce-mediation/how-long-divorce-takes/,How Long Does Divorce Take in Arizona? | The Aurit Center for Divorce Mediation,['How Long Does an Arizona Divorce Take?'],1391,page,https://auritmediation.com/divorce-mediation/how-long-divorce-takes/,"follow, index, max-snippet:-1, max-video-preview:-1, max-image-preview:large"
/divorce-mediation/legal-separation-mediation/,Legal Separation Mediation in Arizona | Aurit Mediation,['Legal Separation Mediation in Arizona'],1466,unknown,,"nofollow, noindex"
/divorce-mediation/uncontested-divorce-mediation/,Uncontested Divorce Mediation in Arizona | Aurit Mediation,['Uncontested Divorce Mediation in Arizona'],1351,page,https://auritmediation.com/divorce-mediation/uncontested-divorce-mediation/,"follow, index, max-snippet:-1, max-video-preview:-1, max-image-preview:large"
/divorce-mediator/,"Divorce mediators vs. attorneys: Differences, benefits, and more","['Divorce mediators vs. attorneys: Differences, benefits, and more']",3416,post,https://auritmediation.com/divorce-mediator/,"follow, index, max-snippet:-1, max-video-preview:-1, max-image-preview:large"
/divorcing-parents-4-ways-you-can-be-super-heroes-to-your-children/,Helping Children Cope With Divorce | The Aurit Center for Divorce Mediation,['Divorcing Parents: 4 Ways You Can Be Superheroes To Your Children'],2296,post,https://auritmediation.com/divorcing-parents-4-ways-you-can-be-super-heroes-to-your-children/,"follow, index, max-snippet:-1, max-video-preview:-1, max-image-preview:large"
/does-it-matter-who-files-first-for-divorce-in-arizona/,Does It Matter Who Files First for Divorce in Arizona?,['Does It Matter Who Files First for Divorce in Arizona?'],1395,post,https://auritmediation.com/does-it-matter-who-files-first-for-divorce-in-arizona/,"follow, index, max-snippet:-1, max-video-preview:-1, max-image-preview:large"
/domestic-violence-and-divorce-mediation/,When Domestic Violence Affects Arizona Divorce Mediation,['When Domestic Violence Affects Arizona Divorce Mediation'],1950,post,https://auritmediation.com/domestic-violence-and-divorce-mediation/,"follow, index, max-snippet:-1, max-video-preview:-1, max-image-preview:large"
/finance-and-budgeting-tips-for-divorcees-a-guide-to-navigating-finances-as-a-single-parent/,Finance and Budgeting Tips for Divorcees: A Guide to Navigating Finances as a Single Parent,['Finance and Budgeting Tips for Divorcees: A Guide to Navigating Finances as a Single Parent'],1850,post,https://auritmediation.com/finance-and-budgeting-tips-for-divorcees-a-guide-to-navigating-finances-as-a-single-parent/,"follow, index, max-snippet:-1, max-video-preview:-1, max-image-preview:large"
/flat-fee-arizona-divorce-mediation-cost-2025/,Flat-Fee vs. Hourly Divorce Mediation Cost in Arizona: Which is Better?,['Flat-Fee vs. Hourly Divorce Mediation Cost in Arizona: Which is Better?'],2201,post,https://auritmediation.com/flat-fee-arizona-divorce-mediation-cost-2025/,"follow, index, max-snippet:-1, max-video-preview:-1, max-image-preview:large"
/free-consultation/,Schedule Free Consultation | Arizona's Top Mediators,['Schedule Your Free Divorce Mediation Consultation'],362,page,https://auritmediation.com/free-consultation/,"follow, index, max-snippet:-1, max-video-preview:-1, max-image-preview:large"
/frequently-asked-questions/,Frequently Asked Questions | %sitename%,['What can we help you with?'],883,page,https://auritmediation.com/frequently-asked-questions/,"follow, index, max-snippet:-1, max-video-preview:-1, max-image-preview:large"
/gray-divorce/,What is Gray Divorce & Why it’s on the Rise,['What is Gray Divorce & Why it’s on the Rise'],1868,post,https://auritmediation.com/gray-divorce/,"follow, index, max-snippet:-1, max-video-preview:-1, max-image-preview:large"
/great-kids-books-to-explain-divorce/,Great Divorce Books for Kids,['Great Divorce Books for Kids'],2047,post,https://auritmediation.com/great-kids-books-to-explain-divorce/,"follow, index, max-snippet:-1, max-video-preview:-1, max-image-preview:large"
/guardianship-mediation/,Guardianship Mediation in Arizona | Aurit Mediation,['Guardianship Mediation in Arizona'],1332,page,https://auritmediation.com/guardianship-mediation/,"follow, index, max-snippet:-1, max-video-preview:-1, max-image-preview:large"
/guide-creative-christmas-plans-divorced-parents/,A Guide To Creative Christmas Plans For Divorced Parents,['A Guide To Creative Christmas Plans For Divorced Parents'],2767,post,https://auritmediation.com/guide-creative-christmas-plans-divorced-parents/,"follow, index, max-snippet:-1, max-video-preview:-1, max-image-preview:large"
/halloween-solutions-divorced-parents/,Halloween Co-Parenting Tips | Aurit Mediation,['Halloween Solutions for Divorced Parents: The Best Treat for Your Children'],1587,post,https://auritmediation.com/halloween-solutions-divorced-parents/,"follow, index, max-snippet:-1, max-video-preview:-1, max-image-preview:large"
/high-conflict-divorce-mediation-arizona/,Mediation Strategies for High-Conflict Arizona Divorces,['Mediation Strategies for High-Conflict Arizona Divorces'],1994,post,https://auritmediation.com/high-conflict-divorce-mediation-arizona/,"follow, index, max-snippet:-1, max-video-preview:-1, max-image-preview:large"
/how-divorce-affects-kids/,How Divorce Affects Kids | The Aurit Center for Divorce Mediation,['How Divorce Affects Kids'],3210,post,https://auritmediation.com/how-divorce-affects-kids/,"follow, index, max-snippet:-1, max-video-preview:-1, max-image-preview:large"
/how-mediation-works/,How Divorce Mediation Works | The Aurit Center for Divorce Mediation,['How Divorce Mediation Works'],1773,page,https://auritmediation.com/how-mediation-works/,"follow, index, max-snippet:-1, max-video-preview:-1, max-image-preview:large"
/how-to-break-the-cycle-of-arguing/,How to Break the Cycle of Arguing with your Spouse,['How to Break the Cycle of Arguing with your Spouse'],1803,post,https://auritmediation.com/how-to-break-the-cycle-of-arguing/,"follow, index, max-snippet:-1, max-video-preview:-1, max-image-preview:large"
/how-to-file-for-divorce-in-arizona/,How to File for Divorce in Arizona | The Aurit Center for Divorce Mediation,['Navigating Change: How to File for Divorce in Arizona'],5725,post,https://auritmediation.com/how-to-file-for-divorce-in-arizona/,"follow, index, max-snippet:-1, max-video-preview:-1, max-image-preview:large"
/how-to-modify-child-support-in-az-through-mediation/,How to Modify Child Support in AZ through Mediation,['How to Modify Child Support in AZ through Mediation'],886,post,https://auritmediation.com/how-to-modify-child-support-in-az-through-mediation/,"follow, index, max-snippet:-1, max-video-preview:-1, max-image-preview:large"
/how-to-prepare-for-divorce-mediation/,Preparing for Divorce Mediation: Divorce without the Courts,['Preparing for divorce mediation: a guide to a smooth process'],3888,post,https://auritmediation.com/how-to-prepare-for-divorce-mediation/,"follow, index, max-snippet:-1, max-video-preview:-1, max-image-preview:large"
/how-to-stay-calm-when-emotions-run-high/,How to Stay Calm: Tips on How to Stay Clam When Emotions Run High,['How to Stay Calm When Emotions Run High: A Guide for Spouses'],1387,post,https://auritmediation.com/how-to-stay-calm-when-emotions-run-high/,"follow, index, max-snippet:-1, max-video-preview:-1, max-image-preview:large"
/how-to-talk-about-core-differences/,How to Talk About Core Differences with Your Spouse,['How to Talk with Your Spouse About Core Differences'],1842,post,https://auritmediation.com/how-to-talk-about-core-differences/,"follow, index, max-snippet:-1, max-video-preview:-1, max-image-preview:large"
/how-to-talk-about-couples-counseling/,How to Talk with Your Spouse About Counseling: A Guide for a Better Tomorrow,['How to Talk with Your Spouse About Counseling: A Guide for a Better Tomorrow'],3116,post,https://auritmediation.com/how-to-talk-about-couples-counseling/,"follow, index, max-snippet:-1, max-video-preview:-1, max-image-preview:large"
/how-to-talk-to-spouse-about-drinking/,A Heart-to-Heart: How to Talk with Your Spouse About Their Drinking,['A Heart-to-Heart: How to Talk with Your Spouse About Their Drinking'],2459,post,https://auritmediation.com/how-to-talk-to-spouse-about-drinking/,"follow, index, max-snippet:-1, max-video-preview:-1, max-image-preview:large"
/how-to-talk-to-your-spouse-about-divorce/,Divorce: How to Talk to Your Spouse About It | %sitename%,['How to Talk with Your Spouse About Divorce'],2045,post,https://auritmediation.com/how-to-talk-to-your-spouse-about-divorce/,"follow, index, max-snippet:-1, max-video-preview:-1, max-image-preview:large"
/how-to-talk-with-your-spouse-about-money/,How to Talk with Your Spouse About Money,['How to Talk with Your Spouse About Money'],1281,post,https://auritmediation.com/how-to-talk-with-your-spouse-about-money/,"follow, index, max-snippet:-1, max-video-preview:-1, max-image-preview:large"
/how-to-tell-your-kids-about-divorce/,How to Tell Your Kids About Divorce: A Comprehensive Guide for Parents,['How to Tell Your Kids About Divorce: A Comprehensive Guide for Parents'],4179,post,https://auritmediation.com/how-to-tell-your-kids-about-divorce/,"follow, index, max-snippet:-1, max-video-preview:-1, max-image-preview:large"
/inside-the-mediation-room-with-bill-eddy/,Inside the Mediation Room with Michael and Karen Aurit – Guest Bill Eddy,['Inside the Mediation Room with Michael and Karen Aurit – Guest Bill Eddy'],422,post,https://auritmediation.com/inside-the-mediation-room-with-bill-eddy/,"follow, index, max-snippet:-1, max-video-preview:-1, max-image-preview:large"
/inside-the-mediation-room-with-guest-don-saposnek/,Inside the Mediation Room with Michael and Karen Aurit – Guest Don Saposnek,['Inside the Mediation Room with Michael and Karen Aurit – Guest Don Saposnek'],423,post,https://auritmediation.com/inside-the-mediation-room-with-guest-don-saposnek/,"follow, index, max-snippet:-1, max-video-preview:-1, max-image-preview:large"
/introducing-a-new-partner-to-your-co-parent/,Introducing a New Partner to Your Co-Parent Before Your Kids,['Introducing a New Partner to Your Co-Parent Before Your Kids'],1601,post,https://auritmediation.com/introducing-a-new-partner-to-your-co-parent/,"follow, index, max-snippet:-1, max-video-preview:-1, max-image-preview:large"
/locations/,Aurit Divorce Mediation Locations in Arizona | Arizona Divorce Mediation Lawyers,['Find Our Arizona Locations'],234,page,https://auritmediation.com/locations/,"follow, index, max-snippet:-1, max-video-preview:-1, max-image-preview:large"
/locations/arizona/,Arizona Divorce Mediation Locations - Aurit Center - Aurit Center,['Arizona Divorce Mediators'],1631,location-state,https://auritmediation.com/locations/arizona/,"follow, index, max-snippet:-1, max-video-preview:-1, max-image-preview:large"
/locations/arizona/anthem/,"Anthem, AZ - Divorce Mediators | Arizona's Divorce Experts","['Anthem, Arizona Divorce Mediators']",3401,city,https://auritmediation.com/locations/arizona/anthem/,"follow, index, max-snippet:-1, max-video-preview:-1, max-image-preview:large"
/locations/arizona/apache-junction/,"Apache Junction, AZ - Divorce Mediators | Arizona's Divorce Experts","['Apache Junction, Arizona Divorce Mediators']",3385,city,https://auritmediation.com/locations/arizona/apache-junction/,"follow, index, max-snippet:-1, max-video-preview:-1, max-image-preview:large"
/locations/arizona/avondale/,"Avondale, AZ - Divorce Mediators | Arizona's Divorce Experts","['Avondale, Arizona Divorce Mediators']",3045,city,https://auritmediation.com/locations/arizona/avondale/,"follow, index, max-snippet:-1, max-video-preview:-1, max-image-preview:large"
/locations/arizona/buckeye/,"Buckeye, AZ - Divorce Mediators | Arizona's Divorce Experts","['Buckeye, Arizona Divorce Mediators']",3252,city,https://auritmediation.com/locations/arizona/buckeye/,"follow, index, max-snippet:-1, max-video-preview:-1, max-image-preview:large"
/locations/arizona/casa-grande/,"Casa Grande, AZ - Divorce Mediators | Arizona's Divorce Experts","['Casa Grande, Arizona Divorce Mediators']",3255,city,https://auritmediation.com/locations/arizona/casa-grande/,"follow, index, max-snippet:-1, max-video-preview:-1, max-image-preview:large"
/locations/arizona/chandler/,"Chandler, AZ - Divorce Mediators | Arizona's Divorce Experts","['Chandler, Arizona Divorce Mediators']",3478,city,https://auritmediation.com/locations/arizona/chandler/,"follow, index, max-snippet:-1, max-video-preview:-1, max-image-preview:large"
/locations/arizona/el-mirage/,"El Mirage, AZ - Divorce Mediators | Arizona's Divorce Experts","['El Mirage, Arizona Divorce Mediators']",3367,city,https://auritmediation.com/locations/arizona/el-mirage/,"follow, index, max-snippet:-1, max-video-preview:-1, max-image-preview:large"
/locations/arizona/flagstaff/,"Flagstaff, AZ - Divorce Mediators | Arizona's Divorce Experts","['Flagstaff, Arizona Divorce Mediators']",3435,city,https://auritmediation.com/locations/arizona/flagstaff/,"follow, index, max-snippet:-1, max-video-preview:-1, max-image-preview:large"
/locations/arizona/fountain-hills/,"Fountain Hills, AZ - Divorce Mediators | Arizona's Divorce Experts","['Fountain Hills, Arizona Divorce Mediators']",3317,city,https://auritmediation.com/locations/arizona/fountain-hills/,"follow, index, max-snippet:-1, max-video-preview:-1, max-image-preview:large"
/locations/arizona/gilbert/,"Gilbert, AZ - Divorce Mediators | Arizona's Divorce Experts","['Gilbert, Arizona Divorce Mediators']",3447,city,https://auritmediation.com/locations/arizona/gilbert/,"follow, index, max-snippet:-1, max-video-preview:-1, max-image-preview:large"
/locations/arizona/glendale/,"Glendale, AZ - Divorce Mediators | Arizona's Divorce Experts","['Glendale, Arizona Divorce Mediators']",3460,city,https://auritmediation.com/locations/arizona/glendale/,"follow, index, max-snippet:-1, max-video-preview:-1, max-image-preview:large"
/locations/arizona/goodyear/,"Goodyear, AZ - Divorce Mediators | Arizona's Divorce Experts","['Goodyear, Arizona Divorce Mediators']",3329,city,https://auritmediation.com/locations/arizona/goodyear/,"follow, index, max-snippet:-1, max-video-preview:-1, max-image-preview:large"
/locations/arizona/lake-havasu-city/,"Lake Havasu City, AZ - Divorce Mediators | Arizona's Divorce Experts","['Lake Havasu City, Arizona Divorce Mediators']",3446,city,https://auritmediation.com/locations/arizona/lake-havasu-city/,"follow, index, max-snippet:-1, max-video-preview:-1, max-image-preview:large"
/locations/arizona/marana/,"Marana, AZ - Divorce Mediators | Arizona's Divorce Experts","['Marana, Arizona Divorce Mediators']",3288,city,https://auritmediation.com/locations/arizona/marana/,"follow, index, max-snippet:-1, max-video-preview:-1, max-image-preview:large"
/locations/arizona/maricopa/,"Maricopa, AZ - Divorce Mediators | Arizona's Divorce Experts","['Maricopa, Arizona Divorce Mediators']",3385,city,https://auritmediation.com/locations/arizona/maricopa/,"follow, index, max-snippet:-1, max-video-preview:-1, max-image-preview:large"
/locations/arizona/mesa/,"Mesa, AZ - Divorce Mediators | Arizona's Divorce Experts","['Mesa, Arizona Divorce Mediators']",3403,city,https://auritmediation.com/locations/arizona/mesa/,"follow, index, max-snippet:-1, max-video-preview:-1, max-image-preview:large"
/locations/arizona/paradise-valley/,"Paradise Valley, AZ - Divorce Mediators | Arizona's Divorce Experts","['Paradise Valley, Arizona Divorce Mediators']",3560,city,https://auritmediation.com/locations/arizona/paradise-valley/,"follow, index, max-snippet:-1, max-video-preview:-1, max-image-preview:large"
/locations/arizona/peoria/,"Peoria, AZ - Divorce Mediators | Arizona's Divorce Experts","['Peoria, Arizona Divorce Mediators']",3436,city,https://auritmediation.com/locations/arizona/peoria/,"follow, index, max-snippet:-1, max-video-preview:-1, max-image-preview:large"
/locations/arizona/phoenix/,"Phoenix, AZ - Divorce Mediators | Arizona's Divorce Experts","['Phoenix, Arizona Divorce Mediators']",3569,city,https://auritmediation.com/locations/arizona/phoenix/,"follow, index, max-snippet:-1, max-video-preview:-1, max-image-preview:large"
/locations/arizona/prescott/,"Prescott, AZ - Divorce Mediators | Arizona's Divorce Experts","['Prescott, Arizona Divorce Mediators']",3219,city,https://auritmediation.com/locations/arizona/prescott/,"follow, index, max-snippet:-1, max-video-preview:-1, max-image-preview:large"
/locations/arizona/queen-creek/,"Queen Creek, AZ - Divorce Mediators | Arizona's Divorce Experts","['Queen Creek, Arizona Divorce Mediators']",2696,city,https://auritmediation.com/locations/arizona/queen-creek/,"follow, index, max-snippet:-1, max-video-preview:-1, max-image-preview:large"
/locations/arizona/san-tan-valley/,San Tan Valley,"['San Tan Valley, Arizona Divorce Mediators']",3332,city,https://auritmediation.com/locations/arizona/san-tan-valley/,"follow, index, max-snippet:-1, max-video-preview:-1, max-image-preview:large"
/locations/arizona/scottsdale/,"Scottsdale, AZ Divorce Mediators | Aurit Center for Divorce Mediation","['Scottsdale, Arizona Divorce Mediators']",2385,city,https://auritmediation.com/locations/arizona/scottsdale/,"follow, index, max-snippet:-1, max-video-preview:-1, max-image-preview:large"
/locations/arizona/sedona/,"Sedona, AZ - Divorce Mediators | Arizona's Divorce Experts","['Sedona, Arizona Divorce Mediators']",3406,city,https://auritmediation.com/locations/arizona/sedona/,"follow, index, max-snippet:-1, max-video-preview:-1, max-image-preview:large"
/locations/arizona/sierra-vista/,"Sierra Vista, AZ - Divorce Mediators | Arizona's Divorce Experts","['Sierra Vista, Arizona Divorce Mediators']",3349,city,https://auritmediation.com/locations/arizona/sierra-vista/,"follow, index, max-snippet:-1, max-video-preview:-1, max-image-preview:large"
/locations/arizona/sun-city/,"Sun City, AZ - Divorce Mediators | Arizona's Divorce Experts","['Sun City, Arizona Divorce Mediators']",3494,city,https://auritmediation.com/locations/arizona/sun-city/,"follow, index, max-snippet:-1, max-video-preview:-1, max-image-preview:large"
/locations/arizona/surprise/,"Surprise, AZ - Divorce Mediators | Arizona's Divorce Experts","['Surprise, Arizona Divorce Mediators']",3497,city,https://auritmediation.com/locations/arizona/surprise/,"follow, index, max-snippet:-1, max-video-preview:-1, max-image-preview:large"
/locations/arizona/tempe/,"Tempe, AZ - Divorce Mediators | Arizona's Divorce Experts","['Tempe, Arizona Divorce Mediators']",3447,city,https://auritmediation.com/locations/arizona/tempe/,"follow, index, max-snippet:-1, max-video-preview:-1, max-image-preview:large"
/locations/arizona/tucson/,"Tucson, AZ - Divorce Mediators | Arizona's Divorce Experts","['Tucson, Arizona Divorce Mediators']",3448,city,https://auritmediation.com/locations/arizona/tucson/,"follow, index, max-snippet:-1, max-video-preview:-1, max-image-preview:large"
/locations/arizona/yuma/,"Yuma, AZ - Divorce Mediators | Arizona's Divorce Experts","['Yuma, Arizona Divorce Mediators']",3168,city,https://auritmediation.com/locations/arizona/yuma/,"follow, index, max-snippet:-1, max-video-preview:-1, max-image-preview:large"
/lp/child-custody/,Child Custody | Aurit Mediation,"['Talk with an Child Custody Mediator at No Cost, Today']",1416,unknown,,"nofollow, noindex"
/married-but-separated/,Married but Separated: A Complete Guide,['Married but Separated: A Complete Guide'],2257,post,https://auritmediation.com/married-but-separated/,"follow, index, max-snippet:-1, max-video-preview:-1, max-image-preview:large"
/mediation-readiness/,Are You Ready for Divorce Mediation? | The Aurit Center for Divorce Mediation,['Divorce Mediation Checklist'],1165,page,https://auritmediation.com/mediation-readiness/,"follow, index, max-snippet:-1, max-video-preview:-1, max-image-preview:large"
/meet/,Free consultation location | The Aurit Center for Divorce Mediation,['Free 1-hour Online Consultation'],231,unknown,,"nofollow, noindex"
/michael-aurit-joins-faculty-at-asu-law-schools-lodestar-dispute-resolution-center/,Michael Aurit Joins Faculty at ASU Law School’s Lodestar Dispute Resolution Center,['Michael Aurit Joins Faculty at ASU Law School’s Lodestar Dispute Resolution Center'],725,post,https://auritmediation.com/michael-aurit-joins-faculty-at-asu-law-schools-lodestar-dispute-resolution-center/,"follow, index, max-snippet:-1, max-video-preview:-1, max-image-preview:large"
/most-trusted-arizona-mediators-aurit-center/,Comparing Arizona Mediators: The Aurit Center Advantage,['Comparing Arizona Mediators: The Aurit Center Advantage'],2068,post,https://auritmediation.com/most-trusted-arizona-mediators-aurit-center/,"follow, index, max-snippet:-1, max-video-preview:-1, max-image-preview:large"
/my-account/,My account | The Aurit Center for Divorce Mediation,"[""Arizona's Leading Divorce Mediators""]",231,page,https://auritmediation.com/my-account/,"follow, index, max-snippet:-1, max-video-preview:-1, max-image-preview:large"
/navigating-business-ownership-divorce-mediation/,Business Owner Divorce in Arizona | The Aurit Center for Divorce Mediation,['Business Ownership in Arizona Divorce Mediation'],1776,post,https://auritmediation.com/navigating-business-ownership-divorce-mediation/,"follow, index, max-snippet:-1, max-video-preview:-1, max-image-preview:large"
/new-child-custody-law-arizona/,Arizona Courts to Divorced Parents: ‘Agree or Lose Your Rights’ The New Legal Decision-Making (Child Custody) Law in Arizona,['Arizona Courts to Divorced Parents: ‘Agree or Lose Your Rights’ The New Legal Decision-Making (Child Custody) Law in Arizona'],1694,post,https://auritmediation.com/new-child-custody-law-arizona/,"follow, index, max-snippet:-1, max-video-preview:-1, max-image-preview:large"
/online-divorce-in-arizona-guide/,Online Divorce in Arizona Guide: 4 Steps to Embrace New Beginnings,['Online Divorce in Arizona Guide: Simplify Your Life'],6352,post,https://auritmediation.com/online-divorce-in-arizona-guide/,"follow, index, max-snippet:-1, max-video-preview:-1, max-image-preview:large"
/online-divorce-mediation-arizona-out-of-state/,Benefits of Online Mediation for Out-of-State Arizona Divorces,['Benefits of Online Mediation for Out-of-State Arizona Divorces'],1928,post,https://auritmediation.com/online-divorce-mediation-arizona-out-of-state/,"follow, index, max-snippet:-1, max-video-preview:-1, max-image-preview:large"
/online-divorce-mediation-how-virtual-meetings-work/,Online Divorce Mediation: How Virtual Meetings Work,['Online Divorce Mediation: How Virtual Meetings Work'],1613,post,https://auritmediation.com/online-divorce-mediation-how-virtual-meetings-work/,"follow, index, max-snippet:-1, max-video-preview:-1, max-image-preview:large"
/parenting-plan-mediation/,Parenting Plan Mediation in Arizona | Aurit Mediation,['Parenting Plan Mediation in Arizona'],2253,page,https://auritmediation.com/parenting-plan-mediation/,"follow, index, max-snippet:-1, max-video-preview:-1, max-image-preview:large"
/parenting-time-schedules/,Parenting Time Schedules: Creative Solutions for Your Kids,['Parenting Time Schedules: Creative Solutions for Your Kids'],1932,post,https://auritmediation.com/parenting-time-schedules/,"follow, index, max-snippet:-1, max-video-preview:-1, max-image-preview:large"
/paternity-mediation/,Paternity Mediation in Arizona | Aurit Mediation,['Paternity Mediation in Arizona'],1280,page,https://auritmediation.com/paternity-mediation/,"follow, index, max-snippet:-1, max-video-preview:-1, max-image-preview:large"
/payment-confirmation/,Payment Confirmation | The Aurit Center for Divorce Mediation,"[""Arizona's Leading Divorce Mediators""]",231,page,https://auritmediation.com/payment-confirmation/,"follow, index, max-snippet:-1, max-video-preview:-1, max-image-preview:large"
/payment-failed/,Payment Failed,"[""Arizona's Leading Divorce Mediators""]",231,page,https://auritmediation.com/payment-failed/,"follow, index, max-snippet:-1, max-video-preview:-1, max-image-preview:large"
/payment-plans-with-splitit/,Aurit Center Offers 0% – 12 moPayment Plans: Becomes First in Nation to Partner with Splitit,['Aurit Center Offers 0% – 12 moPayment Plans: Becomes First in Nation to Partner with Splitit'],832,post,https://auritmediation.com/payment-plans-with-splitit/,"follow, index, max-snippet:-1, max-video-preview:-1, max-image-preview:large"
/positive-communication-tips-for-successful-co-parents/,Co-Parenting Communication Tips | The Aurit Center for Divorce Mediation,['Positive Communication Tips for Successful Co-Parenting'],1557,post,https://auritmediation.com/positive-communication-tips-for-successful-co-parents/,"follow, index, max-snippet:-1, max-video-preview:-1, max-image-preview:large"
/post-decree-mediation/,Post-Decree Mediation in Arizona | Aurit Mediation,['Post-Decree Mediation in Arizona'],2343,page,https://auritmediation.com/post-decree-mediation/,"follow, index, max-snippet:-1, max-video-preview:-1, max-image-preview:large"
/pricing/,Divorce Mediation Pricing | The Aurit Center for Divorce Mediation,['Flat-Fee Pricing'],1373,page,https://auritmediation.com/pricing/,"follow, index, max-snippet:-1, max-video-preview:-1, max-image-preview:large"
/property-division-mediation/,Property Division Mediation in Arizona | The Aurit Center for Divorce Mediation,['Arizona Property Division Mediation'],1677,page,https://auritmediation.com/property-division-mediation/,"follow, index, max-snippet:-1, max-video-preview:-1, max-image-preview:large"
/protecting-children-divorce-mediation/,Protecting Children During Divorce | The Aurit Center for Divorce Mediation,['Protecting Children During Divorce: The Arizona Mediation Approach'],1643,post,https://auritmediation.com/protecting-children-divorce-mediation/,"follow, index, max-snippet:-1, max-video-preview:-1, max-image-preview:large"
/protecting-kids-during-divorce-research/,50 Years of Research: Protecting Your Kids During Divorce,['50 Years of Research: Protecting Your Kids During Divorce'],2331,post,https://auritmediation.com/protecting-kids-during-divorce-research/,"follow, index, max-snippet:-1, max-video-preview:-1, max-image-preview:large"
/reasons-against-sole-custody-arizona/,Sole Custody in Arizona: 7 Reasons Why it May Not Be Best for Your Children,['Sole Custody in Arizona: 7 Reasons Why it May Not Be Best for Your Children'],2114,post,https://auritmediation.com/reasons-against-sole-custody-arizona/,"follow, index, max-snippet:-1, max-video-preview:-1, max-image-preview:large"
/refer-divorce-mediation/,How to Refer Someone to Divorce Mediation: A Gentle Guide,['How to Refer Someone to Divorce Mediation: A Gentle Guide'],1340,post,https://auritmediation.com/refer-divorce-mediation/,"follow, index, max-snippet:-1, max-video-preview:-1, max-image-preview:large"
/referral/,Divorce Mediation Referral Program | The Aurit Center for Divorce Mediation,['Join Our Divorce Mediation Referral Program'],1827,page,https://auritmediation.com/referral/,"follow, index, max-snippet:-1, max-video-preview:-1, max-image-preview:large"
/reviews/,Honest Reviews of Divorce Mediation for Parents,['Honest Reviews'],1177,page,https://auritmediation.com/reviews/,"follow, index, max-snippet:-1, max-video-preview:-1, max-image-preview:large"
/self-care-during-divorce-loving-yourself/,Self-Care During Divorce Guide | The Aurit Center for Divorce Mediation,['Self-Care During Divorce: Loving Yourself'],1686,post,https://auritmediation.com/self-care-during-divorce-loving-yourself/,"follow, index, max-snippet:-1, max-video-preview:-1, max-image-preview:large"
/sesame-street-divorce-resources/,The Best Thing for Divorce…Sesame Street? (And How It Helps Kids),['The Best Thing for Divorce…Sesame Street? (And How It Helps Kids)'],1991,post,https://auritmediation.com/sesame-street-divorce-resources/,"follow, index, max-snippet:-1, max-video-preview:-1, max-image-preview:large"
/shop/,Shop | The Aurit Center for Divorce Mediation,"[""Arizona's Leading Divorce Mediators""]",231,page,https://auritmediation.com/shop/,"follow, index, max-snippet:-1, max-video-preview:-1, max-image-preview:large"
/should-we-delay-our-divorce-for-the-holidays/,Should We Delay Our Divorce For the Holidays? A Guide to Making the Best Choice for Your Family,['Should We Delay Our Divorce For the Holidays? A Guide to Making the Best Choice for Your Family'],1770,post,https://auritmediation.com/should-we-delay-our-divorce-for-the-holidays/,"follow, index, max-snippet:-1, max-video-preview:-1, max-image-preview:large"
/spousal-support-alimony-mediation/,Spousal Support (Alimony) Mediation in Arizona | The Aurit Center for Divorce Mediation,['Spousal Support (Alimony) Mediation in Arizona'],2692,page,https://auritmediation.com/spousal-support-alimony-mediation/,"follow, index, max-snippet:-1, max-video-preview:-1, max-image-preview:large"
/spousal-support-alimony-mediation/calculator/,Arizona Alimony Calculator | Aurit Mediation,['Arizona Alimony Calculator'],1750,page,https://auritmediation.com/spousal-support-alimony-mediation/calculator/,"follow, index, max-snippet:-1, max-video-preview:-1, max-image-preview:large"
/stages-of-divorce-grief/,A Guide to the Stages of Divorce Grief,['A Guide to the Stages of Divorce Grief'],2097,post,https://auritmediation.com/stages-of-divorce-grief/,"follow, index, max-snippet:-1, max-video-preview:-1, max-image-preview:large"
/stay-at-home-mom-divorce/,A Divorce Guide for Stay-at-Home Moms,['A Divorce Guide for Stay-at-Home Moms'],1774,post,https://auritmediation.com/stay-at-home-mom-divorce/,"follow, index, max-snippet:-1, max-video-preview:-1, max-image-preview:large"
/step-by-step-divorce-mediation-process-arizona/,Step-by-Step Guide to Divorce Mediation in Arizona,['Step-by-Step Guide to Divorce Mediation in Arizona'],2189,post,https://auritmediation.com/step-by-step-divorce-mediation-process-arizona/,"follow, index, max-snippet:-1, max-video-preview:-1, max-image-preview:large"
/talk-with-your-spouse-about-divorce-mediation/,How to Talk With Your Spouse About Divorce Mediation,['How to Talk With Your Spouse About Divorce Mediation'],2066,post,https://auritmediation.com/talk-with-your-spouse-about-divorce-mediation/,"follow, index, max-snippet:-1, max-video-preview:-1, max-image-preview:large"
/talking-to-your-spouse-about-drug-use/,How to Talk to Your Spouse About Drugs: A Caring Guide,['A Loving Guide: How to Talk with Your Spouse About Their Drug Use'],2201,post,https://auritmediation.com/talking-to-your-spouse-about-drug-use/,"follow, index, max-snippet:-1, max-video-preview:-1, max-image-preview:large"
/talking-with-your-spouse-about-in-laws/,A Mediator’s Guide to Talking with Your Spouse About In-laws and Extended Family,['A Mediator’s Guide to Talking with Your Spouse About In-laws and Extended Family'],1979,post,https://auritmediation.com/talking-with-your-spouse-about-in-laws/,"follow, index, max-snippet:-1, max-video-preview:-1, max-image-preview:large"
/talking-with-your-spouse-after-betrayal/,Expert Guidance for Talking with your Spouse After Betrayal,['Expert Guidance for Talking with your Spouse After Betrayal'],2821,post,https://auritmediation.com/talking-with-your-spouse-after-betrayal/,"follow, index, max-snippet:-1, max-video-preview:-1, max-image-preview:large"
/team/andrew-weber/,Andrew Weber | The Aurit Center for Divorce Mediation,['Andrew Weber'],282,team-member,https://auritmediation.com/team/andrew-weber/,"follow, index, max-snippet:-1, max-video-preview:-1, max-image-preview:large"
/team/jane-mcwilliams/,Jane McWilliams | The Aurit Center for Divorce Mediation,['Jane McWilliams'],226,team-member,https://auritmediation.com/team/jane-mcwilliams/,"follow, index, max-snippet:-1, max-video-preview:-1, max-image-preview:large"
/team/jovana-sagovnovic/,Jovana Šagovnović | The Aurit Center for Divorce Mediation,['Jovana Šagovnović'],226,team-member,https://auritmediation.com/team/jovana-sagovnovic/,"follow, index, max-snippet:-1, max-video-preview:-1, max-image-preview:large"
/team/karen-aurit/,Karen Aurit | The Aurit Center for Divorce Mediation,['Karen Aurit'],298,team-member,https://auritmediation.com/team/karen-aurit/,"follow, index, max-snippet:-1, max-video-preview:-1, max-image-preview:large"
/team/kennedy-winkfield/,Kennedy Winkfield | The Aurit Center for Divorce Mediation,['Kennedy Winkfield'],226,team-member,https://auritmediation.com/team/kennedy-winkfield/,"follow, index, max-snippet:-1, max-video-preview:-1, max-image-preview:large"
/team/michael-aurit/,Michael Aurit | The Aurit Center for Divorce Mediation,['Michael Aurit'],290,team-member,https://auritmediation.com/team/michael-aurit/,"follow, index, max-snippet:-1, max-video-preview:-1, max-image-preview:large"
/team/michael-gangnath/,Michael Gangnath | The Aurit Center for Divorce Mediation,['Michael Gangnath'],227,team-member,https://auritmediation.com/team/michael-gangnath/,"follow, index, max-snippet:-1, max-video-preview:-1, max-image-preview:large"
/the-2026-arizona-divorce-cost-guide/,2026 Arizona Divorce Cost Guide | The Aurit Center for Divorce Mediation,['The 2026 Arizona Divorce Cost Guide: A Comprehensive Roadmap'],4587,post,https://auritmediation.com/the-2026-arizona-divorce-cost-guide/,"follow, index, max-snippet:-1, max-video-preview:-1, max-image-preview:large"
/the-complete-guide-to-military-divorce/,Military Divorce – The complete guide,['Military Divorce – The complete guide'],4429,post,https://auritmediation.com/the-complete-guide-to-military-divorce/,"follow, index, max-snippet:-1, max-video-preview:-1, max-image-preview:large"
/the-complete-guide-to-online-dating-after-divorce/,Online Dating After Divorce Guide | The Aurit Center for Divorce Mediation,['The Complete Guide to Online Dating After Divorce'],2009,post,https://auritmediation.com/the-complete-guide-to-online-dating-after-divorce/,"follow, index, max-snippet:-1, max-video-preview:-1, max-image-preview:large"
/the-the-rule-of-65-spousal-maintenance-az/,“The Rule of 65” for Spousal Maintenance in Arizona,['“The Rule of 65” for Spousal Maintenance in Arizona'],2032,post,https://auritmediation.com/the-the-rule-of-65-spousal-maintenance-az/,"follow, index, max-snippet:-1, max-video-preview:-1, max-image-preview:large"
/trial-separation/,Your Guide to Trial Separation,['Your Guide to Trial Separation'],2342,post,https://auritmediation.com/trial-separation/,"follow, index, max-snippet:-1, max-video-preview:-1, max-image-preview:large"
/understanding-average-cost-of-divorce-in-arizona/,Understanding Average Cost of Divorce in Arizona 2025,['Average Cost of Divorce in Arizona 2025'],1429,post,https://auritmediation.com/understanding-average-cost-of-divorce-in-arizona/,"follow, index, max-snippet:-1, max-video-preview:-1, max-image-preview:large"
/virtual-divorce-mediation-in-arizona/,Is Virtual Mediation Right for Your Arizona Divorce? Pros & Cons,['Is Virtual Mediation Right for Your Arizona Divorce? Pros & Cons'],1664,post,https://auritmediation.com/virtual-divorce-mediation-in-arizona/,"follow, index, max-snippet:-1, max-video-preview:-1, max-image-preview:large"
/virtual-online-mediation/,Virtual Divorce Mediation in Arizona | The Aurit Center for Divorce Mediation,['Online Divorce Mediation in Arizona'],2349,page,https://auritmediation.com/virtual-online-mediation/,"follow, index, max-snippet:-1, max-video-preview:-1, max-image-preview:large"
/what-to-expect-at-your-initial-mediation-meeting-az/,What to Expect at Your First Arizona Mediation Meeting,['What to Expect at Your First Arizona Mediation Meeting'],1816,post,https://auritmediation.com/what-to-expect-at-your-initial-mediation-meeting-az/,"follow, index, max-snippet:-1, max-video-preview:-1, max-image-preview:large"
