Divorce Mediation,Commercial,8100,53,3.89,"Local pack, Sitelinks, Video, People also ask, Related searches, Discussions and forums, AI Overview",4 weeks
divorce mediator,Commercial,2900,39,3.89,"Local pack, Sitelinks, Video, Ads bottom, People also ask, Related searches, Discussions and forums, Ads middle, AI Overview",3 weeks
what is mediation in divorce​,Informational,1000,44,3.89,"Sitelinks, Video, Video carousel, People also ask, Related searches, Discussions and forums, AI Overview",3 weeks
divorce mediation cost​,"Informational, Commercial",880,11,2.59,"Sitelinks, Video, People also ask, Related searches, Discussions and forums, AI Overview",1 month
when is divorce mediation not recommended,Commercial,880,0,2.3,"Sitelinks, Video, Related searches, AI Overview",1 month
divorce mediation services​,Commercial,720,29,6.12,"Local pack, Sitelinks, Related searches",1 month
divorce mediation checklist,Informational,480,3,0.93,"Image pack, Sitelinks, Related searches, AI Overview",1 month
how does divorce mediation work,Informational,390,34,0.93,"Sitelinks, Video, People also ask, Related searches, AI Overview",1 month
how much does divorce mediation cost​,Informational,390,4,2.33,"Sitelinks, Video, People also ask, Related searches, AI Overview",1 month
affordable mediation for divorce,,320,,0
collaborative divorce vs mediation​,Commercial,320,4,1.79,"Image pack, Video, People also ask, Related searches, Discussions and forums, AI Overview",1 month
divorce attorney vs mediator​,Commercial,260,17,4.47,"Sitelinks, Video, Related searches, AI Overview",1 month
how long does divorce mediation take​,Informational,260,9,2.51,"Sitelinks, Video, People also ask, Related searches, Discussions and forums, AI Overview",1 month
divorce mediation process​,Informational,210,34,2.08,"Image pack, Sitelinks, Video, People also ask, Related searches, AI Overview",1 month
how much do divorce mediators charge​,Informational,210,0,2.33,"Sitelinks, Video, People also ask, Related searches, Discussions and forums, AI Overview",1 month
how to prepare for divorce mediation​,Informational,210,10,0.97,"Sitelinks, Video, Related searches, Discussions and forums, AI Overview",1 month
what does a mediator do in a divorce​,Informational,210,28,1.22,"Sitelinks, Video, People also ask, Related searches, AI Overview",1 month
Online divorce mediation,Informational,170,0,5.87,"People also ask, Related searches, Discussions and forums",1 month
divorce mediation tips and tricks​,Informational,170,13,0.78,"Image pack, Sitelinks, Video, People also ask, Related searches",1 month
what to expect in divorce mediation​,Informational,170,27,0.61,"Sitelinks, Video, People also ask, Related searches, Discussions and forums, AI Overview",1 month
divorce mediation arizona,Commercial,140,26,5.46,"Local pack, Image pack, Sitelinks, Video, Image, People also ask, Related searches, Discussions and forums",1 month
how long after mediation is divorce final​,Informational,140,0,0,"Sitelinks, Video, Related searches, Discussions and forums, AI Overview",1 month
what are the disadvantages of divorce mediation​,Informational,140,0,0,"Image pack, Sitelinks, Video, Related searches, Discussions and forums, AI Overview",1 month
what happens in divorce mediation​,Informational,140,40,0.89,"Image pack, Sitelinks, Video, Featured snippet, People also ask, Related searches",1 month
benefits of divorce mediation​,Commercial,90,14,1.54,"Sitelinks, Related searches, Discussions and forums, AI Overview",1 month
Virtual divorce mediation,Informational,40,1,3.42,"Local pack, Video carousel, Related searches, Discussions and forums, AI Overview",1 month
arizona divorce mediation process​,,20,,0
cost of divorce mediation in arizona,,20,,0
arizona divorce mediation services​,,10,,0
arizona divorce mediator,,10,,7.88
eMediation,,10,,9.63
divorce mediation scottsdale,Commercial,70,7,6.93,"Local pack, Image pack, Sitelinks, Video, People also ask, Related searches",1 month
divorce mediator tucson,Commercial,40,6,4.74,"Local pack, Image pack, Sitelinks, People also ask, Related searches, Discussions and forums",1 month
divorce mediation tucson,Commercial,30,10,3.65,"Local pack, Image pack, Sitelinks, Video, People also ask, Related searches",1 month
chandler divorce mediator​,,20,,0
divorce mediation chandler,,20,,9.14
divorce mediation chandler az​,,20,,0
divorce mediation flagstaff,,20,,0
divorce mediation flagstaff az,Commercial,20,8,0,"Local pack, Sitelinks, Reviews, Image, People also ask",3 days
divorce mediation gilbert az,Commercial,20,0,8.51,"Local pack, Sitelinks, Reviews, Image, People also ask",3 days
divorce mediation glendale,,20,,0
divorce mediation goodyear,,20,,0
divorce mediation goodyear az​,,20,,0
divorce mediation scottsdale az​,,20,,4.9
chandler az divorce mediation services​,,10,,0
divorce mediation gilbert,,10,,0
divorce mediation in glendale az​,,10,,0
divorce mediation tucson az​,Commercial,10,0,3.65,"Local pack, Sitelinks, Reviews, Image, People also ask",3 days
divorce mediator scottsdale​,,10,,4.9
goodyear az divorce mediators​,,10,,0
tucson divorce mediation services​,,10,,0
divorce mediator glendale​,,0,,0
high conflict divorce mediation,,20,,0
best mediation firms high-conflict divorces significant assets,,10,,0
mediation for high-conflict divorces,,10,,0
mediation high conflict divorce,,10,,0
importance of mediating child custody in az,,30,,0
what not to say in child custody mediation,"Informational, Commercial",1000,1,0,"AI Overview, Video, People also ask, Related searches",1 month
child custody mediation,Informational,320,30,0,"Sitelinks, AI Overview, Image pack, Video, Discussions and forums, Related searches",1 month
how to win child custody mediation,Informational,260,10,0,"Sitelinks, AI Overview, Video, Discussions and forums, Related searches",1 month
mediation for child custody,Informational,140,31,0,"Sitelinks, AI Overview, Video, Local pack, Discussions and forums, Related searches",1 month
mediator for child custody,Informational,140,32,0,"Sitelinks, AI Overview, Image pack, Video, Video carousel, Local pack, Discussions and forums, Related searches",1 month
child custody mediator,Informational,110,39,0,"Sitelinks, AI Overview, Video, Local pack, Discussions and forums, Related searches",1 month
child custody mediation checklist,Informational,90,0,0,"Sitelinks, AI Overview, Image pack, Video, Discussions and forums, Related searches",1 month
what to ask for in mediation child custody,Informational,90,11,0,"Sitelinks, AI Overview, Video, Related searches",1 month
how does mediation work in child custody,Informational,70,25,0,"Sitelinks, AI Overview, Video, Discussions and forums, Related searches",1 month
how long does mediation take for child custody,Informational,70,9,0,"AI Overview, Discussions and forums, Related searches",1 month
who can attend child custody mediation,Informational,70,12,0,"AI Overview, Image pack, Video, People also ask, Discussions and forums, Related searches",1 month
how much does mediation cost for child custody,,50,13,0,"Video, People also ask, Related searches",1 month
child custody mediation for unmarried parents,,40,,0
child custody mediation services,Informational,40,30,0,"Sitelinks, AI Overview, Local pack, Related searches",1 month
how to prepare for mediation child custody,Informational,40,16,0,"Sitelinks, AI Overview, Video, Discussions and forums, Related searches",1 month
benefits of using mediation for child custody disputes,,30,,0
child custody mediation questions,,30,,0
tips for child custody mediation,,30,,0
what happens in mediation for child custody,,30,,0
what to bring to mediation child custody,,30,,0
what to say in mediation for child custody,,30,,0
child custody mediators,,20,,0
how much is mediation for child custody,,20,,0
mediation in child custody,,20,,0
what to ask for in child custody mediation,,20,,0
child custody mediation strategies,,10,,0
child custody mediation tips,,10,,0
communication in child custody mediation,,10,,0
cost of mediation for child custody,,10,,0
divorce mediation child custody tips,,10,,0
do you need a lawyer for child custody mediation,,10,,0
how much does a mediator cost for child custody,,10,,0
how much is a mediator for child custody,,10,,0
how to get a mediator for child custody,,10,,0
how to prepare for child custody mediation,,10,,0
how to win mediation child custody,,10,,0
property division mediation,,30,,0
property division mediator,,10,,0
asset division mediation,,10,,0
asset division mediator,,10,,0
spousal support mediation,"Informational, Commercial",30,0,3.34,"AI Overview, Video, Video carousel",1 month
spousal support mediator,,10,,0
alimony mediation,Informational,40,2,3.34,"AI Overview, People also ask, Local pack",1 month
alimony with mediation,,20,,0
alimony mediator,,10,,0
alimony modification mediation,,10,,0
alimony modification mediator,,10,,0
