Keyword,Target,Intent,Volume ,Difficulty,SERP Features,Notes / Opportunity
Divorce Mediation,Primary,Commercial,8100,53,"Local pack, Sitelinks, Video, People also ask, Related searches, Discussions and forums, AI Overview","Core Service Page Focus: This is the definitive, highest-volume primary keyword. It must be the anchor of the page title, H1, and the first 100 words of the body copy. The content must immediately validate Aurit's brand and unique selling propositions (e.g., flat-fee, child-centric, peaceful)."
divorce mediation arizona,Primary,Commercial,140,26,"Local pack, Image pack, Sitelinks, Video, Image, People also ask, Related searches, Discussions and forums","Local SEO Core Focus: Essential for the main service page and should be used in the H1, URL slug, and a prominent H2 section. This targets high-intent, location-specific commercial traffic."
divorce mediator,Secondary,Commercial,2900,39,"Local pack, Sitelinks, Video, Ads bottom, People also ask, Related searches, Discussions and forums, Ads middle, AI Overview","Core Service Page Focus: A critical synonym/variant for the primary term. Use naturally in body copy, meta description, and subheadings (e.g., ""Why Choose an Aurit Divorce Mediator?"")."
divorce mediation services​,Secondary,Commercial,720,29,"Local pack, Sitelinks, Related searches","Core Service Page Focus: Use in a clear H2 to structure a section on the specific services offered (e.g., Financial, Parenting, Comprehensive Mediation) and reinforce the commercial intent."
affordable mediation for divorce,Secondary,,320,,,Core Service Page Focus: Use in subheadings and body copy to directly leverage Aurit's flat-fee model as a key differentiator. It addresses the 'Cost-Conscious Pragmatist' pain point of financial anxiety.
divorce mediation cost​,Secondary,"Informational, Commercial",880,11,"Sitelinks, Video, People also ask, Related searches, Discussions and forums, AI Overview","Service Page Section (H2): Create a dedicated section titled ""Divorce Mediation Cost: Flat-Fee vs. Hourly Litigation."" This directly confronts the financial pain point and showcases Aurit's competitive advantage."
arizona divorce mediation process​,Secondary,,20,,,Core Service Page Focus: Use this technical/location-specific phrase in an H2 section that details Aurit’s step-by-step process for Arizona clients.
cost of divorce mediation in arizona,Secondary,,20,,,"Core Service Page Focus: A highly specific, high-commercial-intent, local variant. Should be used in a section title or a prominent subheading near the cost information."
arizona divorce mediation services​,Secondary,,10,,,"Core Service Page Focus: Natural, location-specific phrasing to use in a bulleted list of services or a clear call-to-action on the service page."
arizona divorce mediator,Secondary,,10,,,"Core Service Page Focus: Key local variant for the 'Divorce Mediator' term. Use it in an H2 (e.g., ""Meet Your Arizona Divorce Mediator"") to enhance local relevance."
divorce mediation process​,Secondary,Informational,210,34,"Image pack, Sitelinks, Video, People also ask, Related searches, AI Overview","Core Service Page Focus: Use as the main H2 for the section describing the step-by-step process, which should be branded as the ""Aurit Peaceful Process"" or similar."
benefits of divorce mediation​,Secondary,Commercial,90,14,"Sitelinks, Related searches, Discussions and forums, AI Overview","Core Service Page Section (H2): Create a prominent H2/section (e.g., ""The Aurit Difference: Benefits of Mediation"") to quickly summarize the value proposition: cost, time, control, peace, and child protection."
divorce mediation checklist,Supporting,Informational,480,3,"Image pack, Sitelinks, Related searches, AI Overview","Blog/Resource Content: Create a comprehensive, downloadable ""Divorce Mediation Checklist: What to Gather Before You Start"" to serve as a strong lead-magnet and authority-builder, linking to the service page."
how much does divorce mediation cost​,Supporting,Informational,390,4,"Sitelinks, Video, People also ask, Related searches, AI Overview","Service Page FAQ (1/5): Use this exact question as an accordion FAQ on the service page's cost section. The answer should be concise, referencing the flat-fee structure, and link to the detailed cost-comparison blog/resource."
what to expect in divorce mediation​,Supporting,Informational,170,27,"Sitelinks, Video, People also ask, Related searches, Discussions and forums, AI Overview","Service Page FAQ (2/5) & Content: Use as an H2/FAQ that outlines the 3-5 key steps of the Aurit Process. This addresses fear/loss of control by ""demystifying"" the process."
what is mediation in divorce​,Supporting,Informational,1000,44,"Sitelinks, Video, Video carousel, People also ask, Related searches, Discussions and forums, AI Overview","Blog/FAQ Content: Write a foundational ""What Is..."" blog post as a high-level educational resource, clearly defining mediation and contrasting it with litigation. Link directly to the service page."
when is divorce mediation not recommended,Supporting,Commercial,880,0,"Sitelinks, Video, Related searches, AI Overview","Service Page FAQ (3/5) & Content: Use as an FAQ on the page. The answer should establish expertise and trust by addressing potential risks (e.g., unsuitability in abuse cases, power imbalances) and explain Aurit’s screening process."
how does divorce mediation work,Supporting,Informational,390,34,"Sitelinks, Video, People also ask, Related searches, AI Overview","Service Page FAQ (4/5) & Content: Use as a primary H2 or FAQ to quickly explain the mechanics of the process, emphasizing client control and collaboration over judge-imposed rulings."
collaborative divorce vs mediation​,Supporting,Commercial,320,4,"Image pack, Video, People also ask, Related searches, Discussions and forums, AI Overview","Blog/Resource Content: Create a comparison post that clearly outlines the differences. The goal is to funnel users from the collaborative search to Aurit's mediation service as the preferred, simpler option."
divorce attorney vs mediator​,Supporting,Commercial,260,17,"Sitelinks, Video, Related searches, AI Overview","Blog/Resource Content: Write a focused comparison post that leverages the financial, time, and control benefits of mediation, directly appealing to the 'Cost-Conscious Pragmatist'."
how long does divorce mediation take​,Supporting,Informational,260,9,"Sitelinks, Video, People also ask, Related searches, Discussions and forums, AI Overview",Service Page FAQ (5/5): Use this as the final FAQ to address the temporal pain point. The answer should emphasize the fast timeline (2-4 months) compared to litigation (1-3 years).
how much do divorce mediators charge​,Supporting,Informational,210,0,"Sitelinks, Video, People also ask, Related searches, Discussions and forums, AI Overview","Blog/FAQ Content: Similar to 'how much does divorce mediation cost,' this can be a blog post that focuses more on the difference between Aurit's flat-fee and the traditional hourly mediator charge."
how to prepare for divorce mediation​,Supporting,Informational,210,10,"Sitelinks, Video, Related searches, Discussions and forums, AI Overview","Blog/Resource Content: Create a detailed guide on preparation. This builds authority and can link to the ""Divorce Mediation Checklist"" resource, linking back to the service page."
what does a mediator do in a divorce​,Supporting,Informational,210,28,"Sitelinks, Video, People also ask, Related searches, AI Overview","Blog/Resource Content: Write a post clarifying the mediator's neutral role (facilitator, not a judge or lawyer), managing client expectations upfront."
divorce mediation tips and tricks​,Supporting,Informational,170,13,"Image pack, Sitelinks, Video, People also ask, Related searches",Blog/Resource Content: A 'Top 5 Tips' post for a successful mediation. This is great for an informational tone and helps manage client conduct/emotion.
how long after mediation is divorce final​,Supporting,Informational,140,0,"Sitelinks, Video, Related searches, Discussions and forums, AI Overview","Blog/FAQ Content: An informational post focused on the final legal steps, positioning the service as efficient and leading to a quick resolution."
what are the disadvantages of divorce mediation​,Supporting,Informational,140,0,"Image pack, Sitelinks, Video, Related searches, Discussions and forums, AI Overview","Blog/Resource Content: An honesty-building post that addresses the disadvantages (e.g., power imbalance, no formal discovery) and immediately explains how Aurit mitigates them (e.g., expert screening/management)."
what happens in divorce mediation​,Supporting,Informational,140,40,"Image pack, Sitelinks, Video, Featured snippet, People also ask, Related searches",Blog/Resource Content: A detailed walk-through of a typical mediation session. This builds trust by providing transparency and managing the fear of the unknown.
Virtual divorce mediation,variant,Informational,40,1,"Local pack, Video carousel, Related searches, Discussions and forums, AI Overview","Core Service Page Focus: Include a clear section/subheading on ""Virtual Divorce Mediation"" to highlight Aurit's accessibility and modern approach, as this is a key service differentiator."
eMediation,variant,,10,,,"Core Service Page Focus: Use as a secondary, natural variant in the body copy of the ""Virtual Mediation"" section."
Online divorce mediation,variant,Informational,170,0,"People also ask, Related searches, Discussions and forums","Core Service Page Focus: A high-volume variant for virtual services. Use in a prominent subheading (e.g., ""Our Online Divorce Mediation Process"") and ensure the landing page is mobile-friendly."
divorce mediator tucson,Secondary,Commercial,40,6,"Local pack, Image pack, Sitelinks, People also ask, Related searches, Discussions and forums","Tucson Location Page Optimization: Essential for the Page Title and H1 tag. Use an H2: ""Why Choose an Aurit Divorce Mediator in Tucson."" Mention the Pima County Superior Court."
divorce mediation tucson,Primary,Commercial,30,10,"Local pack, Image pack, Sitelinks, Video, People also ask, Related searches",Tucson Location Page Optimization: Primary keyword to anchor the Meta Description and the first paragraph of the body copy. Ensure high density in a natural flow.
divorce mediation tucson az​,Variant,Commercial,10,0,"Local pack, Sitelinks, Reviews, Image, People also ask","Tucson Location Page Optimization: High-Intent Variant. Anchor the Meta Description with this exact phrase, followed by Aurit's USP (e.g., ""Flat-Fee, Child-Focused Divorce Mediation Tucson AZ"")."
tucson divorce mediation services​,Secondary,,10,,,"Tucson Location Page Optimization: Long-Tail Commercial. Use in an H2 that lists the comprehensive services offered in the Tucson office (e.g., Child Custody, Financial Agreements, Legal Document Prep)."
divorce mediation scottsdale,Primary,Commercial,70,7,"Local pack, Image pack, Sitelinks, Video, People also ask, Related searches","Scottsdale Location Page Optimization: Primary keyword for Page Title and H1 tag. Use in a Call-to-Action (CTA) heading, e.g., ""Schedule Your Free Consultation for Divorce Mediation in Scottsdale."""
divorce mediation scottsdale az​,Variant,,20,,,Scottsdale Location Page Optimization: Natural Language Variant. Include this full-phrase in the body copy and potentially as a caption for a relevant image/video on the Scottsdale page.
divorce mediator scottsdale​,Secondary,,10,,,"Scottsdale Location Page Optimization: Service Variant. Use this in an H2 like, ""Meet Your Scottsdale Divorce Mediator"" to highlight the professional expertise of the local team."
divorce mediation gilbert,Primary,,10,,,Gilbert Location Page Optimization: Anchor keyword for the Meta Description and a key H2 outlining services for Gilbert residents. Mention Maricopa County Superior Court filing details.
divorce mediation gilbert az,Variant,Commercial,20,0,"Local pack, Sitelinks, Reviews, Image, People also ask","Gilbert Location Page Optimization: Natural Language Variant. Ensure this exact phrase appears in a subheading or a prominent, conversion-focused paragraph on the Gilbert page."
divorce mediation glendale,Primary,,20,,,Glendale Location Page Optimization: Use in the H1 tag and a prominent H2. Ensure the page features testimonials specific to Glendale clients to build local social proof.
divorce mediation in glendale az​,Variant,,10,,,"Glendale Location Page Optimization: Natural Language Variant. Use as a longer-tail H2 or in the body copy that discusses the local legal process in Glendale (e.g., ""Starting Divorce Mediation in Glendale, AZ"")."
divorce mediation chandler,Primary,,20,,,Chandler Location Page Optimization: Core keyword for Page Title. Embed a Google Map of the Chandler service area and include a city-specific photo to enhance relevance.
chandler divorce mediator​,Secondary,,20,,,Chandler Location Page Optimization: Service Variant. Use this in a section dedicated to the local mediator’s credentials or biography to build trust and authority.
divorce mediation chandler az​,Variant,,20,,,Chandler Location Page Optimization: High-Intent Variant. Should be used prominently in the main section detailing the Aurit Process (the step-by-step) for Chandler residents.
chandler az divorce mediation services​,Secondary,,10,,,Chandler Location Page Optimization: Long-Tail Commercial. Perfect for the Meta Description and a bulleted list of services to capture users specifically looking for a range of offerings.
divorce mediation flagstaff,Primary,,20,,,"Flagstaff Location Page Optimization: Essential for Page Title, H1, and H2s. Mention Coconino County Superior Court. Use unique content that addresses Flagstaff's specific community/family values."
divorce mediation flagstaff az,Variant,Commercial,20,8,"Local pack, Sitelinks, Reviews, Image, People also ask","Flagstaff Location Page Optimization: High-Intent Variant. Crucial for the H1 and a strong, localized Call-to-Action (CTA) button text, e.g., ""Start Your Flagstaff Divorce Mediation Today."""
divorce mediation goodyear,Primary,,20,,,Goodyear Location Page Optimization: Key term for the Meta Description and at least one H2. Clearly link the process to the flat-fee model to address the 'Cost-Conscious Pragmatist'.
divorce mediation goodyear az​,Variant,,20,,,"Goodyear Location Page Optimization: Natural Language Variant. Ensure inclusion in the introductory copy and link to the child-centric messaging, which resonates with the primary 'Co-Parent' profile."
goodyear az divorce mediators​,Secondary,,10,,,"Goodyear Location Page Optimization: Plural/Service Variant. Use this in an H2 on the team or ""Our Expertise"" section of the Goodyear page to capture plural searches."
high conflict divorce mediation,Secondary,,20,,,"Service Page Section: Create a dedicated, prominent H2 on the main page titled ""Managing High-Conflict Divorce Mediation."" The content must emphasize Aurit's structured process and the skill/empathy of its expert mediators."
best mediation firms high-conflict divorces significant assets,Supporting,,10,,,"Blog/Resource Content: Create a strategic comparison post titled: ""How to Choose the Best Mediator for High-Conflict, High-Asset Cases."" Position Aurit's flat-fee model as the superior, predictable choice over expensive, unpredictable litigation3."
mediation for high-conflict divorces,Secondary,,10,,,Variant for H2: Use this as a natural variant in the body copy or another H2 in the high-conflict section. Reinforce the message of peace and child protection2.
mediation high conflict divorce,Variant,,10,,,"Copy Integration: A natural, concise phrasing for use in the meta description or an ad copy to capture high-intent users looking for a solution to conflict."
importance of mediating child custody in az,Supporting,,30,,,Blog/FAQ Content (Pillar 2): A foundational post that builds authority on the Parenting Pillar. Focus on the why (protecting children from conflict) and link to the main service page.
what not to say in child custody mediation,Supporting,"Informational, Commercial",1000,1,"AI Overview, Video, People also ask, Related searches","Blog/FAQ Content: A sensitive post focusing on constructive communication and avoiding high-conflict language, which aligns with Aurit’s peaceful, child-centric brand."
child custody mediation,Primary,Informational,320,30,"Sitelinks, AI Overview, Image pack, Video, Discussions and forums, Related searches","Dedicated Service Page / Core Page Section: This is a priority term. It must be the anchor of a dedicated ""Child Custody Mediation"" page or a major H2 on the main service page, clearly detailing the creation of a Parenting Plan."
how to win child custody mediation,Supporting,Informational,260,10,"Sitelinks, AI Overview, Video, Discussions and forums, Related searches","Blog/FAQ Content: A sensitive post that reframes the concept of ""winning."" Position ""winning"" as achieving a peaceful, child-centric outcome that benefits the whole family, aligning with Aurit's brand."
mediation for child custody,Secondary,Informational,140,31,"Sitelinks, AI Overview, Video, Local pack, Discussions and forums, Related searches",Service Page Variant: Use as a key subheading on the dedicated Child Custody page/section to ensure broad keyword match.
mediator for child custody,Secondary,Informational,140,32,"Sitelinks, AI Overview, Image pack, Video, Video carousel, Local pack, Discussions and forums, Related searches","Service Page Variant: Use in an H2 (e.g., ""Why Our Mediators Are Best for Child Custody"") to highlight the child-centric approach and mediator qualifications."
child custody mediator,Secondary,Informational,110,39,"Sitelinks, AI Overview, Video, Local pack, Discussions and forums, Related searches","Service Page Variant: A critical, action-oriented term to use near a Call-to-Action (CTA) for a free consultation."
child custody mediation checklist,Supporting,Informational,90,0,"Sitelinks, AI Overview, Image pack, Video, Discussions and forums, Related searches","Lead Magnet: Create a downloadable resource (PDF/Checklist) to capture leads and build authority, similar to the strategy for the general divorce checklist."
what to ask for in mediation child custody,Supporting,Informational,90,11,"Sitelinks, AI Overview, Video, Related searches","Blog/FAQ Content: Use as a specific H2/FAQ within the ""Questions"" guide content."
how does mediation work in child custody,Supporting,Informational,70,25,"Sitelinks, AI Overview, Video, Discussions and forums, Related searches",Blog/FAQ Content (Pillar 3): An essential post to demystify the process. Walk through the steps of creating a Parenting Plan.
how long does mediation take for child custody,Supporting,Informational,70,9,"AI Overview, Discussions and forums, Related searches","Service Page FAQ: Address the temporal pain point. Answer concisely, contrasting the fast mediation timeline with the court system delays."
who can attend child custody mediation,Supporting,Informational,70,12,"AI Overview, Image pack, Video, People also ask, Discussions and forums, Related searches","Blog/FAQ Content: Clarify who attends (spouses, sometimes consulting attorneys), managing expectations about the process."
how much does mediation cost for child custody,Supporting,,50,13,"Video, People also ask, Related searches","Service Page FAQ (Pillar 1): Use as an FAQ to address the financial pain point. Answer concisely, referencing the flat-fee model and its cost-certainty."
child custody mediation for unmarried parents,Supporting,,40,,,Blog/Resource Content: A niche post expanding the audience reach to include unmarried couples who need a Parenting Plan.
child custody mediation services,Variant,Informational,40,30,"Sitelinks, AI Overview, Local pack, Related searches","Service Page Section: Use in a bulleted list of services on the Child Custody page, such as ""Parenting Time,"" ""Legal Decision Making,"" and ""Child Support""."
how to prepare for mediation child custody,Supporting,Informational,40,16,"Sitelinks, AI Overview, Video, Discussions and forums, Related searches","Blog/Resource Content (Pillar 3): A detailed ""How-To Guide"" that builds authority and sets client expectations, linking back to the Child Custody service page."
benefits of using mediation for child custody disputes,Supporting,,30,,,"Blog/FAQ Content: Write a compelling post that speaks directly to the ""Parental Anguish"" pain point, focusing on reduced stress and amicable co-parenting."
child custody mediation questions,Supporting,,30,,,"Blog/FAQ Content (Pillar 3): Write a post titled ""Top 10 Questions to Ask in Child Custody Mediation"" to establish expertise and guide the client."
tips for child custody mediation,Supporting,,30,,,"Blog/FAQ Content: Create a general 'Tips' post that aggregates advice on preparation, communication, and emotional management."
what happens in mediation for child custody,Supporting,,30,,,"Blog/FAQ Content: Provide a direct answer to this high-volume, anxiety-driven search, focusing on the cooperative, non-adversarial nature of the Aurit process."
what to bring to mediation child custody,Supporting,,30,,,"Blog/FAQ Content: Create a practical, helpful post that serves the user's informational needs (e.g., required documents, schedules, budgets)."
what to say in mediation for child custody,Supporting,,30,,,"Blog/FAQ Content: Write a post focusing on positive, child-focused language and co-parenting goals, reinforcing Aurit’s core brand messaging."
child custody mediators,Variant,,20,,,"Service Page Variant: Use this plural form in the ""Our Team"" section of the main service page or on the dedicated Child Custody page."
how much is mediation for child custody,Supporting,,20,,,Variant for FAQ: Use this conversational version of the cost question to capture varied user queries.
mediation in child custody,Variant,,20,,,"Copy Integration: Integrate this strong, natural phrase into the introductory paragraph and meta description of the dedicated Child Custody page."
what to ask for in child custody mediation,Supporting,,20,,,"Variant for Guide: Use this conversational, user-friendly phrasing for the same topic."
child custody mediation strategies,Supporting,,10,,,Blog/FAQ Content: Write a more advanced post for parents who want to understand negotiation strategies within a non-adversarial setting.
child custody mediation tips,Supporting,,10,,,Variant for Tips: Use as a concise title for the supporting 'Tips' content.
communication in child custody mediation,Supporting,,10,,,"Blog/FAQ Content: Write a dedicated post on maintaining a respectful, productive dialogue, which is critical for the ""Co-Parent"" customer segment."
cost of mediation for child custody,Supporting,,10,,,Blog/Resource Content (Pillar 1): Create a deep-dive comparison post that frames the cost of mediation as an investment in the child's well-being versus the emotional and financial trauma of litigation.
divorce mediation child custody tips,Supporting,,10,,,Variant for Tips: Use for a blog post offering general tips for the overall divorce and custody process.
do you need a lawyer for child custody mediation,Supporting,,10,,,Service Page FAQ: Use this question to address the need for legal counsel. The answer must explain the mediator's neutrality and recommend using a consulting attorney to review the final agreement.
how much does a mediator cost for child custody,Supporting,,10,,,Variant for Cost: A secondary cost variant. Use in the cost section of the Child Custody page.
how much is a mediator for child custody,Supporting,,10,,,Variant for Cost: A final cost variant. Ensure all cost-related questions funnel back to the flat-fee USP.
how to get a mediator for child custody,Supporting,,10,,,"Blog/FAQ Content: Write a simple, high-funnel article that directs users to the Aurit free consultation as the clear first step."
how to prepare for child custody mediation,Supporting,,10,,,Variant for Guide: Use as the main title for the 'How to Prepare' guide.
how to win mediation child custody,Supporting,,10,,,"Variant for Reframing: Use this variant for the blog post that reframes the concept of ""winning"" mediation."
property division mediation,Supporting,,30,,,Supporting content focus on achieving an equitable division.
property division mediator,Supporting,,10,,,"Blog/Resource Content: Write a guide titled: ""What Does a Property Division Mediator Do?"" This content should explain the mediator's neutral role in helping couples achieve a fair, equitable division of assets."
asset division mediation,Supporting,,10,,,"Blog/Resource Content: Create a post, ""A Guide to Asset Division Mediation,"" that explains the process of identifying, valuing, and dividing marital assets. This builds authority and addresses the ""Cost-Conscious Pragmatist's"" fears."
asset division mediator,Supporting,,10,,,"Blog/FAQ Content: Use as a specific H2 within the ""Asset Division Mediation"" guide to answer the question, ""How an Asset Division Mediator Ensures a Fair Process."""
spousal support mediation,Supporting,"Informational, Commercial",30,0,"AI Overview, Video, Video carousel","Blog/Resource Content: Write a foundational article, ""How Spousal Support Mediation Works in Arizona."" This post should demystify the process and focus on negotiating fair support and future security."
spousal support mediator,Supporting,,10,,,"Blog/FAQ Content: Create a post, ""The Role of a Spousal Support Mediator,"" that explains how a mediator facilitates a productive conversation, moving beyond emotion to find a practical financial solution."
alimony mediation,Supporting,Informational,40,2,"AI Overview, People also ask, Local pack","Blog/FAQ Content: Use this (a key legal synonym) for a post titled ""5 Benefits of Using Alimony Mediation vs. Going to Court."" This directly leverages Aurit's USPs of cost-certainty and control."
alimony with mediation,Variant,,20,,,"Blog/FAQ Content: Use this natural phrasing as a question in a broader FAQ: ""Can We Settle Alimony with Mediation?"" The answer should be a clear ""Yes,"" explaining the process."
alimony mediator,Supporting,,10,,,"Blog/Resource Content: Write a guide, ""How to Choose the Right Alimony Mediator,"" which positions Aurit’s expert, empathetic, and flat-fee approach as the ideal choice."
alimony modification mediation,Supporting,,10,,,"Blog/Resource Content: This is a key post-decree topic. Write a post, ""When and How to Modify Alimony Through Mediation,"" targeting past clients or new clients with existing orders."
alimony modification mediator,Supporting,,10,,,"Blog/FAQ Content: Use as a specific H2 within the ""Alimony Modification"" post to highlight the mediator's specialized skill in handling post-judgment issues."
