Priority Level,Service Category,Opportunity ,Rationale
High,Divorce Mediation (Process/How It Works),Optimize page and make it more comprehensive,"Needed for navigation dropdown, user intent, SEO"
High,Benefits/Advantages,navigation-support content,"Needed for navigation dropdown, user intent, SEO"
High,Online/Virtual Divorce Mediation,navigation-support content,"Needed for navigation dropdown, user intent, SEO"
High,Pricing,navigation-support content,"Needed for navigation, user intent, SEO"
High,Child Custody Mediation,Launch a dedicated Child Custody Mediation service page (if it's offered),"dedicated service page directly targeting commercial-intent keywords child custody mediation, parenting plan mediation"
Moderate,Child Custody Mediation,Parenting Plan Checklist,"FAQ-style, high search volume, competitor content"
Moderate,Child Custody Mediation,“What Not to Say in Mediation”,"Popular support topic, practical blog"
Moderate,Asset Division Mediation,Property Division Mediation Checklist ,detailed asset division guide
Moderate,High-Conflict Divorce Mediation,“Mediation Strategies for High-Conflict Divorces”,"Practical blog/resource, competitive angle"
Moderate,Alimony Mediation,Alimony Calculation Guide,"FAQ/blog, educational, supports conversion"
Low,Gray Divorce / Same-Sex Mediation,“Considerations for Later-Life Divorce”,"Low search, supports niche needs"
Low,Same-Sex Divorce Mediation,“Supporting LGBTQ+ Families in Mediation”,"Diversity, inclusivity, brand positioning"
Moderate,Divorce Mediation (General),The Benefits of Divorce Mediation vs. Litigation,"Educates prospects, targets high-intent comparison keywords, supports conversion."
Moderate,Divorce Mediation (General),How Divorce Mediation Works: Step-by-Step,"Eases anxiety, matches user search intent, helps guide users to take action."
Moderate,Divorce Mediation (General),Common Mistakes to Avoid in Divorce Mediation,"Provides practical guidance, better success rate, positions brand as expert/advisor."
Moderate,Divorce Mediation (General),Preparing for Your First Mediation Session: Checklist,Fulfills informational queries and reduces customer hesitation.
Moderate,Divorce Mediation (General),What Questions to Ask Your Divorce Mediator,"Builds trust, empowers prospects, and increases conversions."
Moderate,Divorce Mediation (General),Frequently Asked Questions About Divorce Mediation,Directly serves “FAQ” intent and increases content depth/SEO.
Moderate,Divorce Mediation (General),Timeline: How Long Does Divorce Mediation Take?,"Addresses concerns about process duration, supports user planning and commitment."
Moderate,Divorce Mediation (General),Choosing the Right Divorce Mediator: What Matters?,Helps users compare local options and highlights firm advantages.
Moderate,Divorce Mediation (General),Myths and Facts About Divorce Mediation,Counteracts misinformation and establishes authority.
Moderate,Divorce Mediation (General),Can Mediation Work for High-Conflict Divorces?,"Attracts niche audiences, demonstrates capability for tough cases."
Low,Online/Virtual Divorce Mediation,What to Expect During Online Divorce Mediation,"Addresses process transparency, builds confidence in virtual format."
Low,Online/Virtual Divorce Mediation,Tips for a Successful Virtual Mediation Session,Reduces technology barriers and improves session results.
Low,Online/Virtual Divorce Mediation,Technology Requirements for Virtual Mediation,"Practical, supports prospects navigating digital process."
Low,Online/Virtual Divorce Mediation,Is Online Divorce Mediation as Effective as In-person?,"Establishes trust in remote services, boosts conversions to virtual sessions."
Low,Online/Virtual Divorce Mediation,How to Prepare Your Space for Online Mediation,Solves user logistical problems and increases participation rate.
Moderate,Child Custody Mediation,What is Child Custody Mediation?,Educates and attracts parents seeking custody solutions.
Moderate,Child Custody Mediation,Tips for Creating Effective Parenting Plans,"High-value information for parents, improves lead quality."
Moderate,Child Custody Mediation,How to Co-Parent Successfully After Divorce,"Addresses critical post-divorce issues, positions firm as supportive resource."
Moderate,Child Custody Mediation,Navigating Child Support in Mediation,Satisfies common concerns and secures search volume related to child support.
Moderate,Child Custody Mediation,Helping Children Cope During Divorce Mediation,"Supports families, suits community outreach/SEO."
Moderate,Child Custody Mediation,Mistakes to Avoid in Child Custody Mediation,"Guides prospects, addresses pain points."
Moderate,Child Custody Mediation,Parenting Plan Templates & Resources,"Practical tool, establishes authority and usability."
Low,Property Division Mediation,How to Divide Assets Fairly in Divorce Mediation,"Answers high-value transactional queries, improves SEO."
Low,Property Division Mediation,Dividing the Family Home: Options and Strategies,Niche content captures property-focused leads.
Low,Property Division Mediation,Managing Debt and Liabilities During Mediation,Fulfills intent around financial complexity common in divorces.
Low,Alimony Mediation,Understanding Alimony and Spousal Support in Mediation,"Educational, targeted at a high-intent user segment."
Low,Alimony Mediation,Calculating Alimony: Factors That Matter,"Practical, matches search queries around alimony calculators."
Low,Gray Divorce Mediation,Special Considerations for Gray Divorce,"Targets older demographics, fills content gap, builds authority."
Low,Same-Sex Divorce Mediation,Unique Challenges in Same-Sex Divorce Mediation,"Diversity/inclusivity positioning, supports modern consumer expectations."
Low,High-Conflict Divorce Mediation,Strategies for Managing Conflict During Divorce Mediation,"Positions firm as capable for difficult cases, fulfills advanced informational intent."
