source,seed_query,suggestion
google,divorce mediation,divorce mediation near me
google,divorce mediation,divorce mediation
google,divorce mediation,divorce mediation process
google,divorce mediation,divorce mediation cost
google,divorce mediation,divorce mediation services
google,divorce mediation,divorce mediation meaning
google,divorce mediation,divorce mediation vs lawyer
google,divorce mediation,divorce mediation training
google,divorce mediation,divorce mediation tips and tricks
google,divorce mediation,divorce mediation lawyers near me
youtube,divorce mediation,divorce mediation
youtube,divorce mediation,divorce mediation tips
youtube,divorce mediation,divorce mediation with a narcissist
youtube,divorce mediation,divorce mediation demonstration
youtube,divorce mediation,divorce mediation in texas
youtube,divorce mediation,divorce mediation in florida
youtube,divorce mediation,divorce mediation california
youtube,divorce mediation,divorce mediation process
youtube,divorce mediation,divorce mediation preparation
youtube,divorce mediation,divorce mediation example
google,how divorce mediation,how divorce mediation works
google,how divorce mediation,how does divorce mediation work in texas
google,how divorce mediation,how does divorce mediation work in california
google,how divorce mediation,how much divorce mediation cost
google,how divorce mediation,how does divorce mediation work in florida
google,how divorce mediation,how does divorce mediation work uk
google,how divorce mediation,how does divorce mediation work in nc
google,how divorce mediation,how does divorce mediation work in utah
google,how divorce mediation,how does divorce mediation work in nj
google,how divorce mediation,how does divorce mediation work in massachusetts
youtube,how divorce mediation,how does divorce mediation work
youtube,how divorce mediation,how to do divorce mediation with a narcissist
youtube,how divorce mediation,how to win divorce mediation
youtube,how divorce mediation,what is divorce mediation
youtube,how divorce mediation,what happens in divorce mediation
youtube,how divorce mediation,how mediation works in divorce
youtube,how divorce mediation,mediation in divorce cases
google,what divorce mediation,what's divorce mediation
google,what divorce mediation,what is divorce mediation like
google,what divorce mediation,what does divorce mediation look like
google,what divorce mediation,what does divorce mediation mean
google,what divorce mediation,what does divorce mediation cost
google,what divorce mediation,what is divorce mediation uk
google,what divorce mediation,what does divorce mediation entail
google,what divorce mediation,what happens divorce mediation
google,what divorce mediation,what does divorce mediation do
google,what divorce mediation,what is divorce mediation in california
youtube,what divorce mediation,what does divorce mediation look like
youtube,what divorce mediation,what to expect in divorce mediation
youtube,what divorce mediation,what to do in divorce mediation
google,can divorce mediation,can divorce mediation save a marriage
google,can divorce mediation,how long can divorce mediation take
google,can divorce mediation,can i refuse divorce mediation
google,can divorce mediation,can you divorce without mediation
google,can divorce mediation,can you divorce through mediation
google,can divorce mediation,who can attend divorce mediation
google,can divorce mediation,what not to do in divorce mediation
google,can divorce mediation,is divorce mediation legally binding
youtube,can divorce mediation,tips for divorce mediation
youtube,can divorce mediation,florida divorce mediation tips
google,is divorce mediation,is divorce mediation free
google,is divorce mediation,is divorce mediation binding
google,is divorce mediation,is divorce mediation worth it
google,is divorce mediation,is divorce mediation a good idea
google,is divorce mediation,is divorce mediation mandatory
google,is divorce mediation,is divorce mediation
google,is divorce mediation,is divorce mediation private
google,is divorce mediation,does divorce mediation cost money
google,is divorce mediation,does divorce mediation work
google,who divorce mediation,who does divorce mediation
google,who divorce mediation,who pays for divorce mediation
google,when divorce mediation,when divorce mediation doesn't work
google,when divorce mediation,when divorce mediation fails
google,when divorce mediation,in divorce mediation
google,when divorce mediation,when is divorce mediation not recommended
google,when divorce mediation,when is divorce mediation recommended
google,when divorce mediation,divorce in mediation process
google,when divorce mediation,what happens when divorce mediation fails
google,when divorce mediation,what happens after divorce mediation
google,why divorce mediation,why divorce mediation
google,does divorce mediation,does divorce mediation work with a narcissist
google,does divorce mediation,do divorce mediators file paperwork
google,does divorce mediation,do divorce mediators know the law
youtube,do divorce mediation,divorce mediation uk
google,divorce mediator,divorce mediator near me
google,divorce mediator,divorce mediator
google,divorce mediator,divorce mediator cost
google,divorce mediator,divorce mediator vs lawyer
google,divorce mediator,divorce mediator salary
google,divorce mediator,divorce mediator jobs
google,divorce mediator,divorce mediator training
google,divorce mediator,divorce mediator california
google,divorce mediator,divorce mediator qualifications
google,divorce mediator,divorce mediator nj
youtube,divorce mediator,divorce mediator
youtube,divorce mediator,divorce mediator vs lawyer
google,how divorce mediator,how do divorce mediators work
google,how divorce mediator,how much divorce mediator cost
google,how divorce mediator,how much do divorce mediators make
google,how divorce mediator,how to become divorce mediator
google,how divorce mediator,how to find divorce mediator
google,how divorce mediator,how does a mediator work in a divorce
google,how divorce mediator,what does a mediator do in a divorce
youtube,how divorce mediator,how to become a divorce mediator
google,what divorce mediator,what do divorce mediators do
google,what divorce mediator,what does divorce mediator do
google,what divorce mediator,what do divorce mediators make
google,what divorce mediator,how much does mediator for divorce cost
google,what divorce mediator,what can a divorce mediator do
google,what divorce mediator,what questions does a divorce mediator ask
google,what divorce mediator,what to ask a divorce mediator
google,what divorce mediator,what is a divorce mediator
youtube,what divorce mediator,what is mediation in divorce
google,can divorce mediator,can a divorce mediator give legal advice
google,can divorce mediator,can you go to a mediator for divorce
google,can divorce mediator,do you have to have a mediator for divorce
google,can divorce mediator,can you get a divorce with just a mediator
youtube,can divorce mediator,can you file for divorce online
google,is divorce mediator,are divorce mediators lawyers
google,is divorce mediator,is a divorce mediator cheaper than a lawyer
google,who divorce mediator,who are divorce mediators
google,who divorce mediator,who can be a divorce mediator
google,when divorce mediator,when divorce mediation doesn t work
google,when divorce mediator,how long does a divorce take with a mediator
youtube,when divorce mediator,when a man files for divorce
youtube,when divorce mediator,when divorce is necessary
google,does divorce mediator,does a divorce mediator represent both parties
google,does divorce mediator,does a divorce mediator have to be a lawyer
google,do divorce mediator,how much do divorce mediators cost
youtube,do divorce mediator,divorce later
youtube,do divorce mediator,divorce later in life
youtube,will divorce mediator,divorce hearing without attorney
google,child custody mediation,child custody mediation
google,child custody mediation,child custody mediation near me
google,child custody mediation,child custody mediation template
google,child custody mediation,child custody mediation cost
google,child custody mediation,child custody mediation for unmarried parents
google,child custody mediation,child custody mediation orientation nc
google,child custody mediation,child custody mediation san diego
google,child custody mediation,child custody mediation checklist
google,child custody mediation,child custody mediation questions
google,child custody mediation,child custody mediation mn
youtube,child custody mediation,child custody mediation
youtube,child custody mediation,child support mediation
youtube,child custody mediation,how to win child custody mediation
google,how child custody mediation,how does child custody mediation work
google,how child custody mediation,how does child custody mediation go
google,how child custody mediation,how to win child custody mediation
google,how child custody mediation,how long does child custody mediation take
google,how child custody mediation,what is child custody mediation
google,how child custody mediation,how much does child custody mediation cost
google,how child custody mediation,how does child support mediation work
google,how child custody mediation,what does child custody mediation look like
google,how child custody mediation,how long does child custody mediation last
google,how child custody mediation,what is child custody mediation like
youtube,how child custody mediation,how does mediation for custody work
google,what child custody mediation,what happens in child custody mediation
google,what child custody mediation,what is child support mediation
google,what child custody mediation,what happens after child custody mediation
google,what child custody mediation,what to expect child custody mediation
google,what child custody mediation,what to wear to child custody mediation
google,what child custody mediation,what to say in child custody mediation
google,what child custody mediation,what to bring to mediation child custody
google,can child custody mediation,how long can child custody mediation take
google,can child custody mediation,who can attend child custody mediation
google,can child custody mediation,is mediation required for child custody
google,can child custody mediation,can you go to mediation for child custody
google,can child custody mediation,is child custody mediation legally binding
google,can child custody mediation,what not to say in child custody mediation
google,is child custody mediation,is child custody mediation free
google,is child custody mediation,how long is child custody mediation
google,who child custody mediation,who pays for child custody mediation
google,who child custody mediation,what is a mediator for child custody
google,when child custody mediation,when child custody mediation fails
google,when child custody mediation,tips on child custody mediation
google,when child custody mediation,what to expect in mediation child custody
google,when child custody mediation,how long does mediation take for child custody
google,custody mediation,custody mediation
google,custody mediation,custody mediation near me
google,custody mediation,custody mediation cost
google,custody mediation,custody mediation tips
google,custody mediation,custody mediation orientation
google,custody mediation,custody mediation meaning
google,custody mediation,custody mediation orientation nc
google,custody mediation,custody mediation intake form
google,custody mediation,custody mediation nc
google,custody mediation,custody mediation checklist
youtube,custody mediation,custody mediation
youtube,custody mediation,custody mediation with a narcissist
youtube,custody mediation,custody mediation california
youtube,custody mediation,custody mediation what to expect
youtube,custody mediation,custody mediation example
youtube,custody mediation,custody mediation texas
youtube,custody mediation,parenting time mediation
youtube,custody mediation,preparing for custody mediation with a narcissist
google,how custody mediation,how does custody mediation work
google,how custody mediation,how does custody mediation go
google,how custody mediation,how does custody mediation work in nc
google,how custody mediation,how does custody mediation work in texas
google,how custody mediation,how long does custody mediation take
google,how custody mediation,how much does custody mediation cost
google,how custody mediation,how to handle custody mediation with a narcissist
google,how custody mediation,how long does custody mediation last
google,how custody mediation,how long is custody mediation
google,how custody mediation,how much is custody mediation
youtube,how custody mediation,how to prepare for custody mediation
youtube,how custody mediation,what to expect during custody mediation
google,what custody mediation,what is custody mediation
google,what custody mediation,what is custody mediation orientation
google,what custody mediation,what does custody mediation look like
google,what custody mediation,what is custody mediation like
google,what custody mediation,what is co parenting mediation
google,what custody mediation,what happens in custody mediation
google,what custody mediation,what happens when custody mediation fails
google,what custody mediation,what to expect custody mediation
youtube,what custody mediation,what to expect in custody mediation
google,can custody mediation,does custody mediation cost money
google,can custody mediation,does custody mediation work
google,can custody mediation,can custody be decided during mediation
google,can custody mediation,who is allowed in custody mediation
google,is custody mediation,is custody mediation legally binding
google,is custody mediation,is custody mediation free
google,who custody mediation,who pays for custody mediation
google,who custody mediation,how does mediation work for custody
google,when custody mediation,what happens after mediation for custody
google,does custody mediation,what does custody mediation mean
google,do custody mediation,do lawyers attend custody mediation
youtube,do custody mediation,court mediation for custody
youtube,will custody mediation,mediation for child custody
google,mediation arizona,mediation arizona
google,mediation arizona,arizona mediation institute
google,mediation arizona,arizona mediation institute reviews
google,mediation arizona,arizona mediation privilege
google,mediation arizona,arizona mediation training
google,mediation arizona,arizona mediation child custody
google,mediation arizona,arizona mediation center
google,mediation arizona,arizona mediation services
google,mediation arizona,arizona mediation statute
google,mediation arizona,arizona mediation privilege statute
youtube,mediation arizona,mediation field
youtube,mediation arizona,mediation legal
youtube,how mediation arizona,how does a mediation work
youtube,how mediation arizona,how mediation works
youtube,how mediation arizona,mediation how to do
youtube,what mediation arizona,what happens during mediation
youtube,what mediation arizona,why is mediation important
youtube,should mediation arizona,what to say in mediation
youtube,should mediation arizona,what to ask for in mediation
youtube,should mediation arizona,what to do in mediation
youtube,is mediation arizona,what is mediation in adr
youtube,is mediation arizona,what happens at mediation
youtube,does mediation arizona,how does mediation work
google,divorce mediation arizona,divorce mediation arizona
google,divorce mediation arizona,arizona divorce mediation cost
google,divorce mediation arizona,arizona divorce mediation center
google,divorce mediation arizona,divorce mediation attorney near me
google,how divorce mediation arizona,how does divorce mediation work in arizona
google,does divorce mediation arizona,do you have to go to mediation for divorce
google,divorce mediation phoenix,divorce mediation phoenix
google,divorce mediation phoenix,divorce mediation phoenix az
youtube,will divorce mediation phoenix,divorce mediation with covert narcissist
google,divorce mediation scottsdale,divorce mediation scottsdale
google,divorce mediation scottsdale,north carolina divorce mediation process
google,divorce mediation tucson,divorce mediation tucson
youtube,can divorce mediation tucson,how to file for divorce in arizona
google,parenting plan arizona,parenting plan arizona
google,parenting plan arizona,parenting plan arizona form
google,parenting plan arizona,parenting plan template arizona
google,parenting plan arizona,modify parenting plan arizona
google,parenting plan arizona,violation of parenting plan arizona
google,parenting plan arizona,long distance parenting plan arizona
google,parenting plan arizona,arizona parenting plan guidelines
google,parenting plan arizona,arizona parenting plan guide
google,parenting plan arizona,arizona parenting plan modification
google,parenting plan arizona,arizona parenting plan pdf
youtube,parenting plan arizona,parenting plan
youtube,parenting plan arizona,parenting plan for custody
youtube,parenting plan arizona,parenting plan washington state
youtube,parenting plan arizona,parallel parenting plan
youtube,how parenting plan arizona,california child custody laws
youtube,can parenting plan arizona,co parenting plan
youtube,can parenting plan arizona,california custody laws
youtube,can parenting plan arizona,florida child custody laws
youtube,should parenting plan arizona,shared custody child support
youtube,is parenting plan arizona,what happens in family court
youtube,who parenting plan arizona,what to expect in family court
youtube,when parenting plan arizona,how fathers win custody battles
youtube,does parenting plan arizona,how to prove a parent is unfit for custody
youtube,do parenting plan arizona,co parenting dos and don'ts
youtube,do parenting plan arizona,parents rights when dealing with cps
youtube,will parenting plan arizona,place of meeting spouse
google,child support arizona,child support arizona
google,child support arizona,child support arizona login
google,child support arizona,child support arizona phone number
google,child support arizona,child support arizona calculator
google,child support arizona,child support arizona portal
google,child support arizona,child support arizona laws
google,child support arizona,child support arizona maricopa county
google,child support arizona,child support arizona guidelines
google,child support arizona,child support arizona case lookup
google,child support arizona,child support arizona payment
youtube,child support arizona,child support in arizona
youtube,child support arizona,arizona child support laws
google,how child support arizona,how much child support arizona
google,how child support arizona,how to pay child support arizona
google,how child support arizona,how child support works in arizona
google,how child support arizona,how to file for child support arizona
google,how child support arizona,how is child support calculated arizona
google,how child support arizona,how to apply for child support arizona
google,how child support arizona,what is the child support percentage in arizona
google,what child support arizona,what does child support cover in arizona
google,what child support arizona,what is child support in arizona
google,is child support arizona,is child support mandatory in arizona
google,is child support arizona,how much is child support arizona
google,is child support arizona,is child support taxable in arizona
google,is child support arizona,is there child support in arizona
google,who child support arizona,who pays child support in arizona
google,who child support arizona,who handles child support in arizona
google,who child support arizona,who does child support belong to
google,who child support arizona,arizona child support contact
google,when child support arizona,when does child support end arizona
google,when child support arizona,what age does child support end in arizona
google,when child support arizona,how long does child support take to process in arizona
google,when child support arizona,how is child support calculated in arizona
google,does child support arizona,does arizona child support automatically stop at 18
google,does child support arizona,does child support stop automatically in arizona
google,spousal maintenance arizona,spousal maintenance arizona
google,spousal maintenance arizona,spousal maintenance arizona calculator
google,spousal maintenance arizona,spousal maintenance arizona guidelines
google,spousal maintenance arizona,spousal maintenance arizona law
google,spousal maintenance arizona,spousal support arizona
google,spousal maintenance arizona,spousal support arizona guidelines
google,spousal maintenance arizona,spousal support arizona calculator
google,spousal maintenance arizona,spousal maintenance worksheet arizona
google,spousal maintenance arizona,spousal maintenance statute arizona
google,spousal maintenance arizona,spousal maintenance factors arizona
youtube,spousal maintenance arizona,spousal maintenance texas
youtube,spousal maintenance arizona,spousal maintenance
youtube,spousal maintenance arizona,spousal support in texas
youtube,spousal maintenance arizona,spousal maintenance australia
google,how spousal maintenance arizona,how is spousal maintenance calculated in arizona
google,how spousal maintenance arizona,how long does.spousal maintenance last in arizona
youtube,how spousal maintenance arizona,what is alimony spousal support
youtube,how spousal maintenance arizona,how does spousal support work
youtube,how spousal maintenance arizona,what is spousal support
youtube,can spousal maintenance arizona,california divorce spousal support
youtube,can spousal maintenance arizona,alimony spousal support in california
youtube,can spousal maintenance arizona,can husband get alimony
google,is spousal maintenance arizona,is spousal maintenance taxable in arizona
google,is spousal maintenance arizona,is spousal maintenance required in arizona
youtube,who spousal maintenance arizona,why alimony is wrong
youtube,do spousal maintenance arizona,how much does a divorce cost in texas
google,alimony arizona,alimony arizona
google,alimony arizona,alimony arizona calculator
google,alimony arizona,arizona alimony laws
google,alimony arizona,arizona alimony guidelines
google,alimony arizona,arizona alimony clearinghouse
google,alimony arizona,arizona alimony payments
google,alimony arizona,arizona alimony requirements
google,alimony arizona,arizona alimony reddit
google,alimony arizona,arizona alimony length
google,alimony arizona,divorce alimony arizona
youtube,alimony arizona,alimony florida
google,how alimony arizona,how much alimony in arizona
google,how alimony arizona,how is alimony calculated arizona
google,how alimony arizona,how does alimony work arizona
google,how alimony arizona,does arizona have alimony
youtube,how alimony arizona,how does alimony work in california
youtube,how alimony arizona,how does alimony work
google,what alimony arizona,what is alimony in arizona
google,what alimony arizona,how is alimony calculated in arizona
google,what alimony arizona,how much is alimony in arizona
youtube,can alimony arizona,arizona child support
youtube,can alimony arizona,california alimony
google,is alimony arizona,is arizona alimony state
google,is alimony arizona,is alimony taxable in arizona
google,is alimony arizona,is alimony mandatory in arizona
google,is alimony arizona,is there alimony in arizona
google,is alimony arizona,is alimony a thing in arizona
google,is alimony arizona,is alimony tax deductible in arizona
youtube,is alimony arizona,is alimony fair
youtube,is alimony arizona,why is alimony legal
youtube,who alimony arizona,why alimony
youtube,who alimony arizona,who gets alimony in divorce
google,does alimony arizona,does alimony exist in arizona
google,does alimony arizona,do you have to pay alimony in arizona
google,does alimony arizona,is arizona an alimony state
google,does alimony arizona,does az have alimony
youtube,does alimony arizona,why does alimony exist
youtube,does alimony arizona,how long does alimony last
google,legal separation arizona,legal separation arizona
google,legal separation arizona,legal separation arizona cost
google,legal separation arizona,legal separation arizona forms
google,legal separation arizona,legal separation in arizona vs divorce
google,legal separation arizona,legal separation in arizona with child
google,legal separation arizona,legal separation paperwork arizona
google,legal separation arizona,legal separation papers arizona
google,legal separation arizona,file for legal separation arizona
google,legal separation arizona,petition for legal separation arizona
google,legal separation arizona,getting served with legal separation arizona
youtube,legal separation arizona,legal separation california
youtube,legal separation arizona,legal separation
google,how legal separation arizona,how to file legal separation in arizona
google,how legal separation arizona,how does legal separation work in arizona
google,how legal separation arizona,how to get a legal separation in arizona
google,how legal separation arizona,how much does legal separation cost in arizona
google,how legal separation arizona,what is a legal separation in arizona
google,how legal separation arizona,does arizona have legal separation
youtube,how legal separation arizona,legal separation in california
youtube,how legal separation arizona,what is legal separation
youtube,how legal separation arizona,legal separation in florida
google,what legal separation arizona,what does legal separation mean in arizona
google,can legal separation arizona,can you get a legal separation in arizona
youtube,can legal separation arizona,filing for legal separation in california
google,is legal separation arizona,is there legal separation in arizona
youtube,who legal separation arizona,what is a legal separation
youtube,when legal separation arizona,what is the difference between legal separation and divorce
google,does legal separation arizona,does arizona recognize legal separation
youtube,will legal separation arizona,separation agreement without lawyer
google,uncontested divorce arizona,uncontested divorce arizona
google,uncontested divorce arizona,uncontested divorce arizona forms
google,uncontested divorce arizona,uncontested divorce arizona cost
google,uncontested divorce arizona,uncontested divorce arizona with child
google,uncontested divorce arizona,uncontested divorce arizona online
google,uncontested divorce arizona,uncontested divorce arizona paperwork
google,uncontested divorce arizona,uncontested divorce process in arizona
google,uncontested divorce arizona,uncontested divorce pima county arizona
google,uncontested divorce arizona,how long does an uncontested divorce take in arizona
youtube,uncontested divorce arizona,uncontested divorce in arizona
youtube,uncontested divorce arizona,uncontested divorce california
youtube,uncontested divorce arizona,uncontested divorce texas
google,how uncontested divorce arizona,how to file uncontested divorce in arizona
google,how uncontested divorce arizona,how to get an uncontested divorce in arizona
google,how uncontested divorce arizona,how long does uncontested divorce take in arizona
google,how uncontested divorce arizona,arizona uncontested divorce process
google,how uncontested divorce arizona,cost of uncontested divorce in arizona
youtube,how uncontested divorce arizona,uncontested divorce in texas
youtube,how uncontested divorce arizona,uncontested divorce in florida
youtube,what uncontested divorce arizona,what is uncontested divorce
youtube,what uncontested divorce arizona,uncontested divorce in colorado
youtube,what uncontested divorce arizona,uncontested divorce in california
youtube,can uncontested divorce arizona,california uncontested divorce process
youtube,is uncontested divorce arizona,uncontested divorce in illinois
youtube,does uncontested divorce arizona,uncontested divorce in missouri
google,divorce in arizona,divorce in arizona
google,divorce in arizona,divorce in arizona with kids
google,divorce in arizona,divorce in arizona cost
google,divorce in arizona,divorce in arizona without a lawyer
google,divorce in arizona,divorce in arizona no kids
google,divorce in arizona,divorce in arizona laws
google,divorce in arizona,divorce in arizona how long does it take
google,divorce in arizona,divorce in arizona pima county
google,divorce in arizona,divorce in arizona alimony
google,divorce in arizona,divorce in arizona process
youtube,divorce in arizona,divorce in arizona
youtube,divorce in arizona,filing for divorce in arizona
youtube,divorce in arizona,divorce process in arizona
google,how divorce in arizona,how to divorce in arizona
google,how divorce in arizona,how to divorce in arizona without a lawyer
google,how divorce in arizona,how divorce works in arizona
google,how divorce in arizona,how to file divorce in arizona
google,how divorce in arizona,how long to divorce in arizona
google,how divorce in arizona,how expensive is divorce in arizona
google,how divorce in arizona,how to start divorce in arizona
google,how divorce in arizona,how easy is divorce in arizona
google,how divorce in arizona,how to file for divorce in arizona online
google,how divorce in arizona,how to get a divorce in arizona for free
youtube,how divorce in arizona,how to file for divorce in arizona without a lawyer
youtube,how divorce in arizona,how to get a divorce in arizona
google,what divorce in arizona,what are divorce laws in arizona
google,what divorce in arizona,what's the divorce rate in arizona
google,what divorce in arizona,what are grounds for divorce in arizona
google,what divorce in arizona,what is an uncontested divorce in arizona
google,what divorce in arizona,what is a default divorce in arizona
google,what divorce in arizona,what to know about divorce in arizona
google,what divorce in arizona,what does a divorce cost in arizona
google,what divorce in arizona,what does divorce look like in arizona
google,what divorce in arizona,how to get a divorce in arizona
google,what divorce in arizona,what is a wife entitled to in a divorce in arizona
google,can divorce in arizona,can you efile divorce in arizona
google,can divorce in arizona,can i file for divorce in arizona
google,can divorce in arizona,can i file for divorce in arizona online
google,can divorce in arizona,can you divorce online in arizona
google,can divorce in arizona,can you expedite a divorce in arizona
google,can divorce in arizona,how fast can you divorce. in arizona
google,can divorce in arizona,can you get a quick divorce in arizona
google,can divorce in arizona,can i get a fault based divorce in arizona
google,can divorce in arizona,who can serve divorce papers in arizona
google,can divorce in arizona,when can you file for divorce in arizona
youtube,should divorce in arizona,reasons to divorce your wife
google,is divorce in arizona,is divorce in arizona 50 50
google,is divorce in arizona,how much is divorce in arizona
google,is divorce in arizona,is divorce public record in arizona
google,is divorce in arizona,how does divorce in arizona work
google,is divorce in arizona,is there no fault divorce in arizona
google,is divorce in arizona,is arizona a 50 50 divorce state
google,who divorce in arizona,who gets the house in a divorce in arizona
google,who divorce in arizona,are divorce records public in arizona
google,who divorce in arizona,divorce rules in arizona
youtube,who divorce in arizona,she filed for divorce
google,when divorce in arizona,when is a divorce final in arizona
google,when divorce in arizona,how long does a divorce take in az
google,when divorce in arizona,how long does it take for a divorce to be final in arizona
google,when divorce in arizona,arizona divorce process timeline
youtube,when divorce in arizona,why i filed for divorce
google,does divorce in arizona,does infidelity affect divorce in arizona
google,does divorce in arizona,do it yourself divorce in arizona
google,does divorce in arizona,how much does divorce cost in arizona
google,does divorce in arizona,how long does divorce take in arizona
google,does divorce in arizona,does infidelity matter in a divorce in arizona
google,does divorce in arizona,does it matter who files for divorce in arizona
google,do divorce in arizona,how do i file for divorce in arizona
google,do divorce in arizona,how do i get a divorce in arizona
google,will divorce in arizona,getting a divorce in arizona
google,online divorce mediation,online divorce mediation
google,online divorce mediation,online divorce mediation services
google,online divorce mediation,online appointments divorce mediation near me
youtube,online divorce mediation,online divorce uk
youtube,online divorce mediation,online divorce texas
youtube,online divorce mediation,mediation process in divorce
youtube,online divorce mediation,online divorce florida
youtube,what online divorce mediation,how to win in divorce mediation
google,virtual divorce mediation,virtual divorce mediation
google,virtual divorce mediation,virtual divorce mediation roseville
google,virtual divorce mediation,types of divorce mediation
google,virtual divorce mediation,what to bring to divorce mediation
youtube,virtual divorce mediation,mediation in divorce
google,gray divorce,gray divorce
google,gray divorce,gray divorce regrets
google,gray divorce,gray divorce rate
google,gray divorce,gray divorce meaning
google,gray divorce,gray divorce on the rise
google,gray divorce,gray divorce statistics
google,gray divorce,gray divorce pros and cons
google,gray divorce,gray divorce reasons
google,gray divorce,gray divorce lawyers near me
google,gray divorce,gray divorce new york times
youtube,gray divorce,gray divorce
youtube,gray divorce,gray divorce stories
youtube,gray divorce,gray divorce for men
youtube,gray divorce,gray divorce for women
youtube,gray divorce,gray divorce regrets
youtube,gray divorce,gray divorce india
youtube,gray divorce,gray divorce kya hota hai
youtube,gray divorce,grey divorce
youtube,gray divorce,grey divorce stories
google,how gray divorce,how gray divorce affects adult children
google,how gray divorce,how common is gray divorce
google,how gray divorce,how to avoid gray divorce
google,how gray divorce,how to prevent gray divorce
google,how gray divorce,how to survive gray divorce
google,how gray divorce,how prevalent is gray divorce
google,how gray divorce,what is a gray divorce
google,how gray divorce,what causes grey divorce
google,what gray divorce,what's gray divorce
google,what gray divorce,what's grey divorce
google,what gray divorce,what does gray divorce mean
google,what gray divorce,what causes gray divorce
google,what gray divorce,what is gray divorce in hindi
google,what gray divorce,what is gray divorce in america
google,what gray divorce,what is gray divorce and why are couples doing it
google,what gray divorce,what is gray divorce trend
google,what gray divorce,what age is gray divorce
google,what gray divorce,what is the gray divorce revolution
youtube,what gray divorce,what is gray divorce
google,can gray divorce,gray divorce can be financially devastating
google,can gray divorce,can you divorce lady grey
youtube,can gray divorce,can you divorce and remarry
youtube,can gray divorce,is divorce the right decision
youtube,can gray divorce,can't afford divorce
youtube,can gray divorce,can divorcees remarry
google,is gray divorce,is gray divorce on the rise
google,is gray divorce,is gray divorce worth it
google,is gray divorce,is gray divorce
google,is gray divorce,is grey divorce common
google,is gray divorce,is grey divorce legal in india
google,is gray divorce,what is gray divorce mean
google,is gray divorce,is gray benko divorced
google,is gray divorce,is jason gray divorced
google,is gray divorce,is george gray divorced
google,who gray divorce,who initiates gray divorce
google,who gray divorce,who coined the term gray divorce
google,who gray divorce,what are gray divorces
google,who gray divorce,define gray divorce
google,why gray divorce,why gray divorce is on the rise
google,why gray divorce,why gray divorce
google,why gray divorce,why do gray divorces happen
google,why gray divorce,why is gray divorce on the rise in america
google,why gray divorce,why does gray divorce happen
google,why gray divorce,why did jennifer gray divorce
google,why gray divorce,why so many gray divorce
google,why gray divorce,why did erin gray divorce
google,why gray divorce,why did jason gray divorce
google,why gray divorce,why.did linda.gray divorce.ed.thrasher
google,does gray divorce,does grey divorce in the rookie
google,does gray divorce,does grey divorce luna
google,does gray divorce,does gray's wife cheat on him in the rookie
google,does gray divorce,does gray's wife cheat on him
google,does gray divorce,does gray get divorced in the rookie
google,does gray divorce,does gray get divorced
google,do gray divorce,does sergeant gray divorce his wife
google,do gray divorce,do people regret gray divorce
google,do gray divorce,do women regret gray divorce
google,do gray divorce,do gray and luna get divorced
youtube,do gray divorce,gray divorce podcast
google,high conflict divorce mediation,high conflict divorce mediation
google,high conflict divorce mediation,how to win at divorce mediation
youtube,high conflict divorce mediation,high conflict divorce mediation
youtube,high conflict divorce mediation,high conflict divorce
google,how high conflict divorce mediation,what is a high conflict divorce
youtube,how high conflict divorce mediation,how to handle mediation in a divorce
google,what high conflict divorce mediation,what not to say in divorce mediation
youtube,should high conflict divorce mediation,high conflict co parenting
youtube,should high conflict divorce mediation,high conflict parenting plans
google,mediation with a narcissist,mediation with a narcissist
google,mediation with a narcissist,mediation with a narcissist uk
google,mediation with a narcissist,mediation with a narcissist at work
google,mediation with a narcissist,mediation with a narcissist australia
google,mediation with a narcissist,mediation with a narcissist reddit
google,mediation with a narcissist,custody mediation with a narcissist
google,mediation with a narcissist,family mediation with a narcissist
google,mediation with a narcissist,workplace mediation with a narcissist
google,mediation with a narcissist,mediation with a covert narcissist
google,mediation with a narcissist,preparing for mediation with a narcissist
youtube,mediation with a narcissist,mediation with a narcissist
youtube,mediation with a narcissist,mediation with a covert narcissist
youtube,mediation with a narcissist,preparing for mediation with a narcissist
youtube,mediation with a narcissist,how to win in mediation with a narcissist
youtube,mediation with a narcissist,tips for mediation with a narcissist
google,how mediation with a narcissist,how to mediate with a narcissist
google,how mediation with a narcissist,how to handle mediation with a narcissist
google,how mediation with a narcissist,how to do mediation with a narcissist
google,how mediation with a narcissist,how to win mediation with a narcissist
google,how mediation with a narcissist,how to approach mediation with a narcissist
google,how mediation with a narcissist,how to prepare for mediation with a narcissist
google,how mediation with a narcissist,how to do divorce mediation with a narcissist
google,how mediation with a narcissist,how to go to mediation with a narcissist
google,how mediation with a narcissist,how to prepare for divorce mediation with a narcissist
youtube,how mediation with a narcissist,how to prepare for mediation with a narcissist
youtube,how mediation with a narcissist,meditation for dealing with narcissist
google,can mediation with a narcissist,can mediation work with a narcissist
google,can mediation with a narcissist,can you mediate with a narcissist
google,can mediation with a narcissist,does mediation work with a narcissist
google,can mediation with a narcissist,can a narcissist manipulate a therapist
google,should mediation with a narcissist,should i do mediation with a narcissist
google,should mediation with a narcissist,will mediation work with a narcissist
google,is mediation with a narcissist,is mediation possible with a narcissist
google,do mediation with a narcissist,can you do mediation with a narcissist
google,do mediation with a narcissist,how do i prepare for mediation with a narcissist
youtube,post decree modification arizona,post wraps
youtube,post decree modification arizona,post wrap for porch
youtube,post decree modification arizona,post bleibt post
youtube,how post decree modification arizona,how to take posts out of archive on instagram
youtube,how post decree modification arizona,how to take post out of archive
youtube,how post decree modification arizona,how to wrap posts in cedar
youtube,when post decree modification arizona,your post must contain post flair
youtube,when post decree modification arizona,why my post is not showing on reddit
youtube,when post decree modification arizona,post removed from profile grid
youtube,does post decree modification arizona,kdgarden vinyl easy sign post
youtube,does post decree modification arizona,craigslist keeps removing my post
youtube,does post decree modification arizona,partial claim vs loan modification
youtube,will post decree modification arizona,front property in arizona
google,co-parenting,co-parenting
google,co-parenting,co-parenting meaning
google,co-parenting,co-parenting app
google,co-parenting,co-parenting counseling
google,co-parenting,co-parenting classes
google,co-parenting,co-parenting with a narcissist
google,co-parenting,co-parenting apps free
google,co-parenting,co-parenting therapy
google,co-parenting,co-parenting counseling near me
google,co-parenting,co-parenting classes near me
youtube,co-parenting,co-parenting
youtube,co-parenting,co-parenting with a narcissist
youtube,co-parenting,co-parenting in the 90s/2000s be like
youtube,co-parenting,co-parenting tips
youtube,co-parenting,co-parenting dispute ends in court part 2
youtube,co-parenting,co-parenting dispute ends in court part 3
youtube,co-parenting,co-parenting unlocked
youtube,co-parenting,co-parenting with a covert narcissist
youtube,co-parenting,co-parenting after divorce
youtube,co-parenting,co-parenting dispute ends in court part 1
google,how co-parenting,how co parenting
google,how co-parenting,what co parenting means
google,how co-parenting,what co parenting apps are free
google,how co-parenting,how to co parenting with a narcissist
google,how co-parenting,how much is co parenting counseling
google,how co-parenting,how much are co parenting apps
google,how co-parenting,how much are co parenting classes
google,how co-parenting,how much is co parenting therapy
google,how co-parenting,does co parenting get easier
google,how co-parenting,how does co parenting work
youtube,how co-parenting,how co parenting be
youtube,how co-parenting,how co parenting be like
google,what co-parenting,what's co parenting
google,what co-parenting,which co parenting app is best
google,what co-parenting,what does co parenting mean
google,what co-parenting,what is co parenting counseling
google,what co-parenting,what is co parenting in tagalog
google,what co-parenting,what is co parenting therapy
google,what co-parenting,what are co parenting apps
google,what co-parenting,what are co parenting classes
google,what co-parenting,what is co parenting in spanish
youtube,what co-parenting,what is co parenting
google,can co-parenting,does co parenting mean living together
google,can co-parenting,does co parenting work
google,can co-parenting,does co parenting mean divorce
google,can co-parenting,does co parenting mean
google,can co-parenting,do co parenting apps work
google,can co-parenting,what does co-parenting
google,can co-parenting,can co parents get back together
google,can co-parenting,can co parents live together
google,can co-parenting,can co parents be friends
youtube,can co-parenting,co parenting advice
youtube,can co-parenting,co parenting
google,should co-parenting,should co parenting be 50 50
google,should co-parenting,can co parenting work
google,should co-parenting,does co parenting effects on child
google,should co-parenting,can co parenting be successful
google,should co-parenting,does co parenting mean 50 50
youtube,should co-parenting,when co parenting doesn't work
google,is co-parenting,is co parenting app free
google,is co-parenting,is co parenting
google,is co-parenting,what is co parenting mean
google,is co-parenting,what is co parenting app
google,is co-parenting,how is co parenting with a narcissist
google,is co-parenting,what is co parenting classes
google,when co-parenting,when co parenting with a narcissist
google,when co-parenting,when co parenting
google,when co-parenting,what not to do when co parenting
google,when co-parenting,what co parenting should not do
google,when co-parenting,what age does co parenting stop
google,when co-parenting,what is considered co parenting
google,why co-parenting,why co parenting
google,why co-parenting,why is co parenting so difficult
google,does co-parenting,is co parenting hard
google,does co-parenting,is co parenting good for kids
google,does co-parenting,is co parenting 50 50
google,does co-parenting,is co parenting healthy
google,does co-parenting,is co parenting a relationship
google,does co-parenting,is co parenting good
youtube,does co-parenting,what does co parenting mean
youtube,does co-parenting,how does co parenting work
google,do co-parenting,do co parents live together
google,do co-parenting,what does co parenting look like
youtube,do co-parenting,how to do co parenting on widgetable
google,will co-parenting,is co parenting counseling covered by insurance
google,will co-parenting,is co parenting a good idea
youtube,will co-parenting,co parenting after cheating
google,property division divorce arizona,property division in divorce arizona
google,property division divorce arizona,what is property division in divorce
youtube,property division divorce arizona,property division in divorce
youtube,when property division divorce arizona,buying a house during divorce
youtube,when property division divorce arizona,selling a house during divorce
youtube,does property division divorce arizona,division of property in divorce
youtube,does property division divorce arizona,how to buy property that owes taxes
youtube,does property division divorce arizona,how to protect rental property from lawsuit
youtube,does property division divorce arizona,how to save property from divorce
google,community property arizona,community property arizona
google,community property arizona,community property arizona not married
google,community property arizona,community property arizona death
google,community property arizona,community property arizona taxes
google,community property arizona,community property arizona divorce
google,community property arizona,communal property arizona
google,community property arizona,marital property arizona
google,community property arizona,separate property arizona
google,community property arizona,community property laws arizona
google,community property arizona,community property income arizona
youtube,community property arizona,community property california
google,how community property arizona,what is community property arizona
google,how community property arizona,how does community property work in arizona
google,how community property arizona,what is considered community property in arizona
google,how community property arizona,is arizona a community property state
youtube,how community property arizona,what is community property
google,what community property arizona,what is community property income in arizona
google,what community property arizona,what does community property mean in arizona
youtube,should community property arizona,community property steel panther
google,is community property arizona,is arizona community property state
google,is community property arizona,is inheritance community property in arizona
google,is community property arizona,is 401k community property in arizona
google,is community property arizona,is there community property in arizona
google,is community property arizona,is arizona a community property state for divorce
google,is community property arizona,is arizona a community property state for death of a spouse
google,is community property arizona,is arizona a community property state if not married
google,is community property arizona,is inheritance considered community property in arizona
google,when community property arizona,when does community property end in arizona
google,when community property arizona,is arizona community property
youtube,when community property arizona,community property with right of survivorship california
youtube,when community property arizona,community property vs community property with right of survivorship
google,does community property arizona,does arizona have community property laws
google,does community property arizona,does arizona recognize community property
google,does community property arizona,does arizona have community property with right of survivorship
youtube,do community property arizona,community property real estate
youtube,do community property arizona,community property states
google,divorce cost arizona,divorce cost arizona
google,divorce cost arizona,divorce cost arizona domestic violence case
google,divorce cost arizona,divorce rate arizona
google,divorce cost arizona,divorce fee arizona
google,divorce cost arizona,divorce filing cost arizona
google,divorce cost arizona,uncontested divorce cost arizona
google,divorce cost arizona,divorce attorney cost arizona
google,divorce cost arizona,low cost divorce arizona
google,divorce cost arizona,average divorce cost in arizona
google,divorce cost arizona,how much does divorce cost arizona
google,how divorce cost arizona,how much would divorce cost me in arizona
google,how divorce cost arizona,how much does a divorce cost in az
google,how divorce cost arizona,how much does it cost to file for divorce in arizona
youtube,how divorce cost arizona,how does divorce work in texas
google,what divorce cost arizona,how much are divorce papers in arizona
youtube,is divorce cost arizona,how much does a divorce cost
youtube,why divorce cost arizona,what did my divorce cost me
youtube,do divorce cost arizona,pro se divorce texas
google,how much does divorce cost in arizona,how much do divorce papers cost in arizona
google,how much does divorce cost in arizona,how much do divorce lawyers cost in arizona
google,how much does divorce cost in arizona,how much does an uncontested divorce cost in arizona
google,how much does divorce cost in arizona,how much does a simple divorce cost in arizona
google,how much does divorce cost in arizona,how much does the average divorce cost in arizona
google,how much does divorce cost in arizona,how much does a divorce cost in tucson arizona
google,how much does divorce cost in arizona,how much does a divorce cost in phoenix arizona
google,how much does divorce cost in arizona,how much does a divorce cost in yuma az
youtube,how much does divorce cost in arizona,how much does divorce cost in california
youtube,how much does divorce cost in arizona,how much divorce cost
google,how how much does divorce cost in arizona,how much do divorces cost in arizona
google,how how much does divorce cost in arizona,how much do divorces cost in az
google,how how much does divorce cost in arizona,how much does a divorce lawyer cost in arizona
google,what how much does divorce cost in arizona,average cost of divorce in az
google,can how much does divorce cost in arizona,how much does it cost to legally divorce
google,who how much does divorce cost in arizona,how much is a divorce attorney in arizona
youtube,who how much does divorce cost in arizona,how much does divorce cost
google,divorce process arizona,divorce process arizona
google,divorce process arizona,divorce filing arizona
google,divorce process arizona,divorce proceedings arizona
google,divorce process arizona,divorce process az
google,divorce process arizona,arizona divorce process steps
google,how divorce process arizona,how to start divorce process in arizona
google,how divorce process arizona,how long is divorce process in arizona
google,how divorce process arizona,how does the divorce process work in arizona
youtube,how divorce process arizona,how divorce process works
youtube,should divorce process arizona,what leads to divorce
google,is divorce process arizona,az divorce process
google,mediation vs lawyer,mediation vs lawyer
google,mediation vs lawyer,mediation vs lawyer divorce
google,mediation vs lawyer,mediation vs lawyer child custody
google,mediation vs lawyer,mediator vs lawyer for separation
google,mediation vs lawyer,mediator vs lawyer cost
google,mediation vs lawyer,mediator versus lawyer for divorce
google,mediation vs lawyer,mediator versus lawyer
google,mediation vs lawyer,mediation or lawyer for divorce
google,mediation vs lawyer,mediation or lawyer
google,mediation vs lawyer,mediator or lawyer for separation
youtube,mediation vs lawyer,mediation in court
youtube,mediation vs lawyer,mediation lawyer
youtube,mediation vs lawyer,mediation process in court
youtube,mediation vs lawyer,mediation in court case
google,how mediation vs lawyer,how much is mediation vs lawyer
google,how mediation vs lawyer,is a mediator better than a lawyer
google,how mediation vs lawyer,how much do mediation lawyers make
google,how mediation vs lawyer,do lawyers go to mediation
youtube,how mediation vs lawyer,what is mediation in court
youtube,how mediation vs lawyer,what is mediation in law
youtube,can mediation vs lawyer,how lawyers argue in court
youtube,can mediation vs lawyer,how lawyers talk in court
youtube,should mediation vs lawyer,what happens in court mediation
google,is mediation vs lawyer,mediation vs lawsuit
google,is mediation vs lawyer,are lawyers allowed in mediation
youtube,does mediation vs lawyer,how does mediation work in a divorce
youtube,will mediation vs lawyer,how to question a witness in court
youtube,will mediation vs lawyer,how to introduce a witness in court
youtube,will mediation vs lawyer,how to answer questions as a witness in court
google,mediation vs litigation,mediation vs litigation
google,mediation vs litigation,mediation vs litigation divorce
google,mediation vs litigation,mediation vs litigation vs arbitration
google,mediation vs litigation,mediation vs legal separation
google,mediation vs litigation,mediation vs dispute resolution
google,mediation vs litigation,mediation vs settlement
google,mediation vs litigation,types of legal mediation
google,mediation vs litigation,private mediation vs court mediation
google,collaborative divorce vs mediation,collaborative divorce vs mediation
google,collaborative divorce vs mediation,collaborative divorce vs mediation in minnesota
google,collaborative divorce vs mediation,collaborative law vs mediation
google,collaborative divorce vs mediation,collaborative divorce or mediation
google,collaborative divorce vs mediation,collaborative divorce vs traditional divorce
google,collaborative divorce vs mediation,collaborative law and mediation
google,collaborative divorce vs mediation,sarasota collaborative divorce and mediation pl
google,collaborative divorce vs mediation,collaborative family law vs mediation
google,collaborative divorce vs mediation,cost of collaborative divorce vs mediation
youtube,collaborative divorce vs mediation,mediation vs collaborative divorce
youtube,collaborative divorce vs mediation,collaborative divorce
youtube,can collaborative divorce vs mediation,when can a spouse claim spousal benefits
youtube,should collaborative divorce vs mediation,pros and cons of divorce
youtube,is collaborative divorce vs mediation,difference of divorce and annulment
youtube,who collaborative divorce vs mediation,what are biblical grounds for divorce
youtube,who collaborative divorce vs mediation,divorce and annulment difference
youtube,do collaborative divorce vs mediation,debate about divorce negative side
youtube,will collaborative divorce vs mediation,winning your spouse requires your conduct
google,what not to say in mediation,what not to say in mediation
google,what not to say in mediation,what not to say in a mediation meeting
google,what not to say in mediation,what not to say in custody mediation
google,what not to say in mediation,what not to say in family mediation
google,what not to say in mediation,what should you not say in mediation
google,what not to say in mediation,what not to do in mediation
google,what not to say in mediation,what to say in mediation
google,who what not to say in mediation,what to prepare for mediation
google,how to prepare for mediation,how to prepare for mediation
google,how to prepare for mediation,how to prepare for mediation divorce
google,how to prepare for mediation,how to prepare for mediation for child custody
google,how to prepare for mediation,how to prepare for mediation at work
google,how to prepare for mediation,how to prepare for mediation family law
google,how to prepare for mediation,how to prepare for mediation competition
google,how to prepare for mediation,how to prepare for mediation uk
google,how to prepare for mediation,how to prepare for mediation family court
google,how to prepare for mediation,how to prepare for mediation custody
youtube,how to prepare for mediation,how to prepare for mediation child custody
youtube,how to prepare for mediation,how to prepare for mediation
youtube,how to prepare for mediation,how to prepare for mediation family law
youtube,how to prepare for mediation,how to prepare for mediation competition
youtube,how to prepare for mediation,how to prepare for divorce mediation
youtube,how to prepare for mediation,how to prepare for eeoc mediation
youtube,how to prepare for mediation,how to make meditation
google,how how to prepare for mediation,how to prepare for mediation child custody
google,what how to prepare for mediation,what to prepare for divorce mediation
google,what how to prepare for mediation,what to do to prepare for mediation
google,what how to prepare for mediation,what to prepare for custody mediation
google,what how to prepare for mediation,what to prepare for family mediation
google,what how to prepare for mediation,what should i do to prepare for mediation
youtube,what how to prepare for mediation,what to expect in mediation
google,should how to prepare for mediation,how should i prepare for mediation
google,does how to prepare for mediation,how does a mediator prepare for mediation
google,does how to prepare for mediation,how do i prepare for mediation
youtube,will how to prepare for mediation,what to expect at mediation
google,what happens in divorce mediation,what happens in divorce mediation
google,what happens in divorce mediation,what to do in divorce mediation
google,what happens in divorce mediation,what happens in a divorce mediation meeting
google,what happens in divorce mediation,what happens if divorce mediation fails
google,what happens in divorce mediation,what happens after divorce mediation settlement
google,what happens in divorce mediation,what to do before divorce mediation
google,what happens in divorce mediation,what happens in mediation for divorce in india
google,how what happens in divorce mediation,what to expect in divorce mediation
google,can what happens in divorce mediation,can you refuse mediation in a divorce
google,why what happens in divorce mediation,why mediation in divorce
google,is divorce mediation binding,is a divorce mediation agreement legally binding
google,who is divorce mediation binding,difference between mediation and divorce
google,when is divorce mediation binding,how long after mediation is divorce final
google,when is divorce mediation binding,how long is mediation for divorce
google,can you refuse mediation,can you refuse mediation
google,can you refuse mediation,can you refuse mediation at work
google,can you refuse mediation,can you decline mediation
google,can you refuse mediation,can you deny mediation
google,can you refuse mediation,can you refuse family mediation
google,can you refuse mediation,can you refuse child mediation
google,can you refuse mediation,can one parent refuse mediation
google,can you refuse mediation,can you refuse court ordered mediation
google,can you refuse mediation,can you refuse to do mediation
google,how can you refuse mediation,how to refuse mediation
google,how can you refuse mediation,can i refuse mediation
google,what can you refuse mediation,what if you refuse mediation
google,what can you refuse mediation,what happens if you refuse mediation
google,what can you refuse mediation,what happens if you refuse mediation at work
google,what can you refuse mediation,what happens if you decline mediation
google,what can you refuse mediation,what if one parent refuses mediation
google,what can you refuse mediation,what if one party refuses mediation
youtube,what can you refuse mediation,what to expect during mediation
google,can can you refuse mediation,what happens if i refuse mediation
youtube,is can you refuse mediation,can you refuse a subpoena
youtube,is can you refuse mediation,what happens after mediation
google,who can you refuse mediation,can you force someone to mediation
google,who can you refuse mediation,what happens if someone refuses mediation
google,when can you refuse mediation,can you be forced to go to mediation
google,mediation without a lawyer,mediation without a lawyer
google,mediation without a lawyer,can you do mediation without a lawyer
google,mediation without a lawyer,how to do mediation without a lawyer
google,mediation without a lawyer,can i request mediation without a lawyer
google,mediation without a lawyer,can you go to mediation without a lawyer
google,mediation without a lawyer,should i go to mediation without a lawyer
google,mediation without a lawyer,do you need a lawyer for mediation
google,mediation without a lawyer,how to become a mediation lawyer
google,can mediation without a lawyer,can you do divorce mediation without a lawyer
google,can mediation without a lawyer,can you do custody mediation without a lawyer
google,can mediation without a lawyer,can you hire a mediator without a lawyer
google,is mediation without a lawyer,is mediation a lawyer
google,divorce mediation checklist,divorce mediation checklist
google,divorce mediation checklist,divorce mediation checklist template
google,divorce mediation checklist,divorce mediation checklist pdf
google,divorce mediation checklist,divorce mediation checklist georgia
google,divorce mediation checklist,divorce mediation checklist uk
google,divorce mediation checklist,divorce mediation checklist texas
google,divorce mediation checklist,divorce mediation checklist massachusetts
google,divorce mediation checklist,free divorce mediation checklist
google,divorce mediation checklist,nj divorce mediation checklist
google,divorce mediation checklist,illinois divorce mediation checklist
google,divorce mediation questions,divorce mediation questions
google,divorce mediation questions,divorce mediation questions to ask
google,mediator questions,mediator questions
google,mediator questions,mediator questions to ask
google,mediator questions,mediation questions and answers
google,mediator questions,mediation questions for child custody
google,mediator questions,mediation questions in the workplace
google,mediator questions,mediation questions for employees in conflict
google,mediator questions,mediation questions for divorce
google,mediator questions,mediation questions pdf
google,mediator questions,mediation questions examples
google,mediator questions,mediator interview questions
youtube,mediator questions,mediation questions
youtube,mediator questions,mediator dei
youtube,mediator questions,mediator academy
youtube,mediator questions,mediator tips
youtube,how mediator questions,what is a mediator
youtube,what mediator questions,what is mediation process
youtube,is mediator questions,difference between moderation and mediation
youtube,is mediator questions,who is mediator
youtube,who mediator questions,who is a mediator
youtube,do mediator questions,do does did in question
