query,rank,video_id,title,views,published,length,channel
divorce mediation,1,CVmKjM7GfCU,How to Get What You Want out of Divorce Mediation - Mediation tips and tricks you NEED to know!,"20,467 views",5 years ago,3:08,Wright Family Law Group
divorce mediation,2,ZuJjyPl1g88,Best Divorce Mediation Preparation Tips,"25,729 views",4 years ago,9:15,Miles Mason Family Law Group
divorce mediation,3,MRrhq7EeeHM,⭐️ Divorce Mediation (How to Settle Before Going to Trial) With Judge Tena Callahan,"55,833 views",4 years ago,33:42,Hargrave Family Law
divorce mediation,4,02qE6jUx0Fg,Negotiations & Narcissists in Divorce Mediation - High Conflict Divorce Coach and Financial Mediator,"7,283 views",1 year ago,34:22,BusinessValuationStL
divorce mediation,5,p_EeXrxaOyc,How Do Mediators Settle Divorces?,"22,142 views",5 years ago,6:53,Graine Mediation - Fairfax
divorce mediation,6,91hROUXj39I,What Men Can Expect at a Michigan Divorce Mediation?,"229,087 views",4 years ago,7:54,ADAM Michigan Divorce Attorneys for Men
divorce mediation,7,QnHvHhT7AAg,Mediation 101: A Divorce Lawyer Breaks It Down,722 views,1 year ago,10:14,HH Attorneys at Law
divorce mediation,8,vjrdIQGOv9o,What Does a Mediator Do in a Divorce  | #Mediation with Bob Bordone,"5,498 views",3 years ago,8:57,Bob Bordone
divorce mediation,9,_PdC_fYqwes,Divorce Mediation in Wisconsin: Is It Right for You or a Huge Mistake?,301 views,1 year ago,10:02,"Sterling Lawyers, LLC"
divorce mediation,10,K4fsZBM8nfs,Mediation in Divorce: A Path to Resolution Without Court | Full Episode | Illinois Divorce Guide,"2,720 views",1 year ago,32:14,Illinois Divorce TV
divorce mediation,11,eO0iNzoF_7U,What Not to Say in Divorce Mediation,"1,009 views",2 years ago,4:01,ChooseGoldman - Goldman & Associates Law Firm
divorce mediation,12,In4DWXfZquY,Guided Mediation to Stay Strong when Going Through Divorce/Separation,"9,011 views",2 years ago,13:39,Suzanne Robichaud
divorce mediation,13,rv5jJvglPq0,Divorce Mediation Demonstration,"71,917 views",12 years ago,26:49,PeaceTalksLA
divorce mediation,14,ArzQBA9EcW4,10 Must-Follow Rules for Successful Divorce Mediation,"9,297 views",2 years ago,22:00,Vacca Family Law Group
divorce mediation,15,GIWtMwf1D9g,Divorce Allies Podcast | How to Prepare for Your Divorce Settlement Offer (DIY Divorce | Mediation),"3,587 views",1 year ago,44:05,The Divorce Allies
divorce mediation,16,oOYHxQPeQno,Mock Mediation with a Narcissist: What Happens When Your High-Conflict Spouse Hides Money,"11,515 views",1 year ago,14:25,The Divorce Allies
divorce mediation,17,a8IPLNGZcT4,Why you Need a Lawyer in Divorce Mediation | Porchlight Legal,"42,365 views",4 years ago,6:43,Porchlight Legal
divorce mediation,18,r0PQqgpUUTQ,HOW TO DO DIVORCE MEDIATION WITH A NARCISSIST (And Feel In Control),"75,360 views",6 years ago,11:34,Rebecca Zung
divorce mediation arizona,1,SEKyfjYgKa8,How Does Divorce Mediation Work in Arizona? | Affordable Resolution,605 views,13 years ago,3:30,Arizona Law Group
divorce mediation arizona,2,CVmKjM7GfCU,How to Get What You Want out of Divorce Mediation - Mediation tips and tricks you NEED to know!,"20,467 views",5 years ago,3:08,Wright Family Law Group
divorce mediation arizona,3,p_EeXrxaOyc,How Do Mediators Settle Divorces?,"22,142 views",5 years ago,6:53,Graine Mediation - Fairfax
divorce mediation arizona,4,7Zviq_cJl8M,Divorce Mediation: Why Preparation Matters More than You Think  (Mini Episode),"1,076 views",3 months ago,11:32,Divorce Advice Podcast-How Not To Suck At Divorce
divorce mediation arizona,5,DOwPt-Lq1Lk,"How To Prepare For Your Divorce Mediation (Tracy Gould Sheinin, Mediator)","4,403 views",2 years ago,14:46,WTF Divorce
divorce mediation arizona,6,kRZWuyuFZV8,Divorce Mediation and Alternatives in Arizona: Your Complete Guide,696 views,4 months ago,3:02,SampairGroup
divorce mediation arizona,7,02qE6jUx0Fg,Negotiations & Narcissists in Divorce Mediation - High Conflict Divorce Coach and Financial Mediator,"7,283 views",1 year ago,34:22,BusinessValuationStL
divorce mediation arizona,8,vmC1acVsAY8,What Happens During Divorce Mediation,"1,555 views",5 years ago,24:32,Miles Mason Family Law Group
divorce mediation arizona,9,DxDU4-JH6Ig,"What to Expect in Arizona Divorce Court: Mediation, Conciliation, and Process",385 views,1 year ago,4:33,Desert Legal Group
divorce mediation arizona,10,_sRJ57YNfjE,Should I do mediation instead of hiring an attorney for divorce?,558 views,3 years ago,4:26,"Farias Family Law, P.C."
divorce mediation arizona,11,ysaYl0fJZIQ,What You Should Know About Divorce Mediation in Arizona,114 views,4 years ago,1:38,Best Law Firm
divorce mediation arizona,12,vjrdIQGOv9o,What Does a Mediator Do in a Divorce  | #Mediation with Bob Bordone,"5,498 views",3 years ago,8:57,Bob Bordone
divorce mediation arizona,13,qJYoSHjHhZ4,"What Should I Expect During My Divorce Mediation? - Arizona - Brown & Hobkirk, PLLC",122 views,5 years ago,1:03,"Brown & Hobkirk, PLLC"
divorce mediation arizona,14,a8IPLNGZcT4,Why you Need a Lawyer in Divorce Mediation | Porchlight Legal,"42,365 views",4 years ago,6:43,Porchlight Legal
divorce mediation arizona,15,gGiuJvQfBVo,Arizona Divorce Mediation,72 views,4 years ago,4:47,BTL Family Law
divorce mediation arizona,16,rv5jJvglPq0,Divorce Mediation Demonstration,"71,917 views",12 years ago,26:49,PeaceTalksLA
divorce mediation arizona,17,jlANBNzIHk0,Divorce Mediation vs. Litigation in Arizona: What You Need to Know,57 views,3 months ago,3:21,Arizona Law Group
divorce mediation arizona,18,y4j_p3iUMkU,Mediation Tips for High Conflict Divorces or Custody Battles,"21,384 views",10 years ago,4:38,Command the Courtroom
divorce mediation arizona,19,twRSf7HzoB4,Divorce Mediation in Arizona,46 views,4 days ago,2:55,Arizona Law Group
divorce mediation arizona,20,iysJ8VC2knE,7 Tips on Divorce Mediation | Porchlight Legal,"80,500 views",5 years ago,7:45,Porchlight Legal
child custody mediation,1,ImsvMswfMpE,Don't Make These Mediation Mistakes In Your Child Custody Case,"49,037 views",3y ago,11:23,Command the Courtroom
child custody mediation,2,-lEN7r35SZs,CHILD CUSTODY MEDIATION | 3 TIPS,"29,271 views",4y ago,2:27,HKK Law Offices
child custody mediation,3,CIubrGhxcTo,How to Prepare for Child Custody Mediation #Mediation,"13,528 views",3y ago,9:46,Bob Bordone
child custody mediation,4,3kqaUERyClQ,The 5 Mistakes of Child Custody Mediation,"5,821 views",1y ago,14:43,Divorce University Online
child custody mediation,5,_BNuhyI1MEM,How To Do Mediation In A Divorce Or Child Custody Case With A Narcissist,"38,375 views",2y ago,1:00,Judge Anthony
child custody mediation,6,Wyv3umBuAG8,Child Custody Mediation: Your Guide to a Stress-Free Process,"2,789 views",1y ago,14:56,Rachel King | The Lawyer King
child custody mediation,7,XKPsLqJSPOU,Assistance with Child Custody Mediation,194 views,3y ago,2:57,Sierra Crest Marketing
child custody mediation,8,HyhVGpWk6Y4,What happens in Court-Ordered Child Custody Mediation?,"5,843 views",3y ago,10:27,Ronald D. Payne II - Estates Attorney
child custody mediation,9,DV8FbLr2KOg,What to Expect in Child Custody Mediation,831 views,1y ago,6:13,Peaceful Separation & Divorce
child custody mediation,10,BeMNWrjyxw0,Family Mediation Demo,"54,748 views",7y ago,46:07,IMEUS Association
child custody mediation,11,AHv3HvkOeJE,Five Tips for Successful Custody Mediation,"1,919 views",3y ago,2:40,Jacobson Family Law
child custody mediation,12,L-_urWwuVww,How to prepare for custody mediation?,"4,071 views",3y ago,5:44,Nasheia S
child custody mediation,13,L88ZUi1F0YI,What to Know Before Your Child Custody Mediation,"3,808 views",1y ago,10:13,Inland Counties Legal Services
child custody mediation,14,oABOakHtB9c,Best Mediation Strategies With a Narcissist,"4,255 views",1y ago,11:10,Divorce University Online
child custody mediation,15,EQ7mxsmIiQI,How to win a mediation against the narcissist in a divorce or child custody case,"9,864 views",1y ago,1:26,Judge Anthony
child custody mediation,16,LpAwITQQYuM,Ultimate Guide to Winning Child Custody Against a Narcissist,"80,182 views",1y ago,21:30,Divorce University Online
child custody mediation,17,3ZQgZArRyxg,How to Prepare for Mediation with a Narcissist | #Mediation with Bob Bordone,"34,433 views",3y ago,9:14,Bob Bordone
child custody mediation,18,1WsT9C0u66M,Preparing for Custody Mediation In California Amanda,"3,619 views",3y ago,2:27,West Coast Family Mediation
child custody mediation,19,qKoRTM2i56Q,Tips for Successful Child Custody Mediation,"10,817 views",4y ago,5:43,Camino Law
child custody mediation,20,rgAOcfxWAyA,How To Do Mediation With A Narcissist #narcissism #childcustody #divorce #familycourt #narcissist,"33,009 views",2y ago,0:56,Judge Anthony
what not to say in child custody mediation,1,ImsvMswfMpE,Don't Make These Mediation Mistakes In Your Child Custody Case,"49,041 views",3 years ago,11:23,Command the Courtroom
what not to say in child custody mediation,2,NqcjvZnbmsw,What Not to Say in Child Custody Mediation,482 views,2 years ago,3:51,ChooseGoldman - Goldman & Associates Law Firm
what not to say in child custody mediation,3,-lEN7r35SZs,CHILD CUSTODY MEDIATION | 3 TIPS,"29,271 views",4 years ago,2:27,HKK Law Offices
what not to say in child custody mediation,4,3kqaUERyClQ,The 5 Mistakes of Child Custody Mediation,"5,821 views",1 year ago,14:43,Divorce University Online
what not to say in child custody mediation,5,he8tNQdlzmM,What NOT to Say When Negotiating Your Parenting Plan with Attorney Susan Guthrie,"43,767 views",7 years ago,5:35,Susan Guthrie
what not to say in child custody mediation,6,CIubrGhxcTo,How to Prepare for Child Custody Mediation #Mediation,"13,530 views",3 years ago,9:46,Bob Bordone
what not to say in child custody mediation,7,royOK89j908,What NOT to do in Zoom court or Mediation,"3,334 views",3 years ago,3:32,Texas Lawyer Laura D. Heard
what not to say in child custody mediation,8,XZ-p1Ssrcyw,5 Things that Piss Off Family Court Judges - Don't Ruin Your Case!,"188,379 views",3 years ago,19:59,Rebekah Rini
what not to say in child custody mediation,9,_BNuhyI1MEM,How To Do Mediation In A Divorce Or Child Custody Case With A Narcissist,"38,375 views",2 years ago,1:00,Judge Anthony
what not to say in child custody mediation,10,XKPsLqJSPOU,Assistance with Child Custody Mediation,194 views,3 years ago,2:57,Sierra Crest Marketing
what not to say in child custody mediation,11,d12vaqH-rAw,THE Complete Child Custody Strategy/Guide,"198,404 views",4 years ago,19:56,Divorce University Online
what not to say in child custody mediation,12,xv_N-CGX_tY,"Custody Mediation, Part 1 of 4, NC Judges advise parents.","5,057 views",13 years ago,4:05,Dane Bowen
what not to say in child custody mediation,13,kxX4NNAMQ5U,The Top 3 Mistakes That Dads Make in Child Custody,"51,971 views",1 year ago,14:18,Divorce University Online
what not to say in child custody mediation,14,6nju2YifEvQ,How To Answer Questions In Child Custody Court,"18,554 views",3 years ago,9:50,Divorce University Online
what not to say in child custody mediation,15,L-_urWwuVww,How to prepare for custody mediation?,"4,071 views",3 years ago,5:44,Nasheia S
what not to say in child custody mediation,16,7DOek01O79I,Seven Mistakes That Will Stop You From Winning a Custody Case,"148,592 views",4 years ago,15:35,Command the Courtroom
what not to say in child custody mediation,17,WOG7j6T2mlI,What Can I Expect In A Child Custody Mediation - ChooseGoldman.com,"2,189 views",5 years ago,4:59,ChooseGoldman - Goldman & Associates Law Firm
what not to say in child custody mediation,18,0H4KC5-DrIw,What Do You Say In Child Custody Court?,"39,275 views",3 years ago,17:44,Divorce University Online
what not to say in child custody mediation,19,qKoRTM2i56Q,Tips for Successful Child Custody Mediation,"10,817 views",4 years ago,5:43,Camino Law
what not to say in child custody mediation,20,Wyv3umBuAG8,Child Custody Mediation: Your Guide to a Stress-Free Process,"2,789 views",1 year ago,14:56,Rachel King | The Lawyer King
how to prepare for divorce mediation,1,CVmKjM7GfCU,How to Get What You Want out of Divorce Mediation - Mediation tips and tricks you NEED to know!,"20,467 views",5 years ago,3:08,Wright Family Law Group
how to prepare for divorce mediation,2,ZuJjyPl1g88,Best Divorce Mediation Preparation Tips,"25,729 views",4 years ago,9:15,Miles Mason Family Law Group
how to prepare for divorce mediation,3,f9BQ9B3WgVs,Divorce Mediation Checklist: What to Bring & How to Prepare,199 views,1 year ago,4:31,Peaceful Separation & Divorce
how to prepare for divorce mediation,4,8Fng7KPE210,How To Prepare for Divorce Mediation in Colorado,425 views,1 year ago,7:50,New Leaf Family
how to prepare for divorce mediation,5,iysJ8VC2knE,7 Tips on Divorce Mediation | Porchlight Legal,"80,500 views",5 years ago,7:45,Porchlight Legal
how to prepare for divorce mediation,6,7Zviq_cJl8M,Divorce Mediation: Why Preparation Matters More than You Think  (Mini Episode),"1,076 views",3 months ago,11:32,Divorce Advice Podcast-How Not To Suck At Divorce
how to prepare for divorce mediation,7,DOwPt-Lq1Lk,"How To Prepare For Your Divorce Mediation (Tracy Gould Sheinin, Mediator)","4,403 views",2 years ago,14:46,WTF Divorce
how to prepare for divorce mediation,8,n4P382PQ6g0,How to Prepare for Mediation: Divorce & Custody Explained,"1,394 views",11 months ago,38:44,Taylor Winds
how to prepare for divorce mediation,9,GIWtMwf1D9g,Divorce Allies Podcast | How to Prepare for Your Divorce Settlement Offer (DIY Divorce | Mediation),"3,587 views",1 year ago,44:05,The Divorce Allies
how to prepare for divorce mediation,10,oABOakHtB9c,Best Mediation Strategies With a Narcissist,"4,255 views",1 year ago,11:10,Divorce University Online
how to prepare for divorce mediation,11,MRrhq7EeeHM,⭐️ Divorce Mediation (How to Settle Before Going to Trial) With Judge Tena Callahan,"55,833 views",4 years ago,33:42,Hargrave Family Law
how to prepare for divorce mediation,12,A6BqItOP18k,Divorce Mediation in Florida: What to Expect and How to Prepare,411 views,1 year ago,5:05,Brava Law
how to prepare for divorce mediation,13,oOYHxQPeQno,Mock Mediation with a Narcissist: What Happens When Your High-Conflict Spouse Hides Money,"11,515 views",1 year ago,14:25,The Divorce Allies
how to prepare for divorce mediation,14,p_EeXrxaOyc,How Do Mediators Settle Divorces?,"22,142 views",5 years ago,6:53,Graine Mediation - Fairfax
how to prepare for divorce mediation,15,3ZQgZArRyxg,How to Prepare for Mediation with a Narcissist | #Mediation with Bob Bordone,"34,433 views",3 years ago,9:14,Bob Bordone
how to prepare for divorce mediation,16,qAuBRJIls1s,How to Prepare for Divorce Mediation in Florida,135 views,7 months ago,2:25,Tampa Divorce
how to prepare for divorce mediation,17,GTRdF2J3b_k,"High-Conflict Divorce? 12 Mediation Tips to Save Time, Money & Stress",748 views,1 year ago,6:33,Birt Family Law
how to prepare for divorce mediation,18,91hROUXj39I,What Men Can Expect at a Michigan Divorce Mediation?,"229,087 views",4 years ago,7:54,ADAM Michigan Divorce Attorneys for Men
divorce mediation vs lawyer,1,CvBaTGBZMgk,Lawyer vs Mediator For Divorce? Scott Levin Explains Divorce Mediation vs Litigation Differences,614 views,1y ago,8:14,California Divorce Mediation | Scott & Mary Levin
divorce mediation vs lawyer,2,a8IPLNGZcT4,Why you Need a Lawyer in Divorce Mediation | Porchlight Legal,"42,365 views",4y ago,6:43,Porchlight Legal
divorce mediation vs lawyer,3,_sRJ57YNfjE,Should I do mediation instead of hiring an attorney for divorce?,558 views,3y ago,4:26,"Farias Family Law, P.C."
divorce mediation vs lawyer,4,K4fsZBM8nfs,Mediation in Divorce: A Path to Resolution Without Court | Full Episode | Illinois Divorce Guide,"2,720 views",1y ago,32:14,Illinois Divorce TV
divorce mediation vs lawyer,5,H-mTbO1SjH8,Divorce Mediator vs Lawyer Differences and Similarities,"1,625 views",6y ago,1:56,Ogborne Law PLC
divorce mediation vs lawyer,6,ML_rfC7Q7Nk,Divorce Lawyer or Mediation - Pros & Cons,"2,574 views",7y ago,10:19,Asif Kasim
divorce mediation vs lawyer,7,BWNKLRKslYY,A Divorce Attorney VS A Divorce Mediator,291 views,3y ago,1:36,California Divorce Mediators
divorce mediation vs lawyer,8,MRrhq7EeeHM,⭐️ Divorce Mediation (How to Settle Before Going to Trial) With Judge Tena Callahan,"55,833 views",4y ago,33:42,Hargrave Family Law
divorce mediation vs lawyer,9,1A-4wmcXdNk,Do you need a lawyer or a mediator or both?,292 views,5y ago,1:31,Modern Law Divorce and Family Law Attorneys
divorce mediation vs lawyer,10,HHX2UwXQrnA,Do I Need an Attorney During Divorce Mediation?,307 views,3y ago,1:54,Jacobson Family Law
divorce mediation vs lawyer,11,nBzpbj0zq4g,Private Mediation in Divorce: Is It Better Than Going to Court?,473 views,2w ago,14:53,Divorce Like a Boss with Diana
divorce mediation vs lawyer,12,y4j_p3iUMkU,Mediation Tips for High Conflict Divorces or Custody Battles,"21,384 views",10y ago,4:38,Command the Courtroom
divorce mediation vs lawyer,13,QnHvHhT7AAg,Mediation 101: A Divorce Lawyer Breaks It Down,722 views,1y ago,10:14,HH Attorneys at Law
divorce mediation vs lawyer,14,GEXnLXuQnxI,What Is the Difference between Divorce Mediation and Divorce Arbitration?,370 views,4y ago,1:14,Williams Law Group
divorce mediation vs lawyer,15,vTvtGYT2Bw0,Divorce Lawyer St. Louis Missouri: Divorce Litigation vs Divorce Mediation,536 views,8y ago,3:41,J. Rench Law Firm LLC | St. Louis Divorce and Mediation
divorce mediation vs lawyer,16,LZSlbeB4FZI,Mediation vs. Litigation in High-Net-Worth Divorce: Which Is Right for Your Long Island Divorce?,"76,557 views",2mo ago,8:47,Hornberger Verbitsky
divorce mediation vs lawyer,17,RpZ3YlsZfLI,"Shuttle Mediation: What It Is, and Why Most Divorcing Couples Should Avoid It.",230 views,1y ago,5:49,Utah Family Law TV - UFLTV
mediation vs litigation divorce,1,e8wvMDDRGAE,Mediation vs. Litigation | The Smarter Path to Divorce?,36 views,1 year ago,15:41,Oxendine Law Divorce & Family Law Attorneys
mediation vs litigation divorce,2,EnIKwylqOeM,Divorce Mediation vs. Litigation in Washington State | What You Need to Know,23 views,6 months ago,2:59,Johnson Law Firm | Personal Injury & Family Law
mediation vs litigation divorce,3,hT6SP2QwKDs,Mediation vs. Litigation in Washington Divorce: What You Need to Know,"1,810 views",7 months ago,5:09,View Ridge Law
mediation vs litigation divorce,4,CvBaTGBZMgk,Lawyer vs Mediator For Divorce? Scott Levin Explains Divorce Mediation vs Litigation Differences,614 views,1 year ago,8:14,California Divorce Mediation | Scott & Mary Levin
mediation vs litigation divorce,5,jKqsfRm5TH8,Divorce Mediation vs. Litigation: What Georgia Couples Need to Know,99 views,7 months ago,5:36,Hecht Family Law
mediation vs litigation divorce,6,NQOV8h-Iwlc,Divorce Mediation vs. Litigation vs. Arbitration,"1,283 views",6 years ago,13:33,Divorce Specialists Group
mediation vs litigation divorce,7,wESiK3g9L4Y,Divorce Mediation vs. Litigation in Arizona,"16,186 views",3 months ago,2:11,Genesis Legal Group
mediation vs litigation divorce,8,DY_QSNlMISI,The Real Cost of Mediation vs Litigation in Divorce,16 views,7 months ago,5:40,"Joseph Law Group, P.C."
mediation vs litigation divorce,9,LKyoeov9l9U,Divorce Mediation vs. Litigation | Erica Baez Law,104 views,3 years ago,3:41,Erica Baez Law
mediation vs litigation divorce,10,K4fsZBM8nfs,Mediation in Divorce: A Path to Resolution Without Court | Full Episode | Illinois Divorce Guide,"2,720 views",1 year ago,32:14,Illinois Divorce TV
mediation vs litigation divorce,11,9C2S0aJ8zME,Mediation vs  Litigation  Choosing the Right Path for Your Divorce,7 views,3 months ago,3:53,"Owens & Perkins, Attorneys at Law"
mediation vs litigation divorce,12,jlANBNzIHk0,Divorce Mediation vs. Litigation in Arizona: What You Need to Know,57 views,3 months ago,3:21,Arizona Law Group
mediation vs litigation divorce,13,r2lg5ZdZTec,Divorce Litigation or Divorce Mediation?,22 views,3 years ago,3:14,Gary Port
mediation vs litigation divorce,14,EnZLF5_DROA,Divorce Litigation vs Mediation — What’s Better?,540 views,5 years ago,8:22,Raymond Hekmat
mediation vs litigation divorce,15,tIsOS6Pj0Lc,Divorce Mediation vs. Litigation: Which Path Is Right for You?,42 views,5 months ago,1:48,"Law Office of Jerome A. Scharoff, P.C."
mediation vs litigation divorce,16,QaTvY1wlh5Y,Mediation vs. Litigation: Why Mediation Could Be Your Best Divorce Option,207 views,1 year ago,5:40,"Empowered Family Law, PC"
mediation vs litigation divorce,17,OI7F78JqljE,Divorce Mediation vs Litigation: Choosing the Best Path for Your Family in Texas,14 views,1 year ago,5:58,Bolton Law
mediation vs litigation divorce,18,DZ1h7B2dOxI,Mediation VS. Litigation,17 views,5 years ago,28:58,Holistic Divorce
what happens in divorce mediation,1,CVmKjM7GfCU,How to Get What You Want out of Divorce Mediation - Mediation tips and tricks you NEED to know!,"20,467 views",5 years ago,3:08,Wright Family Law Group
what happens in divorce mediation,2,p_EeXrxaOyc,How Do Mediators Settle Divorces?,"22,142 views",5 years ago,6:53,Graine Mediation - Fairfax
what happens in divorce mediation,3,vjrdIQGOv9o,What Does a Mediator Do in a Divorce  | #Mediation with Bob Bordone,"5,498 views",3 years ago,8:57,Bob Bordone
what happens in divorce mediation,4,91hROUXj39I,What Men Can Expect at a Michigan Divorce Mediation?,"229,087 views",4 years ago,7:54,ADAM Michigan Divorce Attorneys for Men
what happens in divorce mediation,5,QnHvHhT7AAg,Mediation 101: A Divorce Lawyer Breaks It Down,722 views,1 year ago,10:14,HH Attorneys at Law
what happens in divorce mediation,6,a8IPLNGZcT4,Why you Need a Lawyer in Divorce Mediation | Porchlight Legal,"42,365 views",4 years ago,6:43,Porchlight Legal
what happens in divorce mediation,7,vmC1acVsAY8,What Happens During Divorce Mediation,"1,555 views",5 years ago,24:32,Miles Mason Family Law Group
what happens in divorce mediation,8,v41fMuHSOaA,What Does Mediation Look Like in the Divorce Process?,"1,241 views",3 years ago,10:46,Illinois Divorce TV
what happens in divorce mediation,9,iysJ8VC2knE,7 Tips on Divorce Mediation | Porchlight Legal,"80,500 views",5 years ago,7:45,Porchlight Legal
what happens in divorce mediation,10,DOwPt-Lq1Lk,"How To Prepare For Your Divorce Mediation (Tracy Gould Sheinin, Mediator)","4,403 views",2 years ago,14:46,WTF Divorce
what happens in divorce mediation,11,r0PQqgpUUTQ,HOW TO DO DIVORCE MEDIATION WITH A NARCISSIST (And Feel In Control),"75,360 views",6 years ago,11:34,Rebecca Zung
what happens in divorce mediation,12,K4fsZBM8nfs,Mediation in Divorce: A Path to Resolution Without Court | Full Episode | Illinois Divorce Guide,"2,720 views",1 year ago,32:14,Illinois Divorce TV
what happens in divorce mediation,13,t68auMxXrWI,10 Winning Mediation Tips Your Lawyer Won't Tell You,"28,857 views",1 year ago,8:03,"Matthew Harris Law, PLLC"
what happens in divorce mediation,14,GIWtMwf1D9g,Divorce Allies Podcast | How to Prepare for Your Divorce Settlement Offer (DIY Divorce | Mediation),"3,587 views",1 year ago,44:05,The Divorce Allies
what happens in divorce mediation,15,ZuJjyPl1g88,Best Divorce Mediation Preparation Tips,"25,729 views",4 years ago,9:15,Miles Mason Family Law Group
what happens in divorce mediation,16,CGQEAeTCK9M,What Does Divorce Mediation Look Like?,"1,233 views",1 year ago,19:17,Shikina Mediation and Arbitration
what happens in divorce mediation,17,MRrhq7EeeHM,⭐️ Divorce Mediation (How to Settle Before Going to Trial) With Judge Tena Callahan,"55,833 views",4 years ago,33:42,Hargrave Family Law
divorce mediation tips,1,CVmKjM7GfCU,How to Get What You Want out of Divorce Mediation - Mediation tips and tricks you NEED to know!,"20,467 views",5y ago,3:08,Wright Family Law Group
divorce mediation tips,2,ZuJjyPl1g88,Best Divorce Mediation Preparation Tips,"25,729 views",4y ago,9:15,Miles Mason Family Law Group
divorce mediation tips,3,7Zviq_cJl8M,Divorce Mediation: Why Preparation Matters More than You Think  (Mini Episode),"1,076 views",3mo ago,11:32,Divorce Advice Podcast-How Not To Suck At Divorce
divorce mediation tips,4,NRAN_Q4kgEI,Divorce Mediation Tips: How to Do Better in Your Divorce Mediation,"18,315 views",5y ago,13:32,Karen Covy
divorce mediation tips,5,iysJ8VC2knE,7 Tips on Divorce Mediation | Porchlight Legal,"80,500 views",5y ago,7:45,Porchlight Legal
divorce mediation tips,6,MRrhq7EeeHM,⭐️ Divorce Mediation (How to Settle Before Going to Trial) With Judge Tena Callahan,"55,833 views",4y ago,33:42,Hargrave Family Law
divorce mediation tips,7,8Fng7KPE210,How To Prepare for Divorce Mediation in Colorado,425 views,1y ago,7:50,New Leaf Family
divorce mediation tips,8,GTRdF2J3b_k,"High-Conflict Divorce? 12 Mediation Tips to Save Time, Money & Stress",748 views,1y ago,6:33,Birt Family Law
divorce mediation tips,9,1SOisr_HkN0,Divorce Mediation Tips,"1,870 views",5y ago,12:52,Miles Mason Family Law Group
divorce mediation tips,10,GIWtMwf1D9g,Divorce Allies Podcast | How to Prepare for Your Divorce Settlement Offer (DIY Divorce | Mediation),"3,587 views",1y ago,44:05,The Divorce Allies
divorce mediation tips,11,DOwPt-Lq1Lk,"How To Prepare For Your Divorce Mediation (Tracy Gould Sheinin, Mediator)","4,403 views",2y ago,14:46,WTF Divorce
divorce mediation tips,12,oABOakHtB9c,Best Mediation Strategies With a Narcissist,"4,255 views",1y ago,11:10,Divorce University Online
divorce mediation tips,13,f9BQ9B3WgVs,Divorce Mediation Checklist: What to Bring & How to Prepare,199 views,1y ago,4:31,Peaceful Separation & Divorce
divorce mediation tips,14,p_EeXrxaOyc,How Do Mediators Settle Divorces?,"22,142 views",5y ago,6:53,Graine Mediation - Fairfax
divorce mediation tips,15,PxNTyYgnyDY,"Mediation Made Easier: 5 Things to Prepare So You Don’t Freeze, Fold, or Fail","1,129 views",11mo ago,49:57,The Divorce Course Podcast
divorce mediation tips,16,t68auMxXrWI,10 Winning Mediation Tips Your Lawyer Won't Tell You,"28,856 views",1y ago,8:03,"Matthew Harris Law, PLLC"
divorce mediation tips,17,ahTJnKWEtcA,Divorce Mediation Tips - What to Ask For,"5,761 views",6y ago,2:30,Ogborne Law PLC
divorce mediation tips,18,cIZ7B8Flnbs,EP13: Mediation Tips from a Divorce Lawyer of 30-Years,"3,362 views",5y ago,45:34,Rebel Love
divorce mediation with a narcissist,1,mdC8ZBQpWrg,Why Do Narcissists Push for Divorce Mediation? Coping with Narcissism During the Divorce Process,"2,013 views",2 years ago,3:50,BusinessValuationStL
divorce mediation with a narcissist,2,_A1AQRO9_9k,How to Handle Divorce Mediation with a Narcissist (And Stay in Control),"14,376 views",1 year ago,2:45,Hello Divorce
divorce mediation with a narcissist,3,r0PQqgpUUTQ,HOW TO DO DIVORCE MEDIATION WITH A NARCISSIST (And Feel In Control),"75,360 views",6 years ago,11:34,Rebecca Zung
divorce mediation with a narcissist,4,XwTurBqDKDc,Lessons from a Narcissist Divorce Coach: Reclaim YourSELF - Divorce Mediation Podcast,"7,782 views",2 years ago,54:37,BusinessValuationStL
divorce mediation with a narcissist,5,oABOakHtB9c,Best Mediation Strategies With a Narcissist,"4,255 views",1 year ago,11:10,Divorce University Online
divorce mediation with a narcissist,6,duVe6X8Um7M,How Does Narcissistic Behavior Affect the Divorce Mediation Process? Coping with Narcissism Podcast,261 views,2 years ago,4:30,BusinessValuationStL
divorce mediation with a narcissist,7,fR6l7-8MAqo,Divorce Mediation with a Narcissist: Why It Fails - and How to Make It Work (Mediation Services STL),307 views,1 year ago,26:03,BusinessValuationStL
divorce mediation with a narcissist,8,wc3AfipqxtY,How To Properly Negotiate with Narcissists Feat  Dr  Ramani,"137,381 views",3 years ago,1:07:30,Rebecca Zung
divorce mediation with a narcissist,9,3ZQgZArRyxg,How to Prepare for Mediation with a Narcissist | #Mediation with Bob Bordone,"34,433 views",3 years ago,9:14,Bob Bordone
divorce mediation with a narcissist,10,mc2XnIIRqgw,Narcissist Divorce Settlement Negotiation,"124,081 views",4 years ago,15:12,Miles Mason Family Law Group
divorce mediation with a narcissist,11,aCK8u9v5r4A,Unmasking Narcissists: 4 Jedi like Tactics to CRUSH Them in Mediation,"6,859 views",3 years ago,19:15,Rebecca Zung
divorce mediation with a narcissist,12,_6kM_g02By4,Avoid Mediation When Dealing With a Narcissist in Divorce,"3,624 views",3 years ago,0:57,Raw Motivations
divorce mediation with a narcissist,13,PaLqDp4L2A0,Why do #narcissists push for mediation? #divorcecoach #narcissism #divorcemediation,"3,799 views",2 years ago,0:33,BusinessValuationStL
divorce mediation with a narcissist,14,DW6R-KZOMw8,Does Mediation Work With A Narcissist In Divorce And Child Custody Cases #divorcehelp #divorcelaw,"4,356 views",2 years ago,1:00,Judge Anthony
divorce mediation with a narcissist,15,WX6d5VW58LI,Can You Use Divorce Mediation with a Narcissist? How to Mediate with a Narcissistic Personality,"6,215 views",3 years ago,48:52,California Divorce Mediation | Scott & Mary Levin
divorce mediation with a narcissist,16,jGOjSbDQxBw,Coping with Narcissistic Behavior During the Divorce Mediation Process - A Divorce Mediation Podcast,"1,787 views",2 years ago,1:06:33,BusinessValuationStL
divorce mediation with a narcissist,17,1LLig82mkxg,The Dangers of Divorcing a Narcissist with Demetria Graves | Season 2; Ep 4,"522,437 views",3 years ago,1:13:35,Navigating Narcissism
divorce mediation with a narcissist,18,Vni-CwNRH-U,Divorce mediation with a narcissist - Do's and Don'ts,"1,681 views",3 years ago,2:36,Sustainable Family Solutions
divorce mediation with a narcissist,19,qOlsRxeJIRg,Deep Dive: Mediation with a Narcissist,106 views,11 months ago,39:29,Leskin Law and Mediation
high conflict divorce mediation,1,02qE6jUx0Fg,Negotiations & Narcissists in Divorce Mediation - High Conflict Divorce Coach and Financial Mediator,"7,283 views",1 year ago,34:22,BusinessValuationStL
high conflict divorce mediation,2,aCkDIsNunyY,Should You Use Mediation in a High-Conflict Divorce?,77 views,1 year ago,5:03,ChooseGoldman - Goldman & Associates Law Firm
high conflict divorce mediation,3,oOYHxQPeQno,Mock Mediation with a Narcissist: What Happens When Your High-Conflict Spouse Hides Money,"11,515 views",1 year ago,14:25,The Divorce Allies
high conflict divorce mediation,4,GTRdF2J3b_k,"High-Conflict Divorce? 12 Mediation Tips to Save Time, Money & Stress",748 views,1 year ago,6:33,Birt Family Law
high conflict divorce mediation,5,3zZag58-bzg,Navigating High-Conflict Divorce: Mediating with a Narcissistic Spouse,531 views,2 years ago,10:13,California Divorce Mediation | Scott & Mary Levin
high conflict divorce mediation,6,CVmKjM7GfCU,How to Get What You Want out of Divorce Mediation - Mediation tips and tricks you NEED to know!,"20,467 views",5 years ago,3:08,Wright Family Law Group
high conflict divorce mediation,7,hbNnbm_X_3c,Mediation For High Conflict Divorce,48 views,3 years ago,2:43,Miller Law Group
high conflict divorce mediation,8,-woDMgyBpzg,Mediating With a Narcissist,"3,759 views",1 year ago,12:08,Divorce University Online
high conflict divorce mediation,9,uyb37E9sLEM,How to Make Mediation Work for You In A High Conflict Divorce,205 views,5 years ago,25:41,Gabrielle Hartley
high conflict divorce mediation,10,2AabmDutHp8,"Before You Hire a Divorce Lawyer… Watch This  Mediation, Narcissists & High Conflict Divorce",41 views,6 months ago,31:54,Surviving Toxic Relationships with The Matadoras. 
high conflict divorce mediation,11,co1lA4a8mG0,Does Mediation Work In High-conflict Visitation Cases? - Get Divorce Answers,11 views,1 year ago,3:17,Get Divorce Answers
high conflict divorce mediation,12,oABOakHtB9c,Best Mediation Strategies With a Narcissist,"4,255 views",1 year ago,11:10,Divorce University Online
high conflict divorce mediation,13,y4j_p3iUMkU,Mediation Tips for High Conflict Divorces or Custody Battles,"21,384 views",10 years ago,4:38,Command the Courtroom
high conflict divorce mediation,14,RpZ3YlsZfLI,"Shuttle Mediation: What It Is, and Why Most Divorcing Couples Should Avoid It.",230 views,1 year ago,5:49,Utah Family Law TV - UFLTV
high conflict divorce mediation,15,q3FUgR72sSo,Are You In a “High Conflict” Divorce?| Houston Divorce Attorney,670 views,4 years ago,5:43,THE PALMER LAW FIRM
high conflict divorce mediation,16,JWQ4PMoC6B8,What Judges Really Notice in High-Conflict Divorce Cases,329 views,3 months ago,8:01,Victoria McCooey
high conflict divorce mediation,17,qjOBvhH7CmM,Tips for High Conflict Co-Parenting with Bill Eddy and Debra Whitson  Part 1,"1,656 views",3 years ago,24:40,"WhitsonLaw, PLLC."
high conflict divorce mediation,18,EuOOFFPfkPI,"Mediation With a High-Conflict Ex: Why It Can Work Better, Not Worse",205 views,1 year ago,41:54,Been There Got Out
high conflict divorce mediation,19,okksffLeQVY,Mediation Isn't Fair — It's Survival of the Most Prepared,"1,343 views",6 months ago,22:55,The Ugly Truth of Divorce with Samantha Boss
online divorce mediation,1,7Zviq_cJl8M,Divorce Mediation: Why Preparation Matters More than You Think  (Mini Episode),"1,076 views",3 months ago,11:32,Divorce Advice Podcast-How Not To Suck At Divorce
online divorce mediation,2,Mo6WVHC7Rno,Stop Giving Your Ex Evidence Against You,621 views,14 hours ago,10:28,Divorce University Online
online divorce mediation,3,DOwPt-Lq1Lk,"How To Prepare For Your Divorce Mediation (Tracy Gould Sheinin, Mediator)","4,403 views",2 years ago,14:46,WTF Divorce
online divorce mediation,4,oABOakHtB9c,Best Mediation Strategies With a Narcissist,"4,255 views",1 year ago,11:10,Divorce University Online
online divorce mediation,5,ZuJjyPl1g88,Best Divorce Mediation Preparation Tips,"25,729 views",4 years ago,9:15,Miles Mason Family Law Group
online divorce mediation,6,CVmKjM7GfCU,How to Get What You Want out of Divorce Mediation - Mediation tips and tricks you NEED to know!,"20,467 views",5 years ago,3:08,Wright Family Law Group
online divorce mediation,7,K4fsZBM8nfs,Mediation in Divorce: A Path to Resolution Without Court | Full Episode | Illinois Divorce Guide,"2,720 views",1 year ago,32:14,Illinois Divorce TV
online divorce mediation,8,VF-U8xM1u20,Using Zoom in Divorce Mediation,284 views,4 years ago,2:25,Sierra Crest Marketing
online divorce mediation,9,6T22DapIBvU,What is Divorce Mediation? How It Works | Brown Family Law,728 views,8 years ago,1:44,Brown Family Law
online divorce mediation,10,oOYHxQPeQno,Mock Mediation with a Narcissist: What Happens When Your High-Conflict Spouse Hides Money,"11,515 views",1 year ago,14:25,The Divorce Allies
online divorce mediation,11,MRrhq7EeeHM,⭐️ Divorce Mediation (How to Settle Before Going to Trial) With Judge Tena Callahan,"55,833 views",4 years ago,33:42,Hargrave Family Law
online divorce mediation,12,QiyA-Z2sKRM,"What Are The Stages Of ""online Divorce Mediation""? - Get Divorce Answers",5 views,1 year ago,3:07,Get Divorce Answers
online divorce mediation,13,rzkMY6a6OR8,Divorce Mediation Process - An Overview,548 views,2 years ago,12:34,Cal Divorce
online divorce mediation,14,XwTurBqDKDc,Lessons from a Narcissist Divorce Coach: Reclaim YourSELF - Divorce Mediation Podcast,"7,782 views",2 years ago,54:37,BusinessValuationStL
online divorce mediation,15,ItdcJvX-6b8,How Long Does Divorce Mediation Usually Take?,1 view,34 minutes ago,20:32,Lilie the Lawyer
online divorce mediation,16,t68auMxXrWI,10 Winning Mediation Tips Your Lawyer Won't Tell You,"28,856 views",1 year ago,8:03,"Matthew Harris Law, PLLC"
online divorce mediation,17,kF4C2esSF0c,Florida Divorce Mediation | How to Succeed at Mediation in a Florida Divorce,"2,305 views",4 years ago,2:40,Jacobs Family Law | Orlando & Clermont
online divorce mediation,18,p_EeXrxaOyc,How Do Mediators Settle Divorces?,"22,142 views",5 years ago,6:53,Graine Mediation - Fairfax
how much does divorce mediation cost,1,6bmxcccvdZY,How Much Does Divorce Mediation Cost? - Get Divorce Answers,31 views,1 year ago,3:11,Get Divorce Answers
how much does divorce mediation cost,2,N50qb3HzJvM,How Much Does Divorce Mediation Cost in Minnesota?,30 views,4 months ago,11:00,Flannel People Mediation
how much does divorce mediation cost,3,H73umPK0MfY,How Much Does Divorce Mediation Cost?,28 views,1 year ago,8:54,New Hope Divorce Mediation
how much does divorce mediation cost,4,ECvCIDUS97M,How much does divorce mediation cost?,238 views,4 years ago,1:35,Dovetail Conflict Resolution
how much does divorce mediation cost,5,t2rhJqRP1_Y,How Much Does Divorce Mediation Cost in 2026? (Save 80-90% vs Court),6 views,5 months ago,4:46,Flannel People Mediation
how much does divorce mediation cost,6,GnQZtNM-YIM,Divorce Mediation Cost in California: How Much Will YOU Pay?,110 views,5 months ago,5:02,Dina Haddad | California Divorce Mediator
how much does divorce mediation cost,7,8gWTT-GLTUY,Costs Of Divorce Attorney vs  Divorce Mediation In California,306 views,12 years ago,2:32,Tim Blankenship Divorce661
how much does divorce mediation cost,8,Fxi4Df6DSyk,"How Much Does Divorce Actually Cost? Legal Fees, Mediation & Hidden Expenses",200 views,3 months ago,51:48,The Divorce Course Podcast
how much does divorce mediation cost,9,fA1lmiz7jDk,How Much Does Divorce Mediation Cost?,199 views,8 years ago,1:31,A Fair Way Mediation
how much does divorce mediation cost,10,TR9lH9m6ymA,How Much Does Divorce Mediation Cost Compared to Going to Court? | Family Law Gurus News,9 views,1 year ago,2:38,Family Law Gurus
how much does divorce mediation cost,11,iVUfPYBhL24,How Much Does Divorce Mediation Cost in New York? by Ryan Besinque,17 views,8 months ago,4:49,The Law Office of Ryan Besinque
how much does divorce mediation cost,12,T_CqJKHqtv8,How Does The Length Of Divorce Mediation Impact The Cost? - Get Divorce Answers,4 views,1 year ago,3:05,Get Divorce Answers
how much does divorce mediation cost,13,21hyqnU-xC8,How Much Does Mediation Cost?,309 views,4 years ago,1:28,"Barthelette Law, P.A."
how much does divorce mediation cost,14,NUhPKuUP8Uc,Understanding Court-Ordered Mediation: The Basics and Costs,752 views,2 years ago,10:01,Divorce Mediation Centers of America
how much does divorce mediation cost,15,l-D5wz13Des,How much does Divorce Mediation cost?,9 views,3 years ago,0:46,Keystone Mediation
how much does divorce mediation cost,16,BVQpDZElL2w,"How Much Does Divorce Mediation Cost in Lehigh County, Pennsylvania?",147 views,3 years ago,13:02,Alpha Center for Divorce Mediation
how much does divorce mediation cost,17,Vrx5p8ZUUJo,How Much Do Utah Divorce Mediators Cost? | Utah Divorce Lawyers Brown Family Law,55 views,6 years ago,1:40,Brown Family Law
how much does divorce mediation cost,18,nUNtpCBZLFE,How Much Does Divorce Mediation Cost in Brockton?,6 views,1 year ago,1:00,Afford Law
how much does divorce mediation cost,19,x30XoThDxpg,Cost Of Divorce Mediation In California,38 views,3 years ago,5:08,Tim Blankenship Divorce661
how much does divorce mediation cost,20,JtKzbMqrZnE,Cost of Divorce in Minnesota: Mediation vs Attorney (What It Really Costs),7 views,5 months ago,5:11,Doing Divorce Different
parenting plan mediation,1,TUiEyrXVPSM,Parenting Plan Mediation Demonstration,"1,954 views",5 years ago,57:59,CM Maryland
parenting plan mediation,2,ImsvMswfMpE,Don't Make These Mediation Mistakes In Your Child Custody Case,"49,041 views",3 years ago,11:23,Command the Courtroom
parenting plan mediation,3,ZCB7rT_hEsw,Methods for Creating a Parenting Plan: Mediation,820 views,4 years ago,5:51,Reidy Law Office
parenting plan mediation,4,_XPpgk0HeRk,Sitting in on a Divorce Mediation Session - Parenting Plan (Custody) Mock Mediation Part 1,"93,601 views",11 years ago,8:45,Barry Davis
parenting plan mediation,5,he8tNQdlzmM,What NOT to Say When Negotiating Your Parenting Plan with Attorney Susan Guthrie,"43,767 views",7 years ago,5:35,Susan Guthrie
parenting plan mediation,6,3kqaUERyClQ,The 5 Mistakes of Child Custody Mediation,"5,821 views",1 year ago,14:43,Divorce University Online
parenting plan mediation,7,CIubrGhxcTo,How to Prepare for Child Custody Mediation #Mediation,"13,530 views",3 years ago,9:46,Bob Bordone
parenting plan mediation,8,zrKZ0mTyoKA,Parenting Plan Virtual Mediation Demonstration,"1,921 views",5 years ago,2:33:48,CM Maryland
parenting plan mediation,9,DmiiUykB3w8,Tips for Developing a Parenting Plan in Family Mediation,283 views,5 years ago,19:57,Regina DeMeo
parenting plan mediation,10,4chLgSIk35Q,Parenting Mediation Overview,81 views,2 years ago,45:09,Mediation Institute Australia
parenting plan mediation,11,8aGNXcaF70k,Include These Things in Your Co-Parenting Plan With A Narcissist,"10,776 views",2 years ago,19:37,Nasheia S
parenting plan mediation,12,YDolB5lfPE8,How Do I Create A Parenting Plan In Mediation? - Get Divorce Answers,49 views,1 year ago,2:49,Get Divorce Answers
parenting plan mediation,13,FW2V0jXcOHk,Can Mediation Fix High-conflict Parenting Plan Disputes? - Family Law Gurus,39 views,1 year ago,3:03,Family Law Gurus
parenting plan mediation,14,L-_urWwuVww,How to prepare for custody mediation?,"4,071 views",3 years ago,5:44,Nasheia S
parenting plan mediation,15,Lbm9KEUs6jA,Sitting in on a Divorce Mediation Session - Parenting Plan (Custody) Mock Mediation Part 2,"14,294 views",11 years ago,8:00,Barry Davis
parenting plan mediation,16,XNQH7wey8rE,Ep 8B: Mediating a Parenting Plan Agreement - Practical Tips on the Mediation Process,"6,841 views",3 years ago,16:26,Father X: How Fathers Can Win Custody
parenting plan mediation,17,oWEL83oGE3Q,5 Tips for Mediation for Divorcing Parents,"1,858 views",3 years ago,34:56,The Ugly Truth of Divorce with Samantha Boss
parenting plan mediation,18,lyR7qoD5zpc,How Does Parenting Plan Mediation Work? - Better Family Relationships,43 views,1 year ago,3:01,Better Family Relationships
parenting plan mediation,19,7FxomRFyrmY,ParentingMediation 1,"1,507 views",11 years ago,7:23,UNL Family Extension
parenting plan mediation,20,rzQoz4BsQBo,5 MUST haves in a Detailed Parenting Plan,"10,988 views",3 years ago,14:19,The Ugly Truth of Divorce with Samantha Boss
co-parenting after divorce,1,KOESQjiDF_M,Our Story: How We Overcame the Challenges of Co-Parenting After Divorce,"9,651 views",1 year ago,16:11,Mended Light
co-parenting after divorce,2,AGVlm93s2hY,5 Essential Do's and Don'ts of Successful Co-Parenting After Divorce,"2,857 views",4 years ago,5:18,FamilyToday
co-parenting after divorce,3,f9M4cn-bUlg,Co-Parenting 101: Raising Kids Together and Apart After A Divorce | Dr. Laura Berman,"1,244 views",3 years ago,13:38,Dr. Laura Berman
co-parenting after divorce,4,XqjygZbm7rA,Co-Parenting After Divorce: 5 Key Strategies (Science-Backed),44 views,1 year ago,2:20,Wonder Sprouts
co-parenting after divorce,5,lH0qPZOIat4,CO-PARENTING:  HOW WE CO-PARENT AFTER DIVORCE AND TIPS TO CO-PARENT EFFECTIVELY 2023,"2,688 views",5 years ago,15:00,"Love, Toya"
co-parenting after divorce,6,3t0vp__4ZAg,Co-Parenting After Divorce: Tips for Raising Children in Two Households,"1,397 views",3 years ago,5:56,Beyond Small Talk by Bonobology
co-parenting after divorce,7,gLBBTWNHQ7g,Co-Parenting After Divorce Expert Tips and Advice,"1,559 views",3 years ago,7:04,The Counseling and Wellness Center of Pittsburgh
co-parenting after divorce,8,ZFSXWjr7De0,Watch this if your Co-Parent is Narcissistic,"150,096 views",1 year ago,19:08,Jimmy on Relationships
co-parenting after divorce,9,glRphUKm1a8,Staying Connected with Your Child After Divorce - Lauren Reitsema,"11,860 views",4 years ago,26:20,Focus on the Family
co-parenting after divorce,10,K-5G7CTyAYc,Co-Parenting After Divorce: Christian Rules That Protect Your Kids,425 views,2 years ago,32:07,UnYoked Ministries with Todd Turner
co-parenting after divorce,11,amh0YRS7bP4,Letting Go of Control in Co-Parenting: Finding Peace After Divorce,347 views,1 year ago,14:14,"Michelle Dempsey-Multack, MS, CDS, CoPS"
co-parenting after divorce,12,JzgTNI_cdPA,Different ways CO-PARENTING with a NARCISSIST plays out,"142,442 views",2 years ago,15:10,DoctorRamani
co-parenting after divorce,13,nVy9jdhhbhM,Co-Parenting with a Narcissist After Divorce,"58,854 views",10 years ago,16:19,DSD
co-parenting after divorce,14,U1VE4spAdEo,"My story: betrayal, divorce & coparenting","85,122 views",6 years ago,19:20,Kayla Anka
co-parenting after divorce,15,p1ZtMVJBGzg,"Co-parenting in a healthy, positive way after divorce",393 views,3 years ago,7:04,CBS Pittsburgh
co-parenting after divorce,16,_TQ1uf3T_Uc,Co Parenting SUCCESSFULLY With These 5 Keys!,"16,159 views",1 year ago,30:07,Stephan Speaks
co-parenting after divorce,17,cxjij1l57L0,"Men, Divorce, & Kids (CoParenting) #1","1,701 views",8 years ago,3:30,The Men's Divorce Recovery Playbook
co-parenting after divorce,18,yx007fgxiYc,Successful Co-parenting After Divorce: Julie Hanks LCSW on KSL TV's Studio 5,"24,150 views",13 years ago,7:54,Dr. Julie de Azevedo
co-parenting after divorce,19,Jt0lT2xrgAg,Co-Parenting With a Difficult Ex: Strategies That Actually Work,"2,580 views",7 months ago,11:48,Hayder Shkara
co-parenting after divorce,20,763Nw7un-Nc,Loving and Releasing Co-Parenting Through Separation & Divorce,519 views,9 years ago,2:33,Dr. Wendy O'Connor
spousal maintenance arizona,1,qd3J7r-X6rg,Understanding the Arizona Spousal Maintenance Calculator,137 views,1y ago,7:05,Robert Larson
spousal maintenance arizona,2,1SQGY5Gv0Hs,"Spousal Maintenance in Arizona: Qualifications, Amounts, and Duration",46 views,4mo ago,3:31,Desert Legal Group
spousal maintenance arizona,3,EOJJm_ohPpI,"Divorce, Arizona Child Support & Spousal Maintenance Guidelines",157 views,6mo ago,46:54,Arizona CourtHelp (AZCourtHelp)
spousal maintenance arizona,4,C41wGgMSrao,Spousal Maintenance in Arizona Explained | Phoenix Divorce Lawyer Discusses Alimony,277 views,1y ago,6:49,JacksonWhite Law
spousal maintenance arizona,5,zyeY_9dh2iI,Spousal Maintenance | Spousal Support | Phoenix Divorce Lawyers,215 views,8y ago,4:22,"Smith & Green, Attorneys At Law PLLC"
spousal maintenance arizona,6,jGYI7zt-MCI,How to make a successful spousal maintenance claim in Arizona,"2,629 views",5y ago,46:06,Modern Law Divorce and Family Law Attorneys
spousal maintenance arizona,7,3auretmNtwg,Understanding Spousal Maintenance in Arizona,366 views,4mo ago,1:54,Arizona Law Group
spousal maintenance arizona,8,eFgujOYAeEA,How is Alimony Calculated in Arizona? | Spousal Maintenance,"2,445 views",13y ago,3:41,Arizona Law Group
spousal maintenance arizona,9,5CKBbv9-8fk,Jaburg Wilk talks about modifications to spousal maintenance and the law,130 views,6y ago,3:56,ABC15 Arizona
spousal maintenance arizona,10,ElXGLmPOz5c,What is spousal maintenance in Arizona?,55 views,2y ago,4:18,Robert Larson
spousal maintenance arizona,11,VGCp27XGr6Y,Arizona Spousal Maintenance Guide: How Income and Children Affect Alimony,"4,168 views",10mo ago,4:03,Desert Legal Group
spousal maintenance arizona,12,OLT5yX9FdHc,Changing Spousal Maintenance Orders Legal Insights,12 views,1y ago,2:10,Arizona Family Law Attorneys
spousal maintenance arizona,13,RivOG6rpyAU,Divorce in Arizona: What is Alimony or Spousal Maintenance?,"1,406 views",5y ago,5:02,The Dodds Law Firm
spousal maintenance arizona,14,PVYLMHRrzYY,Spousal Support (Calculating Alimony),504 views,2y ago,39:44,Arizona CourtHelp (AZCourtHelp)
spousal maintenance arizona,15,D5N8rcEeBTg,How to Win (or Defend Against) an Award of Spousal Maintenance,"49,173 views",Streamed 12y ago,31:15,Wendy Hernandez
spousal maintenance arizona,16,Gw0GC93vJDo,Spousal Maintenance,61 views,1y ago,5:49,The Dodds Law Firm
child support arizona,1,tROIdFAfda0,Child Support in Arizona – What You NEED to Know,298 views,10 months ago,4:49,Arizona Law Group
child support arizona,2,XMUgbo4-No4,Arizona Child Support Guidelines,749 views,3 years ago,1:35,Arizona Law Group
child support arizona,3,ExzA3emc0T8,How Child Support Works in Arizona | Lawyer for Child Support Phoenix,"1,915 views",14 years ago,3:07,Arizona Law Group
child support arizona,4,seN6cBEh9uU,How is child support really calculated in Arizona?,"1,806 views",1 year ago,0:47,Arizona Law Group
child support arizona,5,F-x_Fsc4IuI,"Understanding Child Support in Arizona: Calculation, Modification, and Enforcement","1,343 views",6 months ago,1:57,Arizona Law Group
child support arizona,6,XF1Xh35r5-M,What is included in child support in Arizona?,428 views,1 year ago,4:30,Robert Larson
child support arizona,7,rtR5hBULClM,The seven figures necessary to calculate child support in Arizona,145 views,11 months ago,9:51,Robert Larson
child support arizona,8,7_7iO_zIrpg,What Happens If You DON’T Pay Child Support? Kingman AZ,4 views,11 months ago,0:57,LawyersInArizona
child support arizona,9,bAIUtLRGXv8,What if Child Support Isn't Paid? | Accountability Court in Arizona,652 views,14 years ago,2:06,Arizona Law Group
child support arizona,10,EOJJm_ohPpI,"Divorce, Arizona Child Support & Spousal Maintenance Guidelines",157 views,6 months ago,46:54,Arizona CourtHelp (AZCourtHelp)
child support arizona,11,fFPFNexljOo,What does child support include in Arizona?,135 views,2 years ago,3:00,Robert Larson
child support arizona,12,uMqyYbVrPzw,Child Support Laws in Arizona: What You Need to Know | Mesa Child Support Attorney,310 views,11 months ago,7:18,JacksonWhite Law
child support arizona,13,7oACbJ8Dj3M,Child Support: Overview and Guidance,776 views,3 years ago,58:01,Arizona CourtHelp (AZCourtHelp)
child support arizona,14,cVIs1l79Km4,How Do You Calculate Child Support In Arizona?,665 views,1 year ago,0:57,Family Law Guys
child support arizona,15,juW33Jf66nE,"How Child Support Works in Arizona: Calculation, Modification & Enforcement Explained",65 views,10 months ago,3:32,Moshier Law
child support arizona,16,TT1RxLdgLqo,Arizona Custody Laws Have Changed: What Every Parent Should Know!,619 views,1 year ago,2:08,Provident Law®
child support arizona,17,w8xhR7X3zzE,How is Income Calculated for Child Support in Arizona?,824 views,13 years ago,4:08,Arizona Law Group
child support arizona,18,xCWCfJovgXw,Recent Changes to Modifying Child Support in Arizona,"1,484 views",8 years ago,3:38,Family Law Guys
child support arizona,19,18cQW1lsI-Q,The Arizona Child Support Math Nobody Explains,83 views,3 months ago,9:11,Lindsay Benjamin
child support arizona,20,uDB1GBCFx0k,How Is Child Support Calculated in Arizona? | Mesa Divorce Lawyer | JacksonWhite Law,33 views,3 weeks ago,5:36,JacksonWhite Law
divorce in arizona process,1,vdgy27Yze-U,"Divorce in Arizona: What to Expect Before, During, and After the Process",260 views,9 months ago,5:18,Arizona Law Group
divorce in arizona process,2,GNK6XGtlAaY,Filing for Divorce in Arizona? Watch This First!,"5,615 views",2 years ago,9:42,Modern Law Divorce and Family Law Attorneys
divorce in arizona process,3,6-VGUCubx8Y,Filing for Divorce in Arizona: The Complete Process Explained,42 views,2 months ago,1:47,Arizona Family Law Attorneys
divorce in arizona process,4,qljrItcmU9s,The Divorce Process in Arizona Explained Step-by-Step (Filing to Final Decree) | Mesa Divorce Lawyer,"1,007 views",10 months ago,6:25,JacksonWhite Law
divorce in arizona process,5,Lc5KzCJ0jMM,How the Arizona Divorce Process Really Works,49 views,3 months ago,9:17,BTL Family Law
divorce in arizona process,6,yrAbAFrjOpQ,Divorce 4 Dummies: 7 Steps to Navigate Divorce in Arizona | What to Expect,68 views,10 months ago,3:19,The Shaw Law Group
divorce in arizona process,7,O8Il72IIfrk,How long does it take to get a divorce in Arizona?,311 views,1 year ago,6:25,Arizona Family Law Attorneys
divorce in arizona process,8,mWVbz0Zi-ms,How to File for Divorce and Legal Separation in Maricopa County,"3,811 views",1 year ago,45:02,SuperiorCourtAZ
divorce in arizona process,9,qaP-mboRcbU,The Arizona Divorce Process Explained: A Step-by-Step Guide,52 views,4 months ago,3:11,Desert Legal Group
divorce in arizona process,10,tQIzgGrpXoE,How do you file for divorce in Arizona?,197 views,1 year ago,1:30,Couples Solutions Mediation - Divorce & Premarital
divorce in arizona process,11,JKtmNlxT_HI,What to Expect in Arizona Divorce Court,100 views,4 months ago,5:34,Arizona Law Group
divorce in arizona process,12,zMGIxkYS3SI,Should I Hire a Divorce Lawyer? Arizona Divorce Process,"1,444 views",14 years ago,5:18,Arizona Law Group
divorce in arizona process,13,7KQoVhX__tU,Need to Know Divorce Laws in Arizona,"5,581 views",4 years ago,7:34,Modern Law Divorce and Family Law Attorneys
divorce in arizona process,14,mcW7IyBZsko,Divorce in Arizona in 5 Steps,"2,106 views",4 years ago,1:41,Best Law Firm
divorce in arizona process,15,DxDU4-JH6Ig,"What to Expect in Arizona Divorce Court: Mediation, Conciliation, and Process",385 views,1 year ago,4:33,Desert Legal Group
divorce in arizona process,16,h8cE7tZASJw,"Divorce in Arizona: Process, Custody & Property Division | Arizona Divorce Lawyer | JacksonWhite Law",118 views,11 months ago,5:19,JacksonWhite Law
divorce in arizona process,17,C7SyF_DFurw,Arizona Divorce Process Overview,59 views,3 years ago,2:03,Legal Resolutions
divorce in arizona process,18,iaGr-IDbHy0,How Much Does a Divorce Cost in Arizona? | Phoenix Divorce Lawyer Explains | JacksonWhite Law,86 views,1 year ago,5:48,JacksonWhite Law
divorce in arizona process,19,lVvxebS1dY0,Overview of Divorce in Arizona,28 views,10 months ago,1:28,Best Law Firm
legal separation vs divorce arizona,1,2oJwcsIYP5s,Legal Separation vs. Divorce in Arizona | Key Differences Explained by a Family Lawyer,131 views,1 year ago,3:27,The Shaw Law Group
legal separation vs divorce arizona,2,rHB0ZST4jTo,Legal Separation vs Divorce in Arizona,"1,033 views",6 years ago,4:38,Best Legal Choices
legal separation vs divorce arizona,3,2Jgl2qRLC1A,Divorce vs Legal Separation in Arizona: Your Guide,141 views,2 years ago,1:22,The Valley Law Group
legal separation vs divorce arizona,4,5eFJFVouE8I,Legal Separation vs. Divorce:  What's the Difference?,"32,619 views",5 years ago,7:43,Susan Guthrie
legal separation vs divorce arizona,5,mWVbz0Zi-ms,How to File for Divorce and Legal Separation in Maricopa County,"3,811 views",1 year ago,45:02,SuperiorCourtAZ
legal separation vs divorce arizona,6,1-QZ4JTLHFo,Legal Separation and Divorce in Arizona. What Is the Difference? | Mesa Divorce Lawyer Explains,32 views,1 month ago,1:27,JacksonWhite Law - Family Law
legal separation vs divorce arizona,7,bvIOxbOnNDU,Difference Between Arizona Divorce And Legal Separation,490 views,12 years ago,1:02,"Hildebrand Law, PC"
legal separation vs divorce arizona,8,Ti-oJQdLCxg,Legal Separation vs. Divorce in Arizona? - Q&A with Billie Tarascio,112 views,1 year ago,1:15,Modern Law Divorce and Family Law Attorneys
legal separation vs divorce arizona,9,DNtZhL4mCh8,How Does Legal Separation Differ from Divorce in Washington?,"1,203 views",12 years ago,1:13,Law Offices of Molly B. Kenny
legal separation vs divorce arizona,10,IaGMc9sP-mY,What is the difference between divorce and legal separation in Arizona?,51 views,14 years ago,0:25,DonaldsonLawTV
legal separation vs divorce arizona,11,OY62fgR73RY,Legal Separation v Divorce in Arizona,138 views,11 years ago,1:20,"Hildebrand Law, PC"
legal separation vs divorce arizona,12,WkriXscYuj8,What Is the Difference Between Legal Separation and Divorce? Utah Divorce Attorney Brown Family Law,250 views,6 years ago,2:54,Brown Family Law
legal separation vs divorce arizona,13,AI7baHz5VUk,Legal Separation Converted to Divorce in Arizona,263 views,12 years ago,0:48,"Hildebrand Law, PC"
legal separation vs divorce arizona,14,tA0I48FB-T4,Divorce vs Legal Separation – Differences and Similarities,113 views,6 years ago,1:01,Ogborne Law PLC
legal separation vs divorce arizona,15,yrAbAFrjOpQ,Divorce 4 Dummies: 7 Steps to Navigate Divorce in Arizona | What to Expect,68 views,10 months ago,3:19,The Shaw Law Group
legal separation vs divorce arizona,16,2qb00aI_L2Q,Benefits Of A Legal Separation in Arizona,530 views,12 years ago,1:04,"Hildebrand Law, PC"
legal separation vs divorce arizona,17,kEzledX5N70,What is the Difference Between Legal Separation and Divorce? Consult Family Law Attorney California,"4,620 views",3 years ago,7:47,Hartley Law Group
legal separation vs divorce arizona,18,N3mRSpYSZ-Y,Family Court 101,"1,413 views",3 years ago,29:54,Arizona CourtHelp (AZCourtHelp)
legal separation vs divorce arizona,19,m13OEqnDkrI,When Can I File For Divorce In Arizona,"15,760 views",12 years ago,0:50,"Hildebrand Law, PC"
legal separation vs divorce arizona,20,VbrshN8u9Ts,Introduction to Divorce in Arizona: The Basics Explained,48 views,1 month ago,1:06,Arizona Family Law Attorneys
legal separation vs divorce arizona,21,R6EAFf-MrhM,Learn About Separation Agreements in Arizona,217 views,11 years ago,2:15,AZ Family Law Team
legal separation vs divorce arizona,22,Ge0P91qY9Qk,How to Change a Legal Separation Into a Divorce in Arizona,126 views,9 years ago,2:02,"Hildebrand Law, PC"
legal separation vs divorce arizona,23,GNK6XGtlAaY,Filing for Divorce in Arizona? Watch This First!,"5,615 views",2 years ago,9:42,Modern Law Divorce and Family Law Attorneys
legal separation vs divorce arizona,24,UVC18gWYy-U,Converting Legal Separation During Divorce in Arizona,103 views,11 years ago,2:02,"Hildebrand Law, PC"
legal separation vs divorce arizona,25,hCebeiR6NRA,"Legal Separation, Alternative to Divorce, Not a Precursor to Divorce",110 views,10 years ago,2:35,J. Kyle Scoresby
legal separation vs divorce arizona,26,uXDfylVcWnM,Separation vs Divorce,"15,749 views",9 years ago,2:30,Dr. Wendy O'Connor
legal separation vs divorce arizona,27,Cfqn6371sTU,"How to Start a Legal Separation in Arizona | Hildebrand Law, PC",72 views,9 years ago,0:26,"Hildebrand Law, PC"
legal separation vs divorce arizona,28,_AdfmjUQpWs,The Truth About Divorce vs Legal Separation,779 views,4 years ago,3:57,Reidy Law Office
legal separation vs divorce arizona,29,2IG2F_Ly1kM,Convert Legal Separation into Divorce in AZ,114 views,11 years ago,0:41,"Hildebrand Law, PC"
legal separation vs divorce arizona,30,5lTECA8faU0,What is the Difference Between a Legal Separation vs Divorce in Colorado?,476 views,4 years ago,3:39,Kalamaya | Goscha
legal separation vs divorce arizona,31,Ajjx1KxcPYg,How Should I Navigate A Legal Separation?,"12,962 views",3 years ago,8:31,The Ramsey Show Highlights
legal separation vs divorce arizona,32,uFxto7sbGyI,Legal Separation vs Divorce,834 views,4 years ago,5:45,Raymond Hekmat
legal separation vs divorce arizona,33,9xWa-tYsSCA,What Does it Mean to Be Legally Separated?,806 views,3 years ago,2:40,Divorce Esquire
legal separation vs divorce arizona,34,VrlYPsXWOdo,When Does Legal Separation Make Sense?,"6,782 views",6 years ago,4:27,Illinois Divorce TV
legal separation vs divorce arizona,35,UoA9PQrPIAU,Divorce Or Legal  Separation? Which is best for me?,"7,048 views",10 years ago,2:54,Utah Family Law TV - UFLTV
legal separation vs divorce arizona,36,s6FQ0fD6BH4,Dividing Property in an Arizona Divorce: A Complete Guide,60 views,10 months ago,3:25,The Shaw Law Group
legal separation vs divorce arizona,37,8dRpBKTBA6E,Arizona Legal Separation Laws,349 views,11 years ago,1:24,"Hildebrand Law, PC"
legal separation vs divorce arizona,38,d5d9lW6lRl0,⚖️How Is PROPERTY Divided in a Divorce? Bullhead City AZ,3 views,1 year ago,0:58,LawyersInArizona
legal separation vs divorce arizona,39,zmy_Oh0kF7U,Overview of How to Get a Divorce in Maricopa County,527 views,1 year ago,2:31,SuperiorCourtAZ
legal separation vs divorce arizona,40,0xEK07b81bo,Divorce vs. Legal Separation,357 views,4 years ago,2:17,My AZ Lawyers
legal separation vs divorce arizona,41,jI68wr4sG2s,What is the Difference Between a Divorce and a Legal Separation?,"27,748 views",7 years ago,3:53,LJ Law
legal separation vs divorce arizona,42,bktCHvRSP_o,What are grounds for divorce in Arizona?,14 views,2 years ago,1:08,Sullivan Law Group
legal separation vs divorce arizona,43,_gX2qAJUZ2Q,My AZ Lawyers Legal Separation and Divorce Attorney,217 views,6 years ago,1:32,My AZ Lawyers
legal separation vs divorce arizona,44,Aoyqm_lt8dw,How Long Does a Divorce Take in Arizona? | Mesa Divorce Lawyer Explains | JacksonWhite Law,9 views,4 weeks ago,1:30,JacksonWhite Law - Family Law
legal separation vs divorce arizona,45,aevtyLrRO88,Understanding Uncontested vs Contested Divorce in Arizona | Phoenix Divorce Attorney,256 views,9 months ago,2:44,Desert Legal Group
legal separation vs divorce arizona,46,BJneP-9EE04,"How Retirement Accounts are Divided in a Divorce or Legal Separation in Arizona | Hildebrand Law, PC",63 views,6 years ago,3:39,"Hildebrand Law, PC"
legal separation vs divorce arizona,47,bQG0A-lWIJY,Divorce and Bankruptcy in Arizona,105 views,11 years ago,4:20,"Arizona Bankruptcy Attorney, Law Office of D.L. Drain, P.A."
legal separation vs divorce arizona,48,IFBW1-FFwSA,How to Get A Legal Separation in Arizona,421 views,12 years ago,0:51,"Hildebrand Law, PC"
legal separation vs divorce arizona,49,ysaYl0fJZIQ,What You Should Know About Divorce Mediation in Arizona,114 views,4 years ago,1:38,Best Law Firm
legal separation vs divorce arizona,50,jfu3OQBgN7U,Everything You Need To Know About Legal Separation,"13,902 views",5 years ago,6:16,"Sterling Lawyers, LLC"
legal separation vs divorce arizona,51,h8cE7tZASJw,"Divorce in Arizona: Process, Custody & Property Division | Arizona Divorce Lawyer | JacksonWhite Law",118 views,11 months ago,5:19,JacksonWhite Law
legal separation vs divorce arizona,52,fRdP9QgX9mg,"How-to Divorce in Arizona, B6: Parent Information Program Order and Notice",169 views,14 years ago,2:24,howtodivorce
legal separation vs divorce arizona,53,RTbzJz-m-lM,Arizona Divorce Laws Infidelity,296 views,10 years ago,2:50,"Hildebrand Law, PC"
legal separation vs divorce arizona,54,HCM--hB8VL4,How Much Does a Divorce Cost in Arizona?,185 views,7 years ago,3:07,"Canterbury Law Group, LLP"
legal separation vs divorce arizona,55,aTeYSA_d6cA,"How-to Divorce in Arizona, B2: Summons",228 views,14 years ago,2:14,howtodivorce
legal separation vs divorce arizona,56,Bz4c4K_I2fw,What is an Uncontested Divorce in Arizona? | The Law Office of Daniel Hutto,153 views,3 years ago,1:24,The Law Office of Daniel J Hutto | Phoenix Arizona
legal separation vs divorce arizona,57,UIM5--h8d4o,"Learn What Happens at an Arizona Divorce Trial | Hildebrand Law, PC",307 views,8 years ago,2:21,"Hildebrand Law, PC"
legal separation vs divorce arizona,58,h97xv0k4VYA,Legal Separation versus Divorce,14 views,1 year ago,5:40,Robert Larson
legal separation vs divorce arizona,59,qljrItcmU9s,The Divorce Process in Arizona Explained Step-by-Step (Filing to Final Decree) | Mesa Divorce Lawyer,"1,007 views",10 months ago,6:25,JacksonWhite Law
legal separation vs divorce arizona,60,SEKyfjYgKa8,How Does Divorce Mediation Work in Arizona? | Affordable Resolution,605 views,13 years ago,3:30,Arizona Law Group
legal separation vs divorce arizona,61,aQLlq2Fdn8U,How to File for Divorce in Arizona: A Step by Step Guide,11 views,2 weeks ago,3:19,SampairGroup
legal separation vs divorce arizona,62,rVuGpJXtSOQ,"How-to Divorce in Arizona, Response without Minor Children",310 views,14 years ago,4:12,howtodivorce
legal separation vs divorce arizona,63,z752Jot7IK4,"How-to Divorce in Arizona, Response ADR.mp4",81 views,14 years ago,1:22,redlinereadydivorce
legal separation vs divorce arizona,64,LbOiFeTYdcg,"Community Property, How-to Divorce in Arizona",913 views,14 years ago,3:12,howtodivorce
legal separation vs divorce arizona,65,OHYGo7Z_L44,Inheritance In An Arizona Divorce,697 views,4 years ago,1:19,The Law Offices of Gary J Frank P.C.
legal separation vs divorce arizona,66,m4pIDulPrMw,Stop Legal Separation Arizona,32 views,11 years ago,0:35,"Hildebrand Law, PC"
legal separation vs divorce arizona,67,0vZkD5d3RYg,Types of Divorce in Arizona,9 views,4 months ago,2:45,Desert Legal Group
legal separation vs divorce arizona,68,KP-POmtoLM4,"The Ultimate Guide to Divorce in Arizona - Mushkatel, Gobbato, & Kile",35 views,2 years ago,2:35,"Mushkatel, Gobbato, & Kile, P.L.L.C."
legal separation vs divorce arizona,69,zMGIxkYS3SI,Should I Hire a Divorce Lawyer? Arizona Divorce Process,"1,444 views",14 years ago,5:18,Arizona Law Group
legal separation vs divorce arizona,70,QyStnyHJONI,How to Get a Legal Separation | Legal Separation Explained,"52,347 views",12 years ago,3:09,Kara Prior | Grow With Kara
legal separation vs divorce arizona,71,aTMTeLwJT6w,Learn if Arizona is a 50 50 State in a Divorce.,41 views,6 years ago,2:41,"Hildebrand Law, PC"
gray divorce,1,XQyZSf6C-ek,Elderly divorce is skyrocketing in the US. Here's what researchers know.,"337,046 views",1 month ago,8:40,BBC Global
gray divorce,2,O19ritgNjWo,Gray Divorce: The Brutal Reality for Men Over 50,"477,594 views",1 year ago,15:52,Angel Jones
gray divorce,3,zxXBpdFeYF4,"Gray Divorce (after 50) & Adult Children: The Fallout for the Family, with Oprah and Leading Experts","4,025,895 views",10 months ago,49:13,Oprah
gray divorce,4,2HQWgu8_wHQ,The Gray Divorce Revolution: Why It’s Happening Now,"113,930 views",4 weeks ago,28:07,John Griffin (Life 2.0)
gray divorce,5,E9-eymPOgBQ,The 'Gray Divorce' Explosion: Why Long-Term Marriages Are Ending Now,"28,181 views",5 months ago,9:13,Mira | Men's Health & Relationship Talk After 50
gray divorce,6,5Z9i90MzM6E,Divorced At 56 Years Old | Gray Divorce,"4,260 views",1 year ago,17:38,MY COLORFUL LIFE
gray divorce,7,DiJH4Mpzej8,7 Myths About Gray Divorce — And the Truth No One Talks About,"37,112 views",7 months ago,23:27,Solo Second Act
gray divorce,8,U18HPyvGsWs,The Surprising Benefits of a Gray Divorce,"131,354 views",1 year ago,19:11,John Griffin (Life 2.0)
gray divorce,9,1S6qJuUkWQw,What’s Causing the Rise in Grey Divorce? The Nasty TRUTHS!,"107,423 views",9 months ago,11:40,Retiree Is Me
gray divorce,10,UR1gSiPacYs,What is Gray Divorce — and Why Does it Happen?,"10,676 views",10 months ago,8:17,Oprah
gray divorce,11,YcyD1I95Rz4,Gray divorce: Why are couples over 50 splitting up?,"1,123 views",2 months ago,5:25,NBC 10 WJAR
gray divorce,12,kXS59x6wLrc,'Gray divorce’ increasing for Americans ages 50 and up,"297,574 views",1 year ago,7:29,ABC News
gray divorce,13,rN1ScVCiaGU,Gray Divorce: Why Women Pay the Bigger Price,"6,782 views",1 year ago,3:22,Dr. Seth
gray divorce,14,zW23bk4xX8Y,Gray Divorce: The Trap No One Warned Men About,"4,976 views",2 months ago,17:09,Psycore
gray divorce,15,6Baur1t4I3c,Gray Divorce After 50 — Starting Over When You LEAST Expected It,"2,731 views",1 year ago,10:10,Dr. Seth
gray divorce,16,28CY02zxkn4,When gray divorce after 50  forces you out of your home,"1,124 views",5 months ago,9:11,Rita Wilkins
gray divorce,17,aNpE-aaITmQ,GRAY DIVORCE: FRESH Start or BIG Mistake,"4,452 views",11 months ago,8:01,Rebel Retirement
gray divorce,18,NZ95so2HnrY,The Surprising Benefits of a Gray Divorce,"1,345 views",7 months ago,17:39,Move Or Die Stoic
gray divorce,19,_ahxc0q5JBQ,The rise of the 'Gray Divorce',"3,787 views",2 years ago,3:59,KOIN 6
gray divorce,20,ssECPPWuKfQ,GRAY DIVORCE Is KILLING Retirement Dreams,"10,409 views",7 months ago,10:54,retirearly500k
uncontested divorce arizona,1,f_rnQ2bXg0U,Uncontested Divorce | Phoenix Divorce Attorneys | Free Review,712 views,8 years ago,2:47,"Smith & Green, Attorneys At Law PLLC"
uncontested divorce arizona,2,BQdcXTrEMVo,Don't Make These 5 Mistakes in an Uncontested Divorce,"143,478 views",4 years ago,14:11,Pacific Northwest Family Law
uncontested divorce arizona,3,H0jBrTZBLAo,Uncontested Divorce in Arizona: The Easiest Way to End a Marriage?,42 views,1 month ago,2:42,Arizona Law Group
uncontested divorce arizona,4,GNK6XGtlAaY,Filing for Divorce in Arizona? Watch This First!,"5,615 views",2 years ago,9:42,Modern Law Divorce and Family Law Attorneys
uncontested divorce arizona,5,Bz4c4K_I2fw,What is an Uncontested Divorce in Arizona? | The Law Office of Daniel Hutto,153 views,3 years ago,1:24,The Law Office of Daniel J Hutto | Phoenix Arizona
uncontested divorce arizona,6,kCjW0KcYAbY,The Ultimate Guide to Divorce in Arizona: What You Need to Know,443 views,5 months ago,9:16,Genesis Legal Group
uncontested divorce arizona,7,LfQUuOLMxc4,5 Things to Avoid During an Uncontested Divorce | Divorce Attorney on Divorce | Porchlight Legal,"55,345 views",6 years ago,8:03,Porchlight Legal
uncontested divorce arizona,8,Q1EnNVjdsGg,Would an Uncontested Divorce Work for My Divorce - Jensen Family Law,112 views,5 years ago,4:10,Genesis Legal Group
uncontested divorce arizona,9,YpCmd6kflac,How does an uncontested divorce work?,"24,686 views",6 years ago,5:26,"Farias Family Law, P.C."
uncontested divorce arizona,10,qljrItcmU9s,The Divorce Process in Arizona Explained Step-by-Step (Filing to Final Decree) | Mesa Divorce Lawyer,"1,007 views",10 months ago,6:25,JacksonWhite Law
uncontested divorce arizona,11,nWnKW1pDmfo,Contested vs. Uncontested Divorce in Arizona: What You Need to Know,20 views,2 months ago,1:21,Arizona Law Group
uncontested divorce arizona,12,0lggwGlg7_U,Contested vs. Uncontested Divorce in Arizona – Mesa Divorce Lawyer Explains,92 views,1 year ago,8:56,JacksonWhite Law
uncontested divorce arizona,13,f2oDL_MilbQ,How Fast Can You Get Divorced in Arizona?,92 views,1 year ago,2:02,Provident Law®
uncontested divorce arizona,14,hg-gO95zVnI,"Uncontested Divorce. Is it really cheap, quick, easy and online?","19,599 views",5 years ago,7:38,Divorce Answers
is divorce mediation legally binding,1,WHoPfcz54ZU,Is A Divorce Mediation Agreement Legally Binding? - Get Divorce Answers,21 views,1 year ago,2:18,Get Divorce Answers
is divorce mediation legally binding,2,Fu_8sLYMjAw,Divorce Mediation is the Ideal Way to Achieve a Legally Binding Agreement,59 views,12 years ago,0:51,Eileen Coen
is divorce mediation legally binding,3,B_9r-upx4Jw,Is A Mediation Agreement Legally Binding? - Get Divorce Answers,25 views,1 year ago,2:32,Get Divorce Answers
is divorce mediation legally binding,4,CVmKjM7GfCU,How to Get What You Want out of Divorce Mediation - Mediation tips and tricks you NEED to know!,"20,467 views",5 years ago,3:08,Wright Family Law Group
is divorce mediation legally binding,5,vjrdIQGOv9o,What Does a Mediator Do in a Divorce  | #Mediation with Bob Bordone,"5,498 views",3 years ago,8:57,Bob Bordone
post decree modification,1,0X4Tyz2_g7U,Tips for Post Decree Modifications,257 views,5y ago,2:37,Burnham Law
post decree modification,2,MJKT_WeTjH8,Post Decree Modifications | Full Episode | Illinois Divorce Guide Podcast,138 views,11mo ago,33:14,Illinois Divorce TV
post decree modification,3,LYrvXmX6fbo,FAQ: What Is A Post-Decree Modification?,51 views,1y ago,0:53,"The Drake Law Firm, PC "
post decree modification,4,M-xR-u3pG64,What are the most common post-decree modifications? | Charles J. Weber,19 views,2y ago,0:42,ReelLawyers
post decree modification,5,9hKFngZssmE,Post decree Modification | Top Family Law Attorney | Merlyn Meinerts,214 views,9y ago,3:06,ReelLawyers
post decree modification,6,WY4C5LRVG-Q,How To Modify Child Support Provisions In Your Decree?,197 views,1y ago,20:30,Law Office of Kelly Peterson
post decree modification,7,EH9objhGK8s,Can My Ex Modify The Divorce Decree After It's Finalized,"1,693 views",3y ago,3:38,ChooseGoldman - Goldman & Associates Law Firm
post decree modification,8,DIRBGm3Jc6Q,What Happens at a Post-Divorce Modification Hearing? | Family Law Gurus News,47 views,1y ago,2:36,Family Law Gurus
post decree modification,9,zIz4CASjniI,"Post-Divorce Changes: How to Modify Custody, Support, or Visitation in Ohio.",63 views,11mo ago,16:56,Jeffrey Hale
post decree modification,10,20PSA08pkwE,"Can a divorce decree be modified at a later time to change custody, visitation, or child support?",152 views,7y ago,1:07,The Cox Law Firm PLLC
post decree modification,11,AqyJ5UOIhJk,Mastering Post Decree Modification Standards Best Interests Versus Endangerment,157 views,9y ago,59:19,Colorado Bar Association CLE
post decree modification,12,HRonvZ6vVSE,Can You Modify A Divorce Decree Due To Enforcement Issues? - Family Law Gurus,15 views,1y ago,2:58,Family Law Gurus
post decree modification,13,2OtTmdrdp8k,Can I Modify The Terms Of My Divorce After Its Finalized,661 views,5y ago,2:06,Learn About Law
post decree modification,14,Jfwcpqwptf4,Post Divorce Child Support and Decree Modifications | Enforcing the Obligations,783 views,6y ago,23:43,"Scroggins Law Group, PLLC"
post decree modification,15,XISHOWu6MRg,Can A Divorce Decree Be Modified If An Asset Was Omitted For Any Reason?,44 views,6y ago,1:00,"Haughton Law Group, P.C."
post decree modification,16,7xDRhfVuz8Q,What Is The Divorce Decree Modification Process? - Get Divorce Answers,12 views,1y ago,3:02,Get Divorce Answers
post decree modification,17,V6P9Uk3Wr7o,When Can I Modify My Divorce Decree? - Get Divorce Answers,38 views,1y ago,3:15,Get Divorce Answers
post decree modification,18,0vBvK7EL1c8,DIVORCE:  Things have changed....Modifying Your Agreement Post Divorce with Carole Orland,181 views,8y ago,10:37,Single Process
post decree modification,19,78nXmD0j8l4,When and How to Modify Your Divorce Decree,"2,868 views",4y ago,1:03:20,Cordell & Cordell
post decree modification,20,De37KAW3Lvs,Post Judgment Modification of Orders | Top Los Angeles CA Family Law Attorney | Robert W. Eisfelder,169 views,7y ago,1:00,ReelLawyers
how to tell your spouse you want a divorce,1,7B3Rughx5Ms,How to Tell Your Spouse You Want a Divorce,"128,625 views",11 years ago,8:26,Sam Margulies
how to tell your spouse you want a divorce,2,U_UgOsE7KrA,How do You Tell Your Spouse You Want a Divorce?,463 views,1 year ago,1:58,RIGHT Lawyers
how to tell your spouse you want a divorce,3,Aou2AV0yieo,How to Tell Your Spouse You Want a Divorce (Without Starting a Fight),"13,464 views",2 years ago,22:42,O'Connor Family Law
how to tell your spouse you want a divorce,4,q7TsDzYvTGk,How To Tell Your Spouse You Want A Divorce,"27,502 views",4 years ago,9:31,Marriage Helper
how to tell your spouse you want a divorce,5,_sV3CXtA464,How to Tell a Narcissist That You Want a Divorce,"3,746 views",1 year ago,3:09,Dr. David Clarke
how to tell your spouse you want a divorce,6,bytTeqxxrB4,Let's Talk....About How to Tell Your Spouse You Want a Divorce,No views,13 hours ago,33:52,Catherine Cooke Divorce Coach
how to tell your spouse you want a divorce,7,Fky5nvhMpGY,How to Talk to Your Spouse about DIVORCE [EXPERT ADVICE],"5,969 views",8 years ago,7:37,RecoveryTV
how to tell your spouse you want a divorce,8,cWMOVWpzCXE,"SUMMER SERIES: How to Tell Your Spouse You Want a Divorce: What to Say, When & What Happens After",111 views,1 month ago,15:09,Alex Beattie | The Divorce Planner
how to tell your spouse you want a divorce,9,46vuy5CoZ7w,How To Tell Your Spouse You Want a Divorce,"17,455 views",6 years ago,13:31,Divorce Specialists Group
how to tell your spouse you want a divorce,10,mLWNPHD00OE,Divorce Basics   How to Tell Your Spouse,"2,675 views",7 years ago,5:20,David Musselman
how to tell your spouse you want a divorce,11,anj9-TrQ1G8,How do you start the divorce conversation?,"13,686 views",9 years ago,1:00,Wevorce
how to tell your spouse you want a divorce,12,5cVFHX6DsUA,What to Do BEFORE Telling Your Spouse You Want a Divorce,848 views,1 year ago,31:53,Divorced Girl Smiling
how to tell your spouse you want a divorce,13,7gsOE3ZqeBU,How to Tell Your Spouse You want a separation or divorce? A divorce lawyer tells you.,737 views,4 years ago,1:41,"Elise Buie Family Law Group, PLLC"
how to tell your spouse you want a divorce,14,rS_ZJWVNR-8,How To Tell Your Husband You Want A Divorce | 4 Divorce Tips,"13,277 views",5 years ago,8:50,Happily Committed
how to tell your spouse you want a divorce,15,3YyTo5NMMEw,How to Tell Your Spouse You Want a Divorce,"18,707 views",6 years ago,8:20,Karen Covy
how to tell your spouse you want a divorce,16,qEDbgOctWIE,How To Tell Your Spouse It's Over,"19,707 views",7 years ago,8:25,Fairway Divorce
how to tell your spouse you want a divorce,17,8UkssUNxEvY,How Do I Tell My Husband/Wife/Partner That I Want To Separate?,"3,768 views",3 years ago,14:19,Equal Exes Global 
how to tell your spouse you want a divorce,18,3oZK-3rRHfE,When should I tell my spouse I’m filing for divorce?,"2,306 views",5 years ago,3:59,"Farias Family Law, P.C."
how to tell your spouse you want a divorce,19,PuxfapmoSIM,How to Know if You'll Be Happier if You Divorce,"194,393 views",8 years ago,4:10,Goodguys2Greatmen
how to tell your spouse you want a divorce,20,LFpsbbGnBz8,UnPHILtered: What To Ask Yourself Before You Divorce,"239,917 views",7 years ago,3:58,Dr. Phil
divorce mediation demonstration,1,rv5jJvglPq0,Divorce Mediation Demonstration,"71,917 views",12 years ago,26:49,PeaceTalksLA
divorce mediation demonstration,2,_XPpgk0HeRk,Sitting in on a Divorce Mediation Session - Parenting Plan (Custody) Mock Mediation Part 1,"93,601 views",11 years ago,8:45,Barry Davis
divorce mediation demonstration,3,p_EeXrxaOyc,How Do Mediators Settle Divorces?,"22,142 views",5 years ago,6:53,Graine Mediation - Fairfax
divorce mediation demonstration,4,CVmKjM7GfCU,How to Get What You Want out of Divorce Mediation - Mediation tips and tricks you NEED to know!,"20,467 views",5 years ago,3:08,Wright Family Law Group
divorce mediation demonstration,5,oOYHxQPeQno,Mock Mediation with a Narcissist: What Happens When Your High-Conflict Spouse Hides Money,"11,515 views",1 year ago,14:25,The Divorce Allies
divorce mediation demonstration,6,O6pWZez5amo,How Mediation in Divorce Works [Video],"6,344 views",13 years ago,3:00,Lawyers.com Legal Beat
divorce mediation demonstration,7,vjrdIQGOv9o,What Does a Mediator Do in a Divorce  | #Mediation with Bob Bordone,"5,498 views",3 years ago,8:57,Bob Bordone
divorce mediation demonstration,8,BeMNWrjyxw0,Family Mediation Demo,"54,750 views",7 years ago,46:07,IMEUS Association
divorce mediation demonstration,9,91hROUXj39I,What Men Can Expect at a Michigan Divorce Mediation?,"229,087 views",4 years ago,7:54,ADAM Michigan Divorce Attorneys for Men
divorce mediation demonstration,10,ZuJjyPl1g88,Best Divorce Mediation Preparation Tips,"25,729 views",4 years ago,9:15,Miles Mason Family Law Group
divorce mediation demonstration,11,DOwPt-Lq1Lk,"How To Prepare For Your Divorce Mediation (Tracy Gould Sheinin, Mediator)","4,403 views",2 years ago,14:46,WTF Divorce
divorce mediation demonstration,12,Qb5J3LhXQTA,Zoom Mediation Demonstration,"6,962 views",6 years ago,9:10,Chris L'Hommedieu
divorce mediation demonstration,13,f9BQ9B3WgVs,Divorce Mediation Checklist: What to Bring & How to Prepare,199 views,1 year ago,4:31,Peaceful Separation & Divorce
divorce mediation demonstration,14,CGQEAeTCK9M,What Does Divorce Mediation Look Like?,"1,233 views",1 year ago,19:17,Shikina Mediation and Arbitration
divorce mediation demonstration,15,nfN3oehcInI,Mediation Role Play | Mediator Opening Statement,"81,131 views",3 years ago,4:10,Mediator Academy
divorce mediation demonstration,16,jNrwwtcTMMY,Mediation Demonstration,"140,750 views",11 years ago,13:26,Open University Law Society
divorce mediation demonstration,17,heUcre2d9wg,Four Phases of the Mediation Process by Jean Munroe & Tennessee-Mediation.Com,"158,583 views",15 years ago,10:48,TennesseeMediation
what does a divorce mediator do,1,vjrdIQGOv9o,What Does a Mediator Do in a Divorce  | #Mediation with Bob Bordone,"5,498 views",3 years ago,8:57,Bob Bordone
what does a divorce mediator do,2,p_EeXrxaOyc,How Do Mediators Settle Divorces?,"22,142 views",5 years ago,6:53,Graine Mediation - Fairfax
what does a divorce mediator do,3,CVmKjM7GfCU,How to Get What You Want out of Divorce Mediation - Mediation tips and tricks you NEED to know!,"20,467 views",5 years ago,3:08,Wright Family Law Group
what does a divorce mediator do,4,91hROUXj39I,What Men Can Expect at a Michigan Divorce Mediation?,"229,087 views",4 years ago,7:54,ADAM Michigan Divorce Attorneys for Men
what does a divorce mediator do,5,a8IPLNGZcT4,Why you Need a Lawyer in Divorce Mediation | Porchlight Legal,"42,365 views",4 years ago,6:43,Porchlight Legal
what does a divorce mediator do,6,QnHvHhT7AAg,Mediation 101: A Divorce Lawyer Breaks It Down,722 views,1 year ago,10:14,HH Attorneys at Law
what does a divorce mediator do,7,DOwPt-Lq1Lk,"How To Prepare For Your Divorce Mediation (Tracy Gould Sheinin, Mediator)","4,403 views",2 years ago,14:46,WTF Divorce
what does a divorce mediator do,8,v41fMuHSOaA,What Does Mediation Look Like in the Divorce Process?,"1,241 views",3 years ago,10:46,Illinois Divorce TV
what does a divorce mediator do,9,iysJ8VC2knE,7 Tips on Divorce Mediation | Porchlight Legal,"80,500 views",5 years ago,7:45,Porchlight Legal
what does a divorce mediator do,10,K4fsZBM8nfs,Mediation in Divorce: A Path to Resolution Without Court | Full Episode | Illinois Divorce Guide,"2,720 views",1 year ago,32:14,Illinois Divorce TV
what does a divorce mediator do,11,ZuJjyPl1g88,Best Divorce Mediation Preparation Tips,"25,729 views",4 years ago,9:15,Miles Mason Family Law Group
what does a divorce mediator do,12,CGQEAeTCK9M,What Does Divorce Mediation Look Like?,"1,233 views",1 year ago,19:17,Shikina Mediation and Arbitration
what does a divorce mediator do,13,t68auMxXrWI,10 Winning Mediation Tips Your Lawyer Won't Tell You,"28,857 views",1 year ago,8:03,"Matthew Harris Law, PLLC"
what does a divorce mediator do,14,MRrhq7EeeHM,⭐️ Divorce Mediation (How to Settle Before Going to Trial) With Judge Tena Callahan,"55,833 views",4 years ago,33:42,Hargrave Family Law
what does a divorce mediator do,15,ezg6bZ5N814,What Does a Divorce Mediator Do? by McConnell Family Law Group,55 views,2 years ago,8:43,Connecticut Family Law Group
questions to ask a divorce mediator,1,7G-MYOcy7jo,What questions do mediators ask?,336 views,3 years ago,0:33,Moore Barlow LLP
questions to ask a divorce mediator,2,DOwPt-Lq1Lk,"How To Prepare For Your Divorce Mediation (Tracy Gould Sheinin, Mediator)","4,403 views",2 years ago,14:46,WTF Divorce
questions to ask a divorce mediator,3,7xO9cmtp3Uc,The Best Questions to Ask a Divorce Mediator,738 views,3 years ago,3:17,Johnson Turner
questions to ask a divorce mediator,4,MzazbxBN2Gc,Top 3 questions to ask a divorce attorney,"1,779 views",3 years ago,5:38,"Farias Family Law, P.C."
questions to ask a divorce mediator,5,L0Q7hNjpOqA,What Questions To Ask A Mediator? - Get Divorce Answers,48 views,1 year ago,3:26,Get Divorce Answers
questions to ask a divorce mediator,6,CVmKjM7GfCU,How to Get What You Want out of Divorce Mediation - Mediation tips and tricks you NEED to know!,"20,467 views",5 years ago,3:08,Wright Family Law Group
questions to ask a divorce mediator,7,rABV12rHJ4g,TOP 5 TIPS FOR NEGOTIATING YOUR DIVORCE | Houston Divorce Attorney,"81,031 views",5 years ago,8:37,THE PALMER LAW FIRM
questions to ask a divorce mediator,8,1TmFjtvDlHY,Questions to Ask a Divorce Mediator by Paul McConnell,32 views,1 year ago,5:00,Connecticut Family Law Group
questions to ask a divorce mediator,9,ftf5qaIGcO8,What Questions Are Asked In Mediation? - Get Divorce Answers,138 views,1 year ago,2:58,Get Divorce Answers
questions to ask a divorce mediator,10,ZWJuu_hjHcI,What to Ask For in Divorce Mediation,491 views,5 years ago,1:16,Miles Mason Family Law Group
questions to ask a divorce mediator,11,t68auMxXrWI,10 Winning Mediation Tips Your Lawyer Won't Tell You,"28,857 views",1 year ago,8:03,"Matthew Harris Law, PLLC"
questions to ask a divorce mediator,12,ZuJjyPl1g88,Best Divorce Mediation Preparation Tips,"25,729 views",4 years ago,9:15,Miles Mason Family Law Group
questions to ask a divorce mediator,13,_xj2fBvJQFk,12 Questions To Ask A Divorce Lawyer,713 views,2 years ago,22:46,AP Lawyers
questions to ask a divorce mediator,14,ahTJnKWEtcA,Divorce Mediation Tips - What to Ask For,"5,761 views",6 years ago,2:30,Ogborne Law PLC
questions to ask a divorce mediator,15,0AtiioD0SxA,Essential Questions For Your Divorce Lawyer: Be Prepared,"13,296 views",3 years ago,36:47,The Gifford Group | My Divorce Real Estate
questions to ask a divorce mediator,16,_sRJ57YNfjE,Should I do mediation instead of hiring an attorney for divorce?,558 views,3 years ago,4:26,"Farias Family Law, P.C."
divorce mediation checklist,1,CVmKjM7GfCU,How to Get What You Want out of Divorce Mediation - Mediation tips and tricks you NEED to know!,"20,467 views",5 years ago,3:08,Wright Family Law Group
divorce mediation checklist,2,f9BQ9B3WgVs,Divorce Mediation Checklist: What to Bring & How to Prepare,199 views,1 year ago,4:31,Peaceful Separation & Divorce
divorce mediation checklist,3,DOwPt-Lq1Lk,"How To Prepare For Your Divorce Mediation (Tracy Gould Sheinin, Mediator)","4,403 views",2 years ago,14:46,WTF Divorce
divorce mediation checklist,4,ZuJjyPl1g88,Best Divorce Mediation Preparation Tips,"25,729 views",4 years ago,9:15,Miles Mason Family Law Group
divorce mediation checklist,5,ULr8UZPi-rk,What Actually Happens in Divorce Mediation? (The Full Checklist),3 views,4 months ago,3:49,Flannel People Mediation
divorce mediation checklist,6,7Zviq_cJl8M,Divorce Mediation: Why Preparation Matters More than You Think  (Mini Episode),"1,076 views",3 months ago,11:32,Divorce Advice Podcast-How Not To Suck At Divorce
divorce mediation checklist,7,p_EeXrxaOyc,How Do Mediators Settle Divorces?,"22,142 views",5 years ago,6:53,Graine Mediation - Fairfax
divorce mediation checklist,8,ItdcJvX-6b8,How Long Does Divorce Mediation Usually Take?,1 view,35 minutes ago,20:32,Lilie the Lawyer
divorce mediation checklist,9,PxNTyYgnyDY,"Mediation Made Easier: 5 Things to Prepare So You Don’t Freeze, Fold, or Fail","1,129 views",11 months ago,49:57,The Divorce Course Podcast
divorce mediation checklist,10,h1toM1Nk3SI,Divorce mediation 101- your top divorce mediation questions get answered.,"1,258 views",4 years ago,4:00,Hello Divorce
divorce mediation checklist,11,t68auMxXrWI,10 Winning Mediation Tips Your Lawyer Won't Tell You,"28,856 views",1 year ago,8:03,"Matthew Harris Law, PLLC"
divorce mediation checklist,12,ahTJnKWEtcA,Divorce Mediation Tips - What to Ask For,"5,761 views",6 years ago,2:30,Ogborne Law PLC
divorce mediation checklist,13,GTRdF2J3b_k,"High-Conflict Divorce? 12 Mediation Tips to Save Time, Money & Stress",748 views,1 year ago,6:33,Birt Family Law
divorce mediation checklist,14,r0PQqgpUUTQ,HOW TO DO DIVORCE MEDIATION WITH A NARCISSIST (And Feel In Control),"75,360 views",6 years ago,11:34,Rebecca Zung
divorce mediation checklist,15,LXNRsvId8oM,Divorce Mediation Checklist: Documents and Financial Prep for a Successful Mediation by Juan Luciano,13 views,9 months ago,5:23,Juan Luciano Divorce Lawyer
mediation without a lawyer,1,M8OlIniXsY8,Can I request mediation without an attorney? Can I attend mediation pro se?,"1,671 views",3y ago,3:37,Law Office of Vincent P. White
mediation without a lawyer,2,QnHvHhT7AAg,Mediation 101: A Divorce Lawyer Breaks It Down,722 views,1y ago,10:14,HH Attorneys at Law
mediation without a lawyer,3,Y3SFoxfPwQ4,Mediation: 1 Way To Settle A Lawsuit,"31,111 views",1y ago,4:37,Mike Rafi - Personal Injury Lawyer
mediation without a lawyer,4,7KK7w6zrOYI,The Mediation Revolution: How to Build a Career Without a Law Degree  | #Mediation with Bob Bordone,"4,419 views",3y ago,9:45,Bob Bordone
mediation without a lawyer,5,8dz0zDw7Mfw,Divorce Mediation Without Attorney - Kathey Batey mediator,800 views,5y ago,3:06,Kathey Batey
mediation without a lawyer,6,t68auMxXrWI,10 Winning Mediation Tips Your Lawyer Won't Tell You,"28,857 views",1y ago,8:03,"Matthew Harris Law, PLLC"
mediation without a lawyer,7,ViWFZN73_Q8,Mediation for Non-Lawyers (PRO SE's) With Tye Bourdony,527 views,5y ago,23:51,LAWYERS & MEDIATORS INTERNATIONAL
mediation without a lawyer,8,ZWdQmA976MI,Making Mediation Work in Your Favor - How to Approach Mediation in High Stakes Litigation,"63,390 views",5y ago,37:49,Jonathan Pollard
mediation without a lawyer,9,iVrocH3F_V4,The Secret to Winning Mediation Nobody Tells You,"2,551 views",11mo ago,3:15,Ottinger Employment Lawyers
mediation without a lawyer,10,_i94gLYDxYc,Is it wise to go to mediation without receiving the employer's position statement?,"4,550 views",3y ago,2:16,Law Office of Vincent P. White
mediation without a lawyer,11,3MdUWrkM6c4,Oregon One Day Divorce and Mediation | Divorce Lawyer,276 views,3y ago,2:04,Leskin Law and Mediation
mediation without a lawyer,12,S8NIkXaMZLs,Do I need a lawyer for my mediation?,"1,784 views",5y ago,5:12,"Farias Family Law, P.C."
mediation without a lawyer,13,PxNTyYgnyDY,"Mediation Made Easier: 5 Things to Prepare So You Don’t Freeze, Fold, or Fail","1,129 views",11mo ago,49:57,The Divorce Course Podcast
mediation without a lawyer,14,30TlQ-CGaJU,PART 1: HINTS PRO SEs (NON-LAWYERS) SHOULD REMEMBER WHEN ATTENDING MEDIATION,470 views,5y ago,22:49,LAWYERS & MEDIATORS INTERNATIONAL
mediation without a lawyer,15,YybRjzNShQU,Can you attend mediation without lawyers?,124 views,7y ago,0:46,Allison Williams
mediation without a lawyer,16,HHX2UwXQrnA,Do I Need an Attorney During Divorce Mediation?,307 views,3y ago,1:54,Jacobson Family Law
mediation without a lawyer,17,1A-4wmcXdNk,Do you need a lawyer or a mediator or both?,292 views,5y ago,1:31,Modern Law Divorce and Family Law Attorneys
mediation without a lawyer,18,K4fsZBM8nfs,Mediation in Divorce: A Path to Resolution Without Court | Full Episode | Illinois Divorce Guide,"2,720 views",1y ago,32:14,Illinois Divorce TV
mediation without a lawyer,19,jNSWt-AhfoY,Why You Should Not Choose Mediation?,"7,195 views",4y ago,5:22,Divorce Like a Boss with Diana
mediation without a lawyer,20,9VW8Z4ur1Tw,EEOC Mediation: Just Say NO.,"6,292 views",1y ago,11:56,Jonathan Pollard
community property arizona divorce,1,rmV1Sq3fD3k,Community Property in Arizona l What You Need to Know Before Filing for Divorce,67 views,1 year ago,3:28,The Shaw Law Group
community property arizona divorce,2,weHjEuQvd4c,How Community Property and Debt Division Works in Arizona Divorce,"3,564 views",7 months ago,1:58,Arizona Law Group
community property arizona divorce,3,SziXYgxBefo,How Arizona Divides Assets in a Divorce: Community Property Explained,"2,051 views",3 months ago,2:56,Desert Legal Group
community property arizona divorce,4,9k90epHrE50,What's Community Property and How Is It Divided to a Divorce,23 views,1 year ago,1:36,Arizona Family Law Attorneys
community property arizona divorce,5,laUAsMhsVvI,Understanding Community Property Division in Arizona Divorce,204 views,7 months ago,3:37,Genesis Legal Group
community property arizona divorce,6,U9HgSUg1MTs,Types of Property in an Arizona Divorce: What Gets Divided and What Does Not,12 views,3 months ago,2:40,Arizona Family Law Attorneys
community property arizona divorce,7,jGbfdWCAIEg,Married in Arizona? - What You Need to Know About Community Property and Disclaimer Deeds,593 views,3 years ago,1:21,Phoenix Home Collective
community property arizona divorce,8,s6FQ0fD6BH4,Dividing Property in an Arizona Divorce: A Complete Guide,60 views,10 months ago,3:25,The Shaw Law Group
community property arizona divorce,9,7u57hzLF9jg,"Divorce and Property Division in Arizona: Community Property, the Family Home, & Business Interests",4 views,4 months ago,2:17,Arizona Family Law Attorneys
community property arizona divorce,10,GNK6XGtlAaY,Filing for Divorce in Arizona? Watch This First!,"5,615 views",2 years ago,9:42,Modern Law Divorce and Family Law Attorneys
community property arizona divorce,11,CXqn2AE9ERo,"Arizona is a Community Property State, How does that effect my Divorce?","2,789 views",13 years ago,1:43,Cantor Law
community property arizona divorce,12,Ux_PctoMDuo,Property and Debt Division in an Arizona Divorce,510 views,5 months ago,4:53,Desert Legal Group
community property arizona divorce,13,NxZa7cm2gZE,Navigating Divorce in Arizona,46 views,8 months ago,17:40,Arizona Law Group
community property arizona divorce,14,Gy8LaM8ZFiI,How Arizona Divides Property in a Divorce: Community Property Explained,55 views,2 months ago,3:25,SampairGroup
community property arizona divorce,15,NZEkVcz860Y,Understanding Arizona Community Property,14 views,5 months ago,1:56,Turner Law AZ
