Top pages,Impressions
https://www.johnsonlgroup.com/blog/2021/october/what-is-a-civil-union-in-colorado/,117435
https://www.johnsonlgroup.com/colorado/locations/denver/divorce/,3948
https://www.johnsonlgroup.com/blog/2025/december/divorce-and-social-security-benefits-in-colorado/,1852
https://www.johnsonlgroup.com/blog/2021/december/navigating-the-family-support-registry-in-colorado/,1740
https://www.johnsonlgroup.com/,1100
https://www.johnsonlgroup.com/blog/2024/june/enforcing-protection-orders-across-state-lines/,901
https://www.johnsonlgroup.com/blog/2021/november/what-is-colorado-springs-best-known-for/,697
https://www.johnsonlgroup.com/colorado/locations/denver/,612
https://www.johnsonlgroup.com/colorado/divorce/petitioner-vs-respondent/,572
https://www.johnsonlgroup.com/blog/2025/march/can-separation-lead-to-reconciliation/,568
https://www.johnsonlgroup.com/blog/2022/february/petitioner-vs-respondent-in-divorce-what-you-need-to-know/,567
https://www.johnsonlgroup.com/colorado/locations/denver/high-conflict-custody/,504
https://www.johnsonlgroup.com/colorado/locations/denver/child-custody/,478
https://www.johnsonlgroup.com/colorado/child-custody/temporary-order/,470
https://www.johnsonlgroup.com/blog/2024/august/what-can-happen-if-one-parent-denies-parenting-time/,427
https://www.johnsonlgroup.com/blog/2026/february/50-50-custody-in-colorado/,401
https://www.johnsonlgroup.com/blog/2021/may/what-qualifies-someone-for-spousal-support/,350
https://www.johnsonlgroup.com/blog/2021/may/what-is-the-most-common-reason-for-divorce/,331
https://www.johnsonlgroup.com/colorado/locations/colorado-springs/,321
https://www.johnsonlgroup.com/faq/,307
https://www.johnsonlgroup.com/colorado/domestic-violence/colorado-civil-protection-order-all-you-need-to-know/,273
https://www.johnsonlgroup.com/illinois/divorce-2/served-papers/,266
https://www.johnsonlgroup.com/blog/2025/december/digital-evidence-in-divorce-what-texts-emails-an/,261
https://www.johnsonlgroup.com/colorado/child-custody/parental-alienation/,249
https://www.johnsonlgroup.com/blog/2021/may/what-is-the-minimum-amount-of-child-support-in-colorado/,243
https://www.johnsonlgroup.com/blog/2024/december/protection-orders-for-domestic-violence-victims-how-they-work-and-how-to-stay-safe/,242
https://www.johnsonlgroup.com/colorado/property-division/non-marital-property/,235
https://www.johnsonlgroup.com/blog/2026/march/how-much-does-a-divorce-cost-in-colorado-2026/,222
https://www.johnsonlgroup.com/colorado/child-support/modification/,213
https://www.johnsonlgroup.com/colorado/locations/denver/orders-of-protection/,204
https://www.johnsonlgroup.com/reviews/,200
https://www.johnsonlgroup.com/blog/2022/december/foreign-and-out-of-state-child-support-orders/,186
https://www.johnsonlgroup.com/blog/2021/september/divorce-support-groups-in-colorado/,183
https://www.johnsonlgroup.com/blog/2024/june/what-happens-when-a-protection-order-is-violated/,183
https://www.johnsonlgroup.com/blog/2026/march/colorado-child-custody-laws/,183
https://www.johnsonlgroup.com/blog/2024/july/understanding-child-tax-benefits-after-divorce/,182
https://www.johnsonlgroup.com/blog/2024/july/child-custody-considerations-for-vacation-and-travel-plans/,177
https://www.johnsonlgroup.com/colorado/child-custody/modification/,173
https://www.johnsonlgroup.com/practice-areas/family-law/,171
https://www.johnsonlgroup.com/blog/2025/august/navigating-virtual-visitation-rights-in-colorado/,163
https://www.johnsonlgroup.com/colorado/locations/denver/modification/,157
https://www.johnsonlgroup.com/blog/2021/july/what-qualifies-as-an-unfit-parent-in-colorado/,153
https://www.johnsonlgroup.com/colorado/child-support/how-to-file/,152
https://www.johnsonlgroup.com/colorado/child-support/enforcement/,150
https://www.johnsonlgroup.com/blog/2022/february/what-are-my-rights-if-i-leave-the-marital-home/,148
https://www.johnsonlgroup.com/practice-areas/family-law/fathers-rights/,138
https://www.johnsonlgroup.com/blog/2022/august/how-to-bulletproof-a-prenuptial-agreement/,135
https://www.johnsonlgroup.com/blog/2022/december/what-can-i-do-if-my-childs-parent-engages-in-dangerous-activity/,134
https://www.johnsonlgroup.com/blog/2024/october/how-to-file-for-joint-custody-in-colorado-2024/,133
https://www.johnsonlgroup.com/blog/2022/march/what-are-the-five-stages-of-divorce/,129
https://www.johnsonlgroup.com/colorado/locations/fort-collins/,127
https://www.johnsonlgroup.com/blog/2022/february/what-is-a-gun-trust/,117
https://www.johnsonlgroup.com/blog/2021/may/how-do-they-determine-who-gets-custody/,114
https://www.johnsonlgroup.com/colorado/child-custody/best-interest-of-child/,113
https://www.johnsonlgroup.com/colorado/locations/englewood/domestic-partnership/,110
https://www.johnsonlgroup.com/blog/2026/july/common-law-marriage-colorado-proof/,106
https://www.johnsonlgroup.com/blog/2024/september/financial-considerations-for-divorce-in-colorado-what-you-need-to-know/,103
https://www.johnsonlgroup.com/blog/2025/january/how-domestic-violence-affects-child-custody-and-visitation-rights/,102
https://www.johnsonlgroup.com/colorado/filing-for-divorce/,101
https://www.johnsonlgroup.com/blog/2022/march/mortgage-payments-and-divorce/,100
https://www.johnsonlgroup.com/colorado/divorce/social-media/,100
https://www.johnsonlgroup.com/blog/2024/august/can-alimony-be-modified-after-divorce/,97
https://www.johnsonlgroup.com/blog/2026/march/50-50-property-split-colorado-divorce/,97
https://www.johnsonlgroup.com/contact-us/,91
https://www.johnsonlgroup.com/colorado/divorce/process-duration/,88
https://www.johnsonlgroup.com/blog/2021/april/how-to-value-collectibles-for-estate-planning/,79
https://www.johnsonlgroup.com/colorado/property-division/who-gets-house/,77
https://www.johnsonlgroup.com/blog/2023/september/5-tips-for-negotiating-a-child-custody-agreement-in-colorado/,76
https://www.johnsonlgroup.com/blog/2021/may/what-questions-do-they-ask-in-divorce-court/,75
https://www.johnsonlgroup.com/blog/2022/march/what-do-judges-look-for-in-child-custody-cases/,75
https://www.johnsonlgroup.com/blog/2026/july/what-counts-as-coercive-control-in-a-colorado-child-custody-case/,74
https://www.johnsonlgroup.com/colorado/child-custody/relocating-children/,74
https://www.johnsonlgroup.com/colorado/child-custody/parenting-plans/,73
https://www.johnsonlgroup.com/colorado/locations/commerce-city/,72
https://www.johnsonlgroup.com/careers/,68
https://www.johnsonlgroup.com/blog/2023/june/what-can-be-used-against-you-in-a-divorce-in-colorado-2023/,66
https://www.johnsonlgroup.com/blog/2023/october/who-gets-the-kids-the-battle-of-child-custody/,65
https://www.johnsonlgroup.com/colorado/guardianship-1/petitioning/,64
https://www.johnsonlgroup.com/colorado/property-division/hidden-assets/,64
https://www.johnsonlgroup.com/colorado/child-support/termination/,63
https://www.johnsonlgroup.com/colorado/locations/colorado-springs/divorce/,62
https://www.johnsonlgroup.com/colorado/child-custody/termination/,61
https://www.johnsonlgroup.com/about-us/,59
https://www.johnsonlgroup.com/blog/2022/april/credit-scores-and-divorce/,58
https://www.johnsonlgroup.com/blog/2022/april/dissolution-vs-divorce-colorado-what-is-the-difference/,57
https://www.johnsonlgroup.com/illinois/locations/chicago/,56
https://www.johnsonlgroup.com/blog/2024/august/can-you-get-divorced-without-an-attorney/,55
https://www.johnsonlgroup.com/blog/2021/july/all-you-need-to-know-about-testamentary-trusts-101/,54
https://www.johnsonlgroup.com/blog/2021/may/denver-divorce-papers-101/,54
https://www.johnsonlgroup.com/blog/2022/june/estate-planning-for-widows-widowers/,54
https://www.johnsonlgroup.com/colorado/paternity-1/establishing/,52
https://www.johnsonlgroup.com/blog/2021/january/best-guardian-ad-litem-in-colorado/,51
https://www.johnsonlgroup.com/colorado/divorce/annulment/,50
https://www.johnsonlgroup.com/colorado/prenup-postnup/prenup-vs-postnup/,50
https://www.johnsonlgroup.com/blog/2022/november/colorado-domestic-violence-laws-2023/,48
https://www.johnsonlgroup.com/colorado/child-custody/grandparent-third-party-visitation/,48
https://www.johnsonlgroup.com/colorado/adoption-2-2/kinship/,47
https://www.johnsonlgroup.com/blog/2021/may/how-domestic-violence-impacts-divorce-in-colorado/,46
https://www.johnsonlgroup.com/blog/2024/september/can-a-childs-preference-influence-custody-decisions-in-colorado/,46
https://www.johnsonlgroup.com/wyoming/alimony/,46
https://www.johnsonlgroup.com/attorneys/birgit-a-almgren/,43
https://www.johnsonlgroup.com/attorneys/myles-s-johnson/,41
https://www.johnsonlgroup.com/blog/2024/august/how-domestic-violence-impacts-child-custody-in-colorado/,41
https://www.johnsonlgroup.com/practice-areas/immigration-law/,41
https://www.johnsonlgroup.com/colorado/locations/fort-collins/domestic-partnership/,40
https://www.johnsonlgroup.com/blog/2021/april/mental-health-issues-and-divorce/,39
https://www.johnsonlgroup.com/colorado/locations/denver/alimony/,39
https://www.johnsonlgroup.com/blog/2024/october/what-are-the-rights-of-grandparents-if-one-or-both-parents-are-deceased/,38
https://www.johnsonlgroup.com/colorado/guardianship-1/minor/,38
https://www.johnsonlgroup.com/wyoming/locations/cheyenne/uncontested-divorce/,38
https://www.johnsonlgroup.com/blog/2022/december/protect-your-childrens-inheritance-with-a-lifetime-asset-protection-trust/,37
https://www.johnsonlgroup.com/blog/2026/june/temporary-orders-divorce/,37
https://www.johnsonlgroup.com/attorneys/said-sharbini/,36
https://www.johnsonlgroup.com/blog/2021/october/does-colorado-recognize-domestic-partnerships/,35
https://www.johnsonlgroup.com/blog/2022/january/how-to-file-for-custody-of-a-child-in-colorado-in-2023/,35
https://www.johnsonlgroup.com/blog/2022/january/understanding-the-different-types-of-wills/,35
https://www.johnsonlgroup.com/colorado/divorce/common-law-marriage/,35
https://www.johnsonlgroup.com/blog/2021/may/legal-separation-vs-divorce-in-colorado-a-complete-guide/,34
https://www.johnsonlgroup.com/blog/2026/july/contested-vs-uncontested-divorce-colorado/,34
https://www.johnsonlgroup.com/colorado/divorce/how-long/,34
https://www.johnsonlgroup.com/colorado/locations/denver/property-division/,34
https://www.johnsonlgroup.com/guardianship/,34
https://www.johnsonlgroup.com/blog/2024/november/navigating-child-custody-issues-through-divorce-mediation/,33
https://www.johnsonlgroup.com/blog/2025/january/protective-measures-for-children-in-divorces-involving-substance-abuse/,33
https://www.johnsonlgroup.com/colorado/child-custody/emergency-custody-orders/,33
https://www.johnsonlgroup.com/attorneys/heidi-whitaker/,32
https://www.johnsonlgroup.com/colorado/child-custody/role-guardian-ad-litem-gal/,32
https://www.johnsonlgroup.com/blog/2022/december/rights-of-custodial-parent-vs-non-custodial-parent-in-colorado-2023/,31
https://www.johnsonlgroup.com/blog/2022/september/writing-a-last-will-and-testament/,31
https://www.johnsonlgroup.com/blog/2022/february/terminating-parental-rights-under-colorado-law-what-you-need-to-know/,30
https://www.johnsonlgroup.com/blog/2023/may/most-common-examples-of-parental-alienation-in-colorado-2023/,30
https://www.johnsonlgroup.com/colorado/locations/denver/high-net-worth-divorce/,30
https://www.johnsonlgroup.com/adoption/,29
https://www.johnsonlgroup.com/blog/2024/may/what-protections-does-a-protection-order-provide/,29
https://www.johnsonlgroup.com/colorado/locations/englewood/,29
https://www.johnsonlgroup.com/blog/2024/august/understanding-the-90-day-separation-period-in-colorado/,28
https://www.johnsonlgroup.com/blog/2022/april/top-10-sneaky-divorce-tactics-in-colorado-and-how-to-avoid-them/,27
https://www.johnsonlgroup.com/blog/2021/august/cost-of-probate-in-colorado/,26
https://www.johnsonlgroup.com/blog/2021/october/colorado-custody-laws-for-unmarried-parents/,26
https://www.johnsonlgroup.com/colorado/property-division/community-property-state/,26
https://www.johnsonlgroup.com/illinois/,26
https://www.johnsonlgroup.com/blog/2021/february/can-my-child-decide-who-they-want-to-live-with/,25
https://www.johnsonlgroup.com/colorado/child-custody/child-preference-age/,25
https://www.johnsonlgroup.com/divorce/,25
https://www.johnsonlgroup.com/blog/2021/june/can-a-small-estate-avoid-probate-in-colorado/,24
https://www.johnsonlgroup.com/blog/2025/january/2025-colorado-legal-internship-for-high-school-students/,24
https://www.johnsonlgroup.com/blog/2026/january/skiing-sports-and-stem-handling-extracurricular/,24
https://www.johnsonlgroup.com/colorado/locations/denver/child-support/,24
https://www.johnsonlgroup.com/blog/2021/april/how-is-child-support-calculated-in-colorado/,23
https://www.johnsonlgroup.com/blog/2022/september/colorado-common-law-marriage-2023-all-you-need-to-know/,23
https://www.johnsonlgroup.com/attorneys/genet-t-johnson/,22
https://www.johnsonlgroup.com/blog/2022/march/divorce-facts-in-colorado-everything-you-need-to-know/,22
https://www.johnsonlgroup.com/blog/2023/november/navigating-the-financial-costs-of-divorce-in-colorado/,22
https://www.johnsonlgroup.com/colorado/locations/colorado-springs/domestic-partnership/,22
https://www.johnsonlgroup.com/blog/2021/november/what-does-allocation-of-parental-rights-mean-in-colorado/,21
https://www.johnsonlgroup.com/colorado/alimony/avoid-paying/,21
https://www.johnsonlgroup.com/illinois/divorce-2/uncontested-timeline/,21
https://www.johnsonlgroup.com/blog/2022/june/protecting-generational-wealth-during-your-divorce/,20
https://www.johnsonlgroup.com/blog/2022/june/spending-of-marital-assets-before-or-during-a-divorce/,20
https://www.johnsonlgroup.com/blog/2022/october/create-a-personal-property-memorandum/,20
https://www.johnsonlgroup.com/colorado/locations/colorado-springs/high-conflict-custody/,20
https://www.johnsonlgroup.com/blog/2021/february/what-is-a-guardian-ad-litem/,19
https://www.johnsonlgroup.com/blog/2021/april/alcoholism-and-child-custody/,18
https://www.johnsonlgroup.com/blog/2022/february/how-to-avoid-paying-spousal-support-in-colorado-strategies-and-legal-tips/,18
https://www.johnsonlgroup.com/blog/2024/march/understanding-guardianship-for-minors-in-colorado/,18
https://www.johnsonlgroup.com/blog/2026/july/abuse-coercive-control-alimony-colorado/,18
https://www.johnsonlgroup.com/colorado/property-division/colorado-equitable-distribution/,18
https://www.johnsonlgroup.com/blog/2022/june/what-constitutes-a-substantial-change-in-circumstance/,17
https://www.johnsonlgroup.com/blog/2022/march/family-business-and-divorce/,17
https://www.johnsonlgroup.com/attorneys/,16
https://www.johnsonlgroup.com/blog/2021/january/is-colorado-a-community-property-state/,16
https://www.johnsonlgroup.com/blog/2023/october/the-advantages-of-primary-physical-custody/,16
https://www.johnsonlgroup.com/blog/2026/august/child-relocation-colorado/,16
https://www.johnsonlgroup.com/colorado/paternity/establishing-paternity/,16
https://www.johnsonlgroup.com/denver-wills-lawyer/,16
https://www.johnsonlgroup.com/wyoming/,16
https://www.johnsonlgroup.com/colorado/locations/colorado-springs/prenup-postnup/,15
https://www.johnsonlgroup.com/florida/,15
https://www.johnsonlgroup.com/practice-areas/family-law/separation-agreements/,15
https://www.johnsonlgroup.com/blog/2021/april/how-to-calculate-income-for-child-support-and-alimony-in-colorado/,14
https://www.johnsonlgroup.com/blog/2023/october/why-a-marital-agreement-can-be-a-smart-decision-for-couples/,14
https://www.johnsonlgroup.com/colorado/,14
https://www.johnsonlgroup.com/colorado/locations/colorado-springs/orders-of-protection/,14
https://www.johnsonlgroup.com/colorado/property-division/marital-vs-separate-property/,14
https://www.johnsonlgroup.com/blog/2021/november/revocable-vs-irrevocable-trust/,13
https://www.johnsonlgroup.com/blog/2024/january/2024-colorado-legal-internship-for-high-school-students/,13
https://www.johnsonlgroup.com/blog/2026/july/child-refuses-parenting-time-colorado/,13
https://www.johnsonlgroup.com/colorado/areas-served/adams-county/,13
https://www.johnsonlgroup.com/colorado/locations/commerce-city/uncontested-divorce/,13
https://www.johnsonlgroup.com/illinois/locations/chicago/military-divorce/,13
https://www.johnsonlgroup.com/blog/2026/july/served-divorce-papers-colorado-what-to-do/,12
https://www.johnsonlgroup.com/blog/2025/february/understanding-tax-implications-in-high-net-worth-divorces/,11
https://www.johnsonlgroup.com/colorado/alimony/calculator/,11
https://www.johnsonlgroup.com/colorado/child-support/child-support-enforcement/,11
https://www.johnsonlgroup.com/locations/,11
https://www.johnsonlgroup.com/wyoming/locations/cheyenne/,11
https://johnsonlgroup.com/,10
https://www.johnsonlgroup.com/blog/2021/april/pros-and-cons-of-divorce-mediation/,10
https://www.johnsonlgroup.com/blog/2021/april/understanding-alimony-in-colorado/,10
https://www.johnsonlgroup.com/blog/2022/may/student-loans-and-divorce/,10
https://www.johnsonlgroup.com/blog/2026/february/mediation-vs-court-litigation/,10
https://www.johnsonlgroup.com/illinois/locations/chicago/child-support/,10
https://www.johnsonlgroup.com/wyoming/guardianship/,10
https://www.johnsonlgroup.com/blog/2022/april/annulment-vs-divorce-in-colorado-what-is-the-difference/,9
https://www.johnsonlgroup.com/blog/2024/november/7-steps-before-you-ask-for-a-divorce/,9
https://www.johnsonlgroup.com/blog/2025/january/the-difference-between-guardianship-and-conservatorship/,9
https://www.johnsonlgroup.com/blog/2026/july/how-divorce-mediation-works-in-colorado/,9
https://www.johnsonlgroup.com/colorado/alimony/long-term-spousal-support/,9
https://www.johnsonlgroup.com/colorado/paternity/challenging-paternity/,9
https://www.johnsonlgroup.com/illinois/locations/chicago/fathers-rights/,9
https://www.johnsonlgroup.com/wyoming/locations/cheyenne/child-custody/,9
https://www.johnsonlgroup.com/blog/2021/may/how-to-get-custody-of-a-child-in-colorado/,8
https://www.johnsonlgroup.com/blog/2024/august/navigating-back-to-school-season-with-child-custody/,8
https://www.johnsonlgroup.com/blog/2026/january/how-to-successfully-navigate-a-divorce-in-colora/,8
https://www.johnsonlgroup.com/colorado/divorce/laws/,8
https://www.johnsonlgroup.com/colorado/guardianship/,8
https://www.johnsonlgroup.com/colorado/locations/fort-collins/child-support/,8
https://www.johnsonlgroup.com/attorneys/kristina-a-contreras/,7
https://www.johnsonlgroup.com/blog/2024/june/building-a-family-through-love-same-sex-adoption-in-colorado/,7
https://www.johnsonlgroup.com/blog/2024/march/a-roadmap-to-divorce-in-colorado/,7
https://www.johnsonlgroup.com/blog/2025/december/modifying-spousal-maintenance-alimony-after-a-di/,7
https://www.johnsonlgroup.com/blog/2026/july/no-response-divorce-petition-colorado/,7
https://www.johnsonlgroup.com/colorado/divorce/legal-separation/,7
https://www.johnsonlgroup.com/colorado/locations/commerce-city/divorce/,7
https://www.johnsonlgroup.com/colorado/locations/fort-collins/uncontested-divorce/,7
https://www.johnsonlgroup.com/paternity/,7
https://www.johnsonlgroup.com/videos/consultation/,7
https://www.johnsonlgroup.com/wyoming/child-support/,7
https://www.johnsonlgroup.com/wyoming/prenup-postnup/,7
https://www.johnsonlgroup.com/alimony/,6
https://www.johnsonlgroup.com/attorneys/heidi-noll/,6
https://www.johnsonlgroup.com/blog/2022/july/unique-divorce-issues-for-executives-and-shareholders/,6
https://www.johnsonlgroup.com/blog/2024/december/how-to-apply-for-guardianship-of-a-minor-step-by-step-guide/,6
https://www.johnsonlgroup.com/blog/2026/march/2026-family-law-intership/,6
https://www.johnsonlgroup.com/colorado/child-custody/visitation-rights-schedule-options/,6
https://www.johnsonlgroup.com/colorado/locations/colorado-springs/alimony/,6
https://www.johnsonlgroup.com/colorado/locations/fort-collins/child-custody/,6
https://www.johnsonlgroup.com/colorado/prenup-postnup/,6
https://www.johnsonlgroup.com/denver-criminal-defense-lawyer/,6
https://www.johnsonlgroup.com/denver-trusts-lawyer/,6
https://www.johnsonlgroup.com/property-division/,6
https://www.johnsonlgroup.com/attorneys/jason-thacher/,5
https://www.johnsonlgroup.com/attorneys/shannon-m-okeefe/,5
https://www.johnsonlgroup.com/blog/2026/july/modifying-custody-orders-colorado-2026-guide/,5
https://www.johnsonlgroup.com/blog/2026/march/how-to-file-for-divorce-in-colorado-a-step-by-step-guide-for-2026/,5
https://www.johnsonlgroup.com/colorado/locations/,5
https://www.johnsonlgroup.com/colorado/locations/colorado-springs/paternity/,5
https://www.johnsonlgroup.com/colorado/locations/commerce-city/divorce-mediation-lawyer/,5
https://www.johnsonlgroup.com/colorado/locations/fort-collins/orders-of-protection/,5
https://www.johnsonlgroup.com/colorado/locations/fort-collins/property-division/,5
https://www.johnsonlgroup.com/es/contactanos/,5
https://www.johnsonlgroup.com/blog/,4
https://www.johnsonlgroup.com/blog/2021/february/how-to-pass-on-the-family-home/,4
https://www.johnsonlgroup.com/blog/2026/july/colorado-separation-agreement-what-to-include/,4
https://www.johnsonlgroup.com/blog/2026/july/who-claims-child-taxes-after-divorce-colorado/,4
https://www.johnsonlgroup.com/blog/2026/june/what-to-do-before-filing-divorce/,4
https://www.johnsonlgroup.com/colorado/divorce/contested/,4
https://www.johnsonlgroup.com/colorado/locations/colorado-springs/high-net-worth-divorce/,4
https://www.johnsonlgroup.com/colorado/locations/commerce-city/alimony/,4
https://www.johnsonlgroup.com/colorado/locations/denver/domestic-partnership/,4
https://www.johnsonlgroup.com/colorado/locations/englewood/divorce-mediation/,4
https://www.johnsonlgroup.com/colorado/locations/fort-collins/high-net-worth-divorce/,4
https://www.johnsonlgroup.com/colorado/locations/fort-collins/modification/,4
https://www.johnsonlgroup.com/denver-estate-planning-lawyer/,4
https://www.johnsonlgroup.com/es/,4
https://www.johnsonlgroup.com/es/abogados/heidi-whitaker/,4
https://www.johnsonlgroup.com/practice-areas/family-law/spousal-maintenance/,4
https://www.johnsonlgroup.com/wyoming/locations/cheyenne/military-divorce/,4
https://www.johnsonlgroup.com/wyoming/locations/cheyenne/same-sex-divorce/,4
https://www.johnsonlgroup.com/attorneys/anne-e-hinds/,3
https://www.johnsonlgroup.com/attorneys/anthony-stoeter/,3
https://www.johnsonlgroup.com/attorneys/melody-anchietta/,3
https://www.johnsonlgroup.com/attorneys/taylor-k-brice/,3
https://www.johnsonlgroup.com/blog/2021/july/annulments-101-in-colorado/,3
https://www.johnsonlgroup.com/blog/2022/january/what-is-a-protection-order-and-do-i-need-one/,3
https://www.johnsonlgroup.com/blog/2025/june/the-impact-of-job-loss-on-child-support-obligations/,3
https://www.johnsonlgroup.com/blog/2025/october/high-conflict-divorce-and-child-custody-strategies-for-co-parenting/,3
https://www.johnsonlgroup.com/blog/2025/september/understanding-legal-and-physical-custody-in-colorado/,3
https://www.johnsonlgroup.com/blog/2026/july/high-conflict-divorce-in-colorado/,3
https://www.johnsonlgroup.com/colorado/areas-served/adams-county/brighton/,3
https://www.johnsonlgroup.com/colorado/divorce/divorce-mediation/,3
https://www.johnsonlgroup.com/colorado/divorce/military-divorce/,3
https://www.johnsonlgroup.com/colorado/locations/colorado-springs/child-custody/,3
https://www.johnsonlgroup.com/colorado/locations/commerce-city/modification/,3
https://www.johnsonlgroup.com/colorado/locations/denver/military-divorce/,3
https://www.johnsonlgroup.com/colorado/locations/fort-collins/alimony/,3
https://www.johnsonlgroup.com/colorado/locations/fort-collins/prenup-postnup/,3
https://www.johnsonlgroup.com/colorado/locations/windsor-family-law-lawyers/,3
https://www.johnsonlgroup.com/es/abogados/,3
https://www.johnsonlgroup.com/illinois/guardianship/,3
https://www.johnsonlgroup.com/payments/,3
https://www.johnsonlgroup.com/prenup-postnup/,3
https://www.johnsonlgroup.com/privacy-policy/,3
https://www.johnsonlgroup.com/videos/our-story/,3
https://www.johnsonlgroup.com/wp-content/uploads/2026/03/Divorce-Cost-In-Colorado-2026.png,3
https://www.johnsonlgroup.com/wyoming/child-custody/,3
https://www.johnsonlgroup.com/wyoming/locations/cheyenne/divorce-mediation/,3
https://www.johnsonlgroup.com/wyoming/locations/cheyenne/fathers-right/,3
https://www.johnsonlgroup.com/wyoming/locations/cheyenne/mediation/,3
https://johnsonlgroup.com/new-client-consult/,2
https://www.johnsonlgroup.com/attorneys/taylor-g-goldschmidt/,2
https://www.johnsonlgroup.com/blog/2021/january/guide-to-child-custody-in-colorado/,2
https://www.johnsonlgroup.com/blog/2021/may/how-does-a-pour-over-will-work/,2
https://www.johnsonlgroup.com/blog/2022/july/colorado-divorce-laws-for-division-of-property-2023/,2
https://www.johnsonlgroup.com/blog/2023/august/how-to-file-for-divorce-in-colorado-attorney-2023-guide/,2
https://www.johnsonlgroup.com/blog/2023/december/demystifying-a-colorado-divorce-a-step-by-step-guide-for-coloradans/,2
https://www.johnsonlgroup.com/blog/2023/march/johnson-law-group-colorado-announces-new-office-in-chicago-illinois/,2
https://www.johnsonlgroup.com/blog/2023/may/johnson-law-group-colorado-family-law-firm-partners/,2
https://www.johnsonlgroup.com/blog/2023/november/child-custody-modifications-during-the-holidays/,2
https://www.johnsonlgroup.com/blog/2023/november/get-help-with-a-protection-order-from-a-family-law-attorney/,2
https://www.johnsonlgroup.com/blog/2023/october/a-guide-to-shifting-smoothly-through-the-denver-family-court/,2
https://www.johnsonlgroup.com/blog/2024/august/meet-heidi-whitaker-lead-family-law-attorney-in-new-wyoming-office/,2
https://www.johnsonlgroup.com/blog/2024/september/johnson-law-groups-divorce-process-in-colorado/,2
https://www.johnsonlgroup.com/blog/2026/july/deny-parenting-time-unpaid-child-support-colorado/,2
https://www.johnsonlgroup.com/blog/2026/june/colorado-divorce-process/,2
https://www.johnsonlgroup.com/colorado-springs-property-division-lawyer/,2
https://www.johnsonlgroup.com/colorado/adoption/,2
https://www.johnsonlgroup.com/colorado/alimony/,2
https://www.johnsonlgroup.com/colorado/areas-served/jefferson-county/,2
https://www.johnsonlgroup.com/colorado/child-custody/,2
https://www.johnsonlgroup.com/colorado/child-custody/sole-custody/,2
https://www.johnsonlgroup.com/colorado/child-support/,2
https://www.johnsonlgroup.com/colorado/child-support/tax-implications/,2
https://www.johnsonlgroup.com/colorado/divorce/collaborative-divorce/,2
https://www.johnsonlgroup.com/colorado/family-law-webinar/,2
https://www.johnsonlgroup.com/colorado/guardianship/temporary-guardianship/,2
https://www.johnsonlgroup.com/colorado/locations/colorado-springs/property-division/,2
https://www.johnsonlgroup.com/colorado/locations/commerce-city/child-custody/,2
https://www.johnsonlgroup.com/colorado/locations/denver/contested-divorce/,2
https://www.johnsonlgroup.com/colorado/locations/denver/same-sex-divorce/,2
https://www.johnsonlgroup.com/colorado/locations/englewood/high-net-worth-divorce/,2
https://www.johnsonlgroup.com/colorado/locations/englewood/property-division/,2
https://www.johnsonlgroup.com/colorado/locations/fort-collins/high-conflict-custody/,2
https://www.johnsonlgroup.com/es/abogados/amber-harrison/,2
https://www.johnsonlgroup.com/es/abogados/anne-e-hinds/,2
https://www.johnsonlgroup.com/es/abogados/genet-t-johnson/,2
https://www.johnsonlgroup.com/family-based-immigration/,2
https://www.johnsonlgroup.com/florida/child-support/,2
https://www.johnsonlgroup.com/florida/contact-us/,2
https://www.johnsonlgroup.com/florida/locations/,2
https://www.johnsonlgroup.com/florida/locations/boca-raton/divorce-mediation/,2
https://www.johnsonlgroup.com/fort-collins-contested-divorce-lawyer/,2
https://www.johnsonlgroup.com/illinois/contact-us/,2
https://www.johnsonlgroup.com/illinois/divorce-2/private-divorce/,2
https://www.johnsonlgroup.com/illinois/domestic-violence/restraining-orders/,2
https://www.johnsonlgroup.com/illinois/locations/,2
https://www.johnsonlgroup.com/illinois/locations/chicago/modifications/,2
https://www.johnsonlgroup.com/practice-areas/criminal-defense/,2
https://www.johnsonlgroup.com/practice-areas/family-law/parental-rights/,2
https://www.johnsonlgroup.com/wp-content/uploads/2026/03/How-Much-Does-a-Divorce-Cost-in-Colorado-Fees-Attorney-Costs-Ways-to-Save-3.25.26.png,2
https://www.johnsonlgroup.com/wyoming/locations/cheyenne/modifications/,2
https://www.johnsonlgroup.com/wyoming/locations/cheyenne/separation-agreement/,2
https://www.johnsonlgroup.com/wyoming/paternity/,2
https://www.johnsonlgroup.com/wyoming/property-division/,2
http://www.johnsonlgroup.com/,1
https://www.johnsonlgroup.com/attorneys/amber-harrison/,1
https://www.johnsonlgroup.com/attorneys/myron-l-latney-jr/,1
https://www.johnsonlgroup.com/attorneys/shana-d-velez/,1
https://www.johnsonlgroup.com/blog/2021/january/divorcing-with-a-special-needs-child/,1
https://www.johnsonlgroup.com/blog/2021/october/how-long-does-a-divorce-take-in-colorado/,1
https://www.johnsonlgroup.com/blog/2021/october/what-are-a-fathers-rights-in-colorado/,1
https://www.johnsonlgroup.com/blog/2021/september/how-to-file-for-grandparents-rights-in-colorado/,1
https://www.johnsonlgroup.com/blog/2022/april/second-marriages-and-estate-planning/,1
https://www.johnsonlgroup.com/blog/2022/february/colorado-child-custody-modification/,1
https://www.johnsonlgroup.com/blog/2022/february/filing-for-military-divorce/,1
https://www.johnsonlgroup.com/blog/2022/july/estate-planning-law-and-your-family/,1
https://www.johnsonlgroup.com/blog/2023/april/myles-johnson-career-highlight/,1
https://www.johnsonlgroup.com/blog/2023/december/are-there-limitations-on-post-nuptial-agreements-in-colorado/,1
https://www.johnsonlgroup.com/blog/2023/february/colorado-civil-protection-order-all-you-need-to-know/,1
https://www.johnsonlgroup.com/blog/2023/july/collaborative-divorce-in-denver-another-way-to-end-your-marriage/,1
https://www.johnsonlgroup.com/blog/2023/june/20-off-estate-planning-services-for-fathers-day/,1
https://www.johnsonlgroup.com/blog/2023/november/navigating-the-path-to-dissolution-of-marriage/,1
https://www.johnsonlgroup.com/blog/2024/december/why-the-cost-of-a-divorce-causes-some-couples-to-stay-married/,1
https://www.johnsonlgroup.com/blog/2024/february/a-comprehensive-guide-the-process-of-obtaining-a-protection-order-in-colorado/,1
https://www.johnsonlgroup.com/blog/2024/february/valentines-day-offer-free-family-law-attorney-consultation/,1
https://www.johnsonlgroup.com/blog/2024/july/standing-by-their-side-supporting-military-families-this-fourth-of-july/,1
https://www.johnsonlgroup.com/blog/2024/march/understanding-colorado-divorce-laws-grounds-for-divorce/,1
https://www.johnsonlgroup.com/blog/2024/november/navigating-custody-arrangements-how-to-get-more-parenting-time-with-your-child/,1
https://www.johnsonlgroup.com/blog/2025/august/understanding-child-custody-modifications-what-courts-consider-and-how-parents-can-stay-involved/,1
https://www.johnsonlgroup.com/blog/2025/december/december-getting-help-while-in-an-abusive-relationship-wi/,1
https://www.johnsonlgroup.com/blog/2025/february/pros-and-cons-of-divorce/,1
https://www.johnsonlgroup.com/blog/2025/may/protecting-bitcoin-and-digital-assets-in-a-colorado-divorce-a-guide-for-high-net-worth-individuals/,1
https://www.johnsonlgroup.com/blog/2026/august/colorado-child-custody-parental-responsibilities/,1
https://www.johnsonlgroup.com/blog/2026/august/modify-parenting-plan-colorado/,1
https://www.johnsonlgroup.com/blog/2026/february/hiring-johnson-law-group-for-family-law/,1
https://www.johnsonlgroup.com/blog/2026/january/post-divorce-financial-planning-tips-for-colorad/,1
https://www.johnsonlgroup.com/child-custody/,1
https://www.johnsonlgroup.com/colorado/areas-served/adams-county/northglenn/,1
https://www.johnsonlgroup.com/colorado/areas-served/arapahoe-county/,1
https://www.johnsonlgroup.com/colorado/areas-served/arapahoe-county/greenwood-village/,1
https://www.johnsonlgroup.com/colorado/areas-served/arapahoe-county/littleton/,1
https://www.johnsonlgroup.com/colorado/areas-served/denver-county/,1
https://www.johnsonlgroup.com/colorado/areas-served/jefferson-county/arvada/,1
https://www.johnsonlgroup.com/colorado/areas-served/jefferson-county/golden/,1
https://www.johnsonlgroup.com/colorado/areas-served/jefferson-county/lakewood/,1
https://www.johnsonlgroup.com/colorado/areas-served/jefferson-county/wheat-ridge/,1
https://www.johnsonlgroup.com/colorado/attorneys/lara-m-rausch/,1
https://www.johnsonlgroup.com/colorado/attorneys/myron-l-latney-jr/,1
https://www.johnsonlgroup.com/colorado/attorneys/shana-d-velez/,1
https://www.johnsonlgroup.com/colorado/divorce/uncontested-divorce/,1
https://www.johnsonlgroup.com/colorado/guardianship-1/guardianship-vs-conservatorship/,1
https://www.johnsonlgroup.com/colorado/locations/colorado-springs/modification/,1
https://www.johnsonlgroup.com/colorado/locations/commerce-city/domestic-partnership/,1
https://www.johnsonlgroup.com/colorado/locations/denver/high-conflict-child-custody/,1
https://www.johnsonlgroup.com/colorado/locations/denver/spousal-maintenance/,1
https://www.johnsonlgroup.com/colorado/locations/englewood/alimony/,1
https://www.johnsonlgroup.com/colorado/locations/englewood/high-conflict-custody/,1
https://www.johnsonlgroup.com/colorado/locations/englewood/modification/,1
https://www.johnsonlgroup.com/colorado/locations/englewood/orders-of-protection/,1
https://www.johnsonlgroup.com/colorado/locations/englewood/uncontested-divorce/,1
https://www.johnsonlgroup.com/colorado/locations/timnath/,1
https://www.johnsonlgroup.com/colorado/paternity/,1
https://www.johnsonlgroup.com/es/abogados/kristina-a-contreras/,1
https://www.johnsonlgroup.com/es/abogados/myles-s-johnson/,1
https://www.johnsonlgroup.com/es/abogados/taylor-k-brice/,1
https://www.johnsonlgroup.com/florida/alimony/,1
https://www.johnsonlgroup.com/florida/divorce/modifications/,1
https://www.johnsonlgroup.com/florida/guardianship/,1
https://www.johnsonlgroup.com/florida/locations/boca-raton/,1
https://www.johnsonlgroup.com/florida/locations/boca-raton/child-custody/,1
https://www.johnsonlgroup.com/florida/locations/boca-raton/divorce/,1
https://www.johnsonlgroup.com/florida/locations/boca-raton/military-divorce/,1
https://www.johnsonlgroup.com/florida/locations/boca-raton/uncontested-divorce/,1
https://www.johnsonlgroup.com/illinois/child-custody-backup/filing-parental-responsibilities/,1
https://www.johnsonlgroup.com/illinois/divorce-2/grounds/,1
https://www.johnsonlgroup.com/illinois/divorce-2/stages-of-divorce/,1
https://www.johnsonlgroup.com/illinois/domestic-violence/orders-of-protection/,1
https://www.johnsonlgroup.com/illinois/locations/chicago/divorce-mediation/,1
https://www.johnsonlgroup.com/resources/,1
https://www.johnsonlgroup.com/videos/attorneys-and-staff/amber-harrison/,1
https://www.johnsonlgroup.com/videos/attorneys-and-staff/kristina-contreras/,1
https://www.johnsonlgroup.com/videos/attorneys-and-staff/myles-johnson/,1
https://www.johnsonlgroup.com/videos/attorneys-and-staff/myron-latney/,1
https://www.johnsonlgroup.com/videos/attorneys-and-staff/shannon-okeefe/,1
https://www.johnsonlgroup.com/videos/our-story/heidi-whitaker/,1
https://www.johnsonlgroup.com/videos/video-page/attorney-fees/,1
https://www.johnsonlgroup.com/videos/webinars/,1
https://www.johnsonlgroup.com/wp-content/uploads/2025/10/2025-Summer-High-School-Internship-Blog-1.15.25.jpg,1
https://www.johnsonlgroup.com/wp-content/uploads/2025/10/Mainstage-Video-Bg-245.jpg,1
https://www.johnsonlgroup.com/wp-content/uploads/2025/10/image2.2502241137465.jpg,1
https://www.johnsonlgroup.com/wp-content/uploads/2025/10/img-214651.jpg,1
https://www.johnsonlgroup.com/wp-content/uploads/2025/10/img-2151565.jpg,1
https://www.johnsonlgroup.com/wp-content/uploads/2025/10/myles-genet-img-5445.jpg,1
https://www.johnsonlgroup.com/wp-content/uploads/2025/10/myles-genet-img.2502251240298.jpg,1
https://www.johnsonlgroup.com/wp-content/uploads/2026/01/Myles-Johnson-NEW-45.png,1
https://www.johnsonlgroup.com/wp-content/uploads/2026/01/cnecf0fbffu.jpg,1
https://www.johnsonlgroup.com/wp-content/uploads/2026/02/50-50-Schedule-1024x716.png,1
https://www.johnsonlgroup.com/wp-content/uploads/2026/02/5050-Blog-Post.png,1
https://www.johnsonlgroup.com/wp-content/uploads/2026/02/Mediation-vs-Court-Attorney-Taylor-Brice.png,1
https://www.johnsonlgroup.com/wp-content/uploads/2026/03/JLG-Internship-Blog-Creative-3.23.26-scaled.png,1
https://www.johnsonlgroup.com/wyoming/adoption/,1
https://www.johnsonlgroup.com/wyoming/divorce/,1
https://www.johnsonlgroup.com/wyoming/locations/,1
https://www.johnsonlgroup.com/wyoming/locations/cheyenne/divorce/,1